add_cm,add_pass,adds_cm,adds_pass,diam_cm,frame,obj,ok,rot_err,strategy,t_err_cm,time_ms,top_k
12.478778551445844,False,0.2893472751709155,True,17.206263473805112,0000000.txt,ob_0000001,True,179.49973664897888,random,0.07401386642422907,367.4890995025635,1
12.44482593909388,False,0.3202637504506379,True,17.206263473805112,0000001.txt,ob_0000001,True,179.01897378522733,random,0.20968628030061187,239.61186408996582,1
13.094270954731464,False,5.269059423396811,False,17.206263473805112,0000002.txt,ob_0000001,True,106.90846287704521,random,7.746044389067941,244.68421936035156,1
11.322428574239,False,3.1963291919610235,False,17.206263473805112,0000003.txt,ob_0000001,True,97.03462395422544,random,5.938337588082333,248.1377124786377,1
5.100140863936672,False,0.304704529228878,True,17.206263473805112,0000004.txt,ob_0000001,True,78.69391703089114,random,0.2514064089923516,263.38696479797363,1
11.20436724458662,False,3.0252899480617277,False,17.206263473805112,0000005.txt,ob_0000001,True,121.87925024454067,random,3.5157895078673027,234.21216011047363,1
15.095232413373116,False,8.50378406299503,False,17.206263473805112,0000006.txt,ob_0000001,True,87.21264032103696,random,11.553003283690309,241.31464958190918,1
10.88160573190206,False,2.175901359081509,False,17.206263473805112,0000007.txt,ob_0000001,True,110.93073340433962,random,4.3646301772017155,234.10463333129883,1
12.493521281163904,False,0.31336920930940926,True,17.206263473805112,0000008.txt,ob_0000001,True,178.56378092727286,random,0.20609387133281826,266.9496536254883,1
11.10693180990171,False,4.155758340757529,False,17.206263473805112,0000009.txt,ob_0000001,True,126.27407589404332,random,7.387938534187254,307.0042133331299,1
11.917442168527968,False,4.164098443126506,False,17.206263473805112,0000010.txt,ob_0000001,True,177.58969541745432,random,6.804103384696972,265.9718990325928,1
12.477404187063744,False,0.3283363667436904,True,17.206263473805112,0000011.txt,ob_0000001,True,178.11017726838313,random,0.32132308683628924,254.14037704467773,1
13.856667189093416,False,6.745053842320198,False,17.206263473805112,0000012.txt,ob_0000001,True,115.5130463244535,random,10.246802460396534,378.34715843200684,1
11.833976949330545,False,1.9712787493797208,False,17.206263473805112,0000013.txt,ob_0000001,True,168.03483134646598,random,3.405542052103325,258.6829662322998,1
12.07968944483631,False,5.151238863600865,False,17.206263473805112,0000014.txt,ob_0000001,True,102.57465026421023,random,7.362256477267695,245.52202224731445,1
10.67909526154681,False,2.1496183916029787,False,17.206263473805112,0000015.txt,ob_0000001,True,96.30876496711231,random,4.223442665982705,253.7384033203125,1
10.036676349228488,False,1.8745022744222701,False,17.206263473805112,0000000.txt,ob_0000001,True,90.19636378442176,random,3.9748646486488015,286.99469566345215,3
11.565053344658224,False,4.011121228941676,False,17.206263473805112,0000001.txt,ob_0000001,True,100.69155139954151,random,5.822722022829768,272.1991539001465,3
12.442399468849304,False,0.27768856357303495,True,17.206263473805112,0000002.txt,ob_0000001,True,178.52363500690427,random,0.15838553491749932,378.1626224517822,3
9.430956737020772,False,2.654113962148224,False,17.206263473805112,0000003.txt,ob_0000001,True,78.20988874759378,random,5.6608362548226525,344.8607921600342,3
13.10850232304161,False,3.8613004980436125,False,17.206263473805112,0000004.txt,ob_0000001,True,148.73597207853535,random,6.104909732873498,319.04006004333496,3
12.663087262494782,False,4.874812416966344,False,17.206263473805112,0000005.txt,ob_0000001,True,94.14563466529553,random,7.780229122640692,289.5488739013672,3
13.447263992295005,False,5.789751586824207,False,17.206263473805112,0000006.txt,ob_0000001,True,103.99218079882488,random,8.555940795530525,271.5122699737549,3
12.451456669703408,False,0.3305335642763785,True,17.206263473805112,0000007.txt,ob_0000001,True,179.10189075922634,random,0.3260541239487876,254.960298538208,3
12.153983419853907,False,3.465186439006528,False,17.206263473805112,0000008.txt,ob_0000001,True,107.29329461065883,random,5.621828269991161,307.4188232421875,3
14.954932937643504,False,7.919511336822424,False,17.206263473805112,0000009.txt,ob_0000001,True,108.7788005745986,random,11.51141373304419,325.8249759674072,3
12.129876161957032,False,4.322735575926554,False,17.206263473805112,0000010.txt,ob_0000001,True,127.90738908658072,random,6.043467362903201,301.36704444885254,3
12.42256886413952,False,0.3149074111397443,True,17.206263473805112,0000011.txt,ob_0000001,True,177.75922909674708,random,0.3581308769692199,257.31420516967773,3
4.674265957448572,False,0.3418432392438728,True,17.206263473805112,0000012.txt,ob_0000001,True,70.57950468016504,random,0.34290736608489014,287.0597839355469,3
11.981131519885,False,3.1981972265260694,False,17.206263473805112,0000013.txt,ob_0000001,True,110.79398619255137,random,4.796642553703627,289.36171531677246,3
11.97993068954249,False,3.202601216803111,False,17.206263473805112,0000014.txt,ob_0000001,True,166.69644430953713,random,4.241731774111256,296.86689376831055,3
8.05509131305224,False,0.27254298385658354,True,17.206263473805112,0000015.txt,ob_0000001,True,179.16555197299726,random,0.17716077115060133,289.8979187011719,3
9.856252002775102,False,2.17384532728214,False,17.206263473805112,0000000.txt,ob_0000001,True,81.15505482667275,random,5.418766996172086,339.6420478820801,5
12.35831426303085,False,4.185171669386833,False,17.206263473805112,0000001.txt,ob_0000001,True,158.7700923638377,random,5.995909326817834,286.20433807373047,5
0.2859630902427803,True,0.21859008078844774,True,17.206263473805112,0000002.txt,ob_0000001,True,1.3823398610951656,random,0.2457422775022021,299.5257377624512,5
12.082308593721939,False,3.6341209616457184,False,17.206263473805112,0000003.txt,ob_0000001,True,107.58426580850085,random,5.4358569665622545,273.2892036437988,5
12.375341796985795,False,0.31599078219301474,True,17.206263473805112,0000004.txt,ob_0000001,True,179.49350457807094,random,0.35518810863485717,287.1568202972412,5
2.4270084842130513,False,0.35308773192282167,True,17.206263473805112,0000005.txt,ob_0000001,True,34.10955590704194,random,0.39353723490321907,255.4316520690918,5
12.542750023525706,False,0.40496829767026377,True,17.206263473805112,0000006.txt,ob_0000001,True,178.69815196843732,random,0.4030806124011956,285.2818965911865,5
12.531023841921634,False,0.39895169547308623,True,17.206263473805112,0000007.txt,ob_0000001,True,179.16482059612284,random,0.3897837018982596,249.08804893493652,5
8.02052661407068,False,0.3058206575074179,True,17.206263473805112,0000008.txt,ob_0000001,True,179.11861338465343,random,0.24006988197598778,266.6974067687988,5
12.069053140919152,False,4.797285657154742,False,17.206263473805112,0000009.txt,ob_0000001,True,88.70205005667415,random,10.741712741091188,459.0437412261963,5
9.973891208794836,False,3.043176937139589,False,17.206263473805112,0000010.txt,ob_0000001,True,99.12286658428474,random,4.3215336676913,266.48759841918945,5
13.282886964607297,False,4.596415077651682,False,17.206263473805112,0000011.txt,ob_0000001,True,133.15600099508234,random,6.84841265602307,264.34993743896484,5
11.255317444688838,False,3.0593574073488745,False,17.206263473805112,0000012.txt,ob_0000001,True,175.78523661544364,random,6.3568849015549365,321.8340873718262,5
12.65930595171734,False,3.0014555191768393,False,17.206263473805112,0000013.txt,ob_0000001,True,128.87905283383108,random,4.792794292073794,310.4856014251709,5
8.924036266567645,False,2.422787448887643,False,17.206263473805112,0000014.txt,ob_0000001,True,86.42719095414861,random,4.721443539915579,288.58494758605957,5
6.968267184150512,False,0.2709697278642646,True,17.206263473805112,0000015.txt,ob_0000001,True,119.18192189615273,random,0.17679019926270834,306.5309524536133,5
12.469215725413632,False,0.27565815772524116,True,17.206263473805112,0000000.txt,ob_0000001,True,179.6660754657836,random,0.0629413669203175,332.9739570617676,10
0.2849477076817106,True,0.18412484017052472,True,17.206263473805112,0000001.txt,ob_0000001,True,2.28076184665877,random,0.2616313160381818,343.98436546325684,10
7.964589330034537,False,0.2748515473227049,True,17.206263473805112,0000002.txt,ob_0000001,True,166.75525265398946,random,0.22385260938833662,329.90336418151855,10
12.03003325922938,False,3.923583821979341,False,17.206263473805112,0000003.txt,ob_0000001,True,105.66598019169768,random,5.744305415285973,315.7017230987549,10
8.03610848954696,False,0.28507951125637876,True,17.206263473805112,0000004.txt,ob_0000001,True,167.90334159850377,random,0.2487646639254216,350.2659797668457,10
12.558626492503985,False,0.4560993886221053,True,17.206263473805112,0000005.txt,ob_0000001,True,179.43477345868735,random,0.4399390561489808,320.8305835723877,10
12.548396253903842,False,0.41268653557124996,True,17.206263473805112,0000006.txt,ob_0000001,True,179.09226852919463,random,0.4188184293655491,308.4111213684082,10
12.478023365438904,False,0.3252811856558039,True,17.206263473805112,0000007.txt,ob_0000001,True,180.0,random,0.335110952012311,320.74904441833496,10
5.347166100243813,False,0.32100205154120354,True,17.206263473805112,0000008.txt,ob_0000001,True,83.4147277878685,random,0.269773017399054,321.21777534484863,10
1.3452716776919043,True,0.24580813233558182,True,17.206263473805112,0000009.txt,ob_0000001,True,19.41068194627958,random,0.15855984039590942,325.62994956970215,10
12.306894090505994,False,3.7797175068307376,False,17.206263473805112,0000010.txt,ob_0000001,True,145.83885610600666,random,5.396795768073677,333.16588401794434,10
5.663651955787115,False,0.2923770032873346,True,17.206263473805112,0000011.txt,ob_0000001,True,90.29488443967432,random,0.3141859726992122,310.8186721801758,10
6.856553740403433,False,0.3332344483595422,True,17.206263473805112,0000012.txt,ob_0000001,True,116.9752132222577,random,0.33750387475755217,310.06622314453125,10
7.991735718561989,False,0.2633459311705516,True,17.206263473805112,0000013.txt,ob_0000001,True,176.45182092742795,random,0.06883528310354098,310.20069122314453,10
12.429302040351285,False,0.38467463840836724,True,17.206263473805112,0000014.txt,ob_0000001,True,179.17795947428127,random,0.7559810198633107,325.21796226501465,10
8.045477671923043,False,0.26773684179435236,True,17.206263473805112,0000015.txt,ob_0000001,True,179.46650728825904,random,0.165751681248404,332.75747299194336,10
4.049329854345069,False,0.275625909491597,True,17.206263473805112,0000000.txt,ob_0000001,True,61.07413065404064,random,0.05172252751744348,465.8975601196289,20
0.2824329848487561,True,0.1825969397381346,True,17.206263473805112,0000001.txt,ob_0000001,True,2.2127682954303283,random,0.2581227915426019,496.62232398986816,20
0.2837153797472917,True,0.2160639350768017,True,17.206263473805112,0000002.txt,ob_0000001,True,1.33181526583081,random,0.24262798742438366,466.0530090332031,20
5.649791592070834,False,0.2761951986802343,True,17.206263473805112,0000003.txt,ob_0000001,True,88.20122380177119,random,0.2612581485007116,467.8387641906738,20
6.631800006107355,False,0.3203682818243523,True,17.206263473805112,0000004.txt,ob_0000001,True,108.51015776675511,random,0.36479850579658296,453.4945487976074,20
8.027090881542922,False,0.3376960101799399,True,17.206263473805112,0000005.txt,ob_0000001,True,178.55339556259293,random,0.37878525823774023,459.9485397338867,20
5.431835886802054,False,0.44787470406835045,True,17.206263473805112,0000006.txt,ob_0000001,True,85.3308764933543,random,0.5396722351569703,457.1094512939453,20
7.899588289749534,False,0.3196412216577731,True,17.206263473805112,0000007.txt,ob_0000001,True,164.34410788804044,random,0.3104403699150806,452.1195888519287,20
8.027282018685362,False,0.30365747173991314,True,17.206263473805112,0000008.txt,ob_0000001,True,179.05985661153565,random,0.23775151923358923,458.32157135009766,20
7.599786462011898,False,0.27445657820472374,True,17.206263473805112,0000009.txt,ob_0000001,True,142.9947112399817,random,0.17818315304444018,470.7169532775879,20
0.5623069235564281,True,0.2874546780530229,True,17.206263473805112,0000010.txt,ob_0000001,True,4.2324242291355505,random,0.5115054352018198,499.0084171295166,20
5.8982093564248865,False,0.3024951545173235,True,17.206263473805112,0000011.txt,ob_0000001,True,95.66230701056044,random,0.302433034606283,466.916561126709,20
8.001742425656117,False,0.3285343891352141,True,17.206263473805112,0000012.txt,ob_0000001,True,176.01553406388825,random,0.2756684346142552,460.66927909851074,20
7.993386947405353,False,0.26314053207372196,True,17.206263473805112,0000013.txt,ob_0000001,True,176.83777589080108,random,0.06970863493876166,486.2701892852783,20
0.5820445932729271,True,0.30058084884123343,True,17.206263473805112,0000014.txt,ob_0000001,True,4.840689271108913,random,0.591776931339484,454.5621871948242,20
3.682766913514891,False,0.2666203891996961,True,17.206263473805112,0000015.txt,ob_0000001,True,55.265625599603915,random,0.18058320427488395,460.8616828918457,20
8.025341614523072,False,0.25903501440321963,True,17.206263473805112,0000000.txt,ob_0000001,True,179.9359098953446,random,0.0454506084035702,984.126091003418,50
0.2792685557520687,True,0.1816744075737042,True,17.206263473805112,0000001.txt,ob_0000001,True,2.2206354829012707,random,0.25555723665658436,999.9144077301025,50
3.149891373920091,False,0.26739266891519836,True,17.206263473805112,0000002.txt,ob_0000001,True,45.005289031574684,random,0.200659092238859,983.6549758911133,50
8.048617098575466,False,0.28827812896616745,True,17.206263473805112,0000003.txt,ob_0000001,True,174.66312283863857,random,0.2844971113589229,1018.118143081665,50
0.28468501514620204,True,0.21499284737006197,True,17.206263473805112,0000004.txt,ob_0000001,True,1.2653926778708104,random,0.24542744837233277,1014.9569511413574,50
3.8430171702864535,False,0.36033410190967013,True,17.206263473805112,0000005.txt,ob_0000001,True,58.002302686699096,random,0.370576769453743,1015.512228012085,50
1.2592130222304272,True,0.40141861635681,True,17.206263473805112,0000006.txt,ob_0000001,True,16.931361440307704,random,0.48486864665652485,1020.5051898956299,50
7.959727141906811,False,0.3206595306942312,True,17.206263473805112,0000007.txt,ob_0000001,True,175.86108636429194,random,0.3193844618414204,993.3545589447021,50
0.9838492989151059,True,0.3045321295360864,True,17.206263473805112,0000008.txt,ob_0000001,True,13.398679103511999,random,0.2560822672011953,1004.5449733734131,50
6.196067297565361,False,0.26326841879894297,True,17.206263473805112,0000009.txt,ob_0000001,True,101.86397278707135,random,0.155478071941204,1024.1458415985107,50
7.917078489873849,False,0.35570835652430405,True,17.206263473805112,0000010.txt,ob_0000001,True,173.1884845836211,random,0.4770627771516913,1057.8291416168213,50
0.3876882151369406,True,0.23031332791688297,True,17.206263473805112,0000011.txt,ob_0000001,True,2.068797635865059,random,0.3062914222791703,1041.5666103363037,50
0.8566582891062533,True,0.2840957452071438,True,17.206263473805112,0000012.txt,ob_0000001,True,11.439343749860935,random,0.2783973116362858,1047.1694469451904,50
0.7128628331558263,True,0.2377961725194077,True,17.206263473805112,0000013.txt,ob_0000001,True,10.135913620830774,random,0.1079568620399491,1033.6997509002686,50
0.5741360759582032,True,0.3069545574767942,True,17.206263473805112,0000014.txt,ob_0000001,True,0.30728717475052336,random,0.5840267981129401,1015.3548717498779,50
8.052103307845984,False,0.2698010871765881,True,17.206263473805112,0000015.txt,ob_0000001,True,180.0,random,0.14899218041791604,1028.7954807281494,50
11.856853783860695,False,2.6179321069208314,False,17.206263473805112,0000000.txt,ob_0000001,True,154.89727818467236,farthest,4.706573676315854,477.1392345428467,1
11.275449986159733,False,4.0257372755912195,False,17.206263473805112,0000001.txt,ob_0000001,True,110.24836803595868,farthest,7.10803861382384,306.0159683227539,1
9.39288057022771,False,2.311955394390656,False,17.206263473805112,0000002.txt,ob_0000001,True,85.5757626986904,farthest,3.4112789925349443,303.6074638366699,1
10.99331764252761,False,2.371962753680278,False,17.206263473805112,0000003.txt,ob_0000001,True,171.59035089139155,farthest,3.342367411788156,327.93140411376953,1
11.616891977994378,False,4.6309027259182285,False,17.206263473805112,0000004.txt,ob_0000001,True,90.13241963574164,farthest,6.455090000915338,283.16259384155273,1
13.14995537407798,False,5.223312289190288,False,17.206263473805112,0000005.txt,ob_0000001,True,132.6061382645813,farthest,7.573157156319234,248.58880043029785,1
11.540535749454019,False,3.587362191000546,False,17.206263473805112,0000006.txt,ob_0000001,True,172.56874818359026,farthest,5.525378819759309,297.06811904907227,1
10.777662666824925,False,2.0102156033739624,False,17.206263473805112,0000007.txt,ob_0000001,True,108.98002998251819,farthest,3.8910884385251205,273.6704349517822,1
10.794289018566177,False,2.047414083630001,False,17.206263473805112,0000008.txt,ob_0000001,True,141.40202816404243,farthest,4.014605115945376,263.5822296142578,1
14.207560120152682,False,7.289102399465938,False,17.206263473805112,0000009.txt,ob_0000001,True,95.72938479250227,farthest,11.455443730441283,241.30892753601074,1
11.003114595943035,False,3.786659401697681,False,17.206263473805112,0000010.txt,ob_0000001,True,110.57498031206265,farthest,6.978543800295404,287.2591018676758,1
12.474753876401659,False,4.528349422003898,False,17.206263473805112,0000011.txt,ob_0000001,True,117.56713175801335,farthest,7.050605035392618,302.66332626342773,1
13.798717956992004,False,6.249386313592227,False,17.206263473805112,0000012.txt,ob_0000001,True,164.92650186612826,farthest,9.338393600831948,341.8450355529785,1
10.919837046583352,False,1.9177837885698121,False,17.206263473805112,0000013.txt,ob_0000001,True,144.51297898714012,farthest,3.250324457877368,325.6981372833252,1
11.099965837111172,False,4.4472205075964215,False,17.206263473805112,0000014.txt,ob_0000001,True,96.02812791657448,farthest,7.348891050773186,278.07068824768066,1
11.215422826258218,False,2.261160392067037,False,17.206263473805112,0000015.txt,ob_0000001,True,177.478193523648,farthest,3.5577939190903156,268.0320739746094,1
11.55400258642373,False,2.389560615153484,False,17.206263473805112,0000000.txt,ob_0000001,True,150.24750151655448,farthest,4.461272632739486,329.0891647338867,3
12.476944489225197,False,4.5587681919019385,False,17.206263473805112,0000001.txt,ob_0000001,True,174.29014032786228,farthest,7.422112158369683,253.60798835754395,3
11.492271703571896,False,2.1584203639026773,False,17.206263473805112,0000002.txt,ob_0000001,True,156.69666040727034,farthest,3.907927337878583,291.3327217102051,3
11.067685648424108,False,2.466273587795712,False,17.206263473805112,0000003.txt,ob_0000001,True,174.090147200365,farthest,3.7324971694555327,263.6277675628662,3
11.33960666557708,False,2.8746954747924933,False,17.206263473805112,0000004.txt,ob_0000001,True,120.97421782847518,farthest,6.271736484245054,269.8788642883301,3
13.175795721240139,False,4.848391712453393,False,17.206263473805112,0000005.txt,ob_0000001,True,106.26519115660267,farthest,7.889465433489187,279.19507026672363,3
13.385371765504761,False,5.470527682339831,False,17.206263473805112,0000006.txt,ob_0000001,True,97.71366816732122,farthest,9.034341771248744,290.48848152160645,3
10.082850121302958,False,1.8853780500381612,False,17.206263473805112,0000007.txt,ob_0000001,True,95.52668620603063,farthest,3.7094505401110123,244.4288730621338,3
10.745987963370949,False,2.0219058734004958,False,17.206263473805112,0000008.txt,ob_0000001,True,116.22356634815895,farthest,3.996335014098134,255.6021213531494,3
10.72227742981893,False,3.4696799417668687,False,17.206263473805112,0000009.txt,ob_0000001,True,101.58839420221327,farthest,4.569558651510214,307.5742721557617,3
12.341115515867502,False,3.356969028932587,False,17.206263473805112,0000010.txt,ob_0000001,True,139.74034623355934,farthest,7.22211011176497,269.6185111999512,3
11.433236222355413,False,2.6131596676220537,False,17.206263473805112,0000011.txt,ob_0000001,True,122.68895279586371,farthest,4.268342634793397,281.6779613494873,3
13.448399018254406,False,5.5002585740850565,False,17.206263473805112,0000012.txt,ob_0000001,True,114.93375947337255,farthest,10.062123538230816,312.8046989440918,3
10.126823362400334,False,1.6459000568266446,True,17.206263473805112,0000013.txt,ob_0000001,True,99.50219752877825,farthest,3.649312123988021,386.12985610961914,3
11.949755076858832,False,3.6302962347815924,False,17.206263473805112,0000014.txt,ob_0000001,True,156.14924897222843,farthest,6.990188734528124,306.3645362854004,3
10.08684040765747,False,2.1853265220243103,False,17.206263473805112,0000015.txt,ob_0000001,True,88.91928893892788,farthest,3.988722802475294,279.63829040527344,3
6.375875948327257,False,0.25194617725844326,True,17.206263473805112,0000000.txt,ob_0000001,True,105.55701864917322,farthest,0.056857705495988245,352.7941703796387,5
5.786846923430397,False,0.27810091894566624,True,17.206263473805112,0000001.txt,ob_0000001,True,93.16900071746362,farthest,0.27135206847178855,284.6372127532959,5
7.964741217589317,False,0.2730715407091392,True,17.206263473805112,0000002.txt,ob_0000001,True,166.38943031890983,farthest,0.2165520861758321,257.9846382141113,5
6.228409706433782,False,0.2869320395177007,True,17.206263473805112,0000003.txt,ob_0000001,True,102.1231296221824,farthest,0.2866640206992083,262.5424861907959,5
8.034062991267959,False,0.2863225744275256,True,17.206263473805112,0000004.txt,ob_0000001,True,167.39958153182175,farthest,0.2539934100522605,269.8779106140137,5
6.518682869551469,False,0.3555881321044731,True,17.206263473805112,0000005.txt,ob_0000001,True,109.98911476967766,farthest,0.37539168467012857,303.4472465515137,5
1.2716801631681365,True,0.4053968402952343,True,17.206263473805112,0000006.txt,ob_0000001,True,17.004195849598005,farthest,0.49103262807340475,257.75957107543945,5
7.915671538085696,False,0.3172713927625254,True,17.206263473805112,0000007.txt,ob_0000001,True,165.79232390740185,farthest,0.30823490733971387,255.88440895080566,5
0.9781365906402264,True,0.30524196675652093,True,17.206263473805112,0000008.txt,ob_0000001,True,13.351308597092455,farthest,0.2578271716834972,250.39076805114746,5
7.050019900542921,False,0.2617564250429058,True,17.206263473805112,0000009.txt,ob_0000001,True,121.58968122975061,farthest,0.14360388605931965,264.7895812988281,5
5.362479886856148,False,0.33910811468425833,True,17.206263473805112,0000010.txt,ob_0000001,True,85.57336125887169,farthest,0.5062608124378639,265.5973434448242,5
7.795867321892954,False,0.31031030701553136,True,17.206263473805112,0000011.txt,ob_0000001,True,147.17239979347426,farthest,0.3219995707555152,263.5936737060547,5
0.8787853343112458,True,0.28724976535464325,True,17.206263473805112,0000012.txt,ob_0000001,True,11.744082361384686,farthest,0.2849219001866615,262.22777366638184,5
0.6496493317465627,True,0.23250077012142945,True,17.206263473805112,0000013.txt,ob_0000001,True,9.278541712042678,farthest,0.10021109345254865,268.7859535217285,5
6.565671596616547,False,0.36441077394401905,True,17.206263473805112,0000014.txt,ob_0000001,True,105.5957699319664,farthest,0.5967889006485114,273.15258979797363,5
6.408103113510467,False,0.2774782033683074,True,17.206263473805112,0000015.txt,ob_0000001,True,106.48674869270363,farthest,0.17857175626689736,272.18055725097656,5
5.326308614237128,False,0.24918474379186273,True,17.206263473805112,0000000.txt,ob_0000001,True,83.34347565280156,farthest,0.05168108485272847,484.62820053100586,10
4.792121969035376,False,0.2932600096467491,True,17.206263473805112,0000001.txt,ob_0000001,True,73.65946247522257,farthest,0.2664375736478865,330.51109313964844,10
7.964741217589317,False,0.2730715407091392,True,17.206263473805112,0000002.txt,ob_0000001,True,166.38943031890983,farthest,0.2165520861758321,317.70968437194824,10
5.655693289769586,False,0.2791938173749293,True,17.206263473805112,0000003.txt,ob_0000001,True,88.1642364071684,farthest,0.26673462638280787,319.75841522216797,10
8.034062991267959,False,0.2863225744275256,True,17.206263473805112,0000004.txt,ob_0000001,True,167.39958153182175,farthest,0.2539934100522605,322.4616050720215,10
4.111339371825159,False,0.3585671174028254,True,17.206263473805112,0000005.txt,ob_0000001,True,61.186686206944174,farthest,0.3865847214901579,314.25952911376953,10
1.2716801631681365,True,0.4053968402952343,True,17.206263473805112,0000006.txt,ob_0000001,True,17.004195849598005,farthest,0.49103262807340475,321.23255729675293,10
0.3347940268348522,True,0.24523645973215788,True,17.206263473805112,0000007.txt,ob_0000001,True,1.2965406885455792,farthest,0.3056717259924556,324.2342472076416,10
8.026480841998026,False,0.3032654939675152,True,17.206263473805112,0000008.txt,ob_0000001,True,179.0251782446606,farthest,0.2363983483107696,311.7024898529053,10
6.116232478005471,False,0.26650469173855695,True,17.206263473805112,0000009.txt,ob_0000001,True,100.00226273276193,farthest,0.19586615008066843,314.92137908935547,10
5.634745036590524,False,0.36823420733445283,True,17.206263473805112,0000010.txt,ob_0000001,True,88.7757393265033,farthest,0.5586958502248129,311.7363452911377,10
0.3754805518676311,True,0.22942285864108272,True,17.206263473805112,0000011.txt,ob_0000001,True,1.8499518948262743,farthest,0.30057273254766315,351.41801834106445,10
0.8787853343112458,True,0.28724976535464325,True,17.206263473805112,0000012.txt,ob_0000001,True,11.744082361384686,farthest,0.2849219001866615,318.1638717651367,10
0.6496493317465627,True,0.23250077012142945,True,17.206263473805112,0000013.txt,ob_0000001,True,9.278541712042678,farthest,0.10021109345254865,316.38503074645996,10
6.768974571405716,False,0.40058268441416617,True,17.206263473805112,0000014.txt,ob_0000001,True,114.6934507696598,farthest,0.7067740005799544,309.85403060913086,10
6.408103113510467,False,0.2774782033683074,True,17.206263473805112,0000015.txt,ob_0000001,True,106.48674869270363,farthest,0.17857175626689736,308.2153797149658,10
0.9072807909649779,True,0.219731677830865,True,17.206263473805112,0000000.txt,ob_0000001,True,13.098365266962778,farthest,0.04888892670193614,489.9754524230957,20
0.28904040646229406,True,0.18571824110299012,True,17.206263473805112,0000001.txt,ob_0000001,True,2.3836051812832117,farthest,0.2648543062534868,485.3041172027588,20
7.965205474948543,False,0.2731757105015282,True,17.206263473805112,0000002.txt,ob_0000001,True,166.40945713696667,farthest,0.21669924351892605,449.0339756011963,20
8.049555042577143,False,0.287818627037349,True,17.206263473805112,0000003.txt,ob_0000001,True,174.74266792752397,farthest,0.2829156308277276,459.3536853790283,20
0.3913666376756825,True,0.25802151551074404,True,17.206263473805112,0000004.txt,ob_0000001,True,4.212252076068894,farthest,0.30482156638141705,463.2067680358887,20
0.9229772508317016,True,0.32964771319436786,True,17.206263473805112,0000005.txt,ob_0000001,True,13.037881531453536,farthest,0.3492353650634918,478.61766815185547,20
1.2713210893452442,True,0.4045626371741293,True,17.206263473805112,0000006.txt,ob_0000001,True,17.01294797980739,farthest,0.4892373827388874,465.656042098999,20
0.32569913766300745,True,0.24217236530300526,True,17.206263473805112,0000007.txt,ob_0000001,True,1.2137366070242097,farthest,0.3030514623596473,483.66713523864746,20
8.027282018685362,False,0.30365747173991314,True,17.206263473805112,0000008.txt,ob_0000001,True,179.05985661153565,farthest,0.23775151923358923,484.9672317504883,20
0.23422419149837131,True,0.1764258878669665,True,17.206263473805112,0000009.txt,ob_0000001,True,0.23790893782472355,farthest,0.2376858100208048,480.76391220092773,20
0.5710524183971597,True,0.2892769892727641,True,17.206263473805112,0000010.txt,ob_0000001,True,4.621436886948899,farthest,0.5098342068860908,459.70869064331055,20
0.3738789072838505,True,0.22918608763303158,True,17.206263473805112,0000011.txt,ob_0000001,True,1.8457020658811911,farthest,0.2986878130959571,465.2752876281738,20
0.8799488690229479,True,0.2868299480315805,True,17.206263473805112,0000012.txt,ob_0000001,True,11.76057407270333,farthest,0.2839509714084419,476.5496253967285,20
7.991811621835304,False,0.26445936144769583,True,17.206263473805112,0000013.txt,ob_0000001,True,176.4468164594854,farthest,0.06094304309710379,469.2573547363281,20
8.062485699022922,False,0.3669503496442212,True,17.206263473805112,0000014.txt,ob_0000001,True,167.86119878570665,farthest,0.6305954904959136,472.2247123718262,20
0.8648551957751174,True,0.22696436799015943,True,17.206263473805112,0000015.txt,ob_0000001,True,12.907309094346912,farthest,0.16283391638967648,499.68743324279785,20
0.9072807909649779,True,0.219731677830865,True,17.206263473805112,0000000.txt,ob_0000001,True,13.098365266962778,farthest,0.04888892670193614,1078.3538818359375,50
0.28904040646229406,True,0.18571824110299012,True,17.206263473805112,0000001.txt,ob_0000001,True,2.3836051812832117,farthest,0.2648543062534868,1022.3398208618164,50
7.965129317006587,False,0.27316124270374165,True,17.206263473805112,0000002.txt,ob_0000001,True,166.4059499246584,farthest,0.21673817077816926,1004.0571689605713,50
8.04954459856606,False,0.28782946557482597,True,17.206263473805112,0000003.txt,ob_0000001,True,174.74328206462542,farthest,0.2829665592234107,1018.3813571929932,50
0.3913666376756825,True,0.25802151551074404,True,17.206263473805112,0000004.txt,ob_0000001,True,4.212252076068894,farthest,0.30482156638141705,1031.3482284545898,50
0.9229772508317016,True,0.32964771319436786,True,17.206263473805112,0000005.txt,ob_0000001,True,13.037881531453536,farthest,0.3492353650634918,1006.6626071929932,50
1.2713210893452442,True,0.4045626371741293,True,17.206263473805112,0000006.txt,ob_0000001,True,17.01294797980739,farthest,0.4892373827388874,1022.9811668395996,50
0.32572455481543905,True,0.24218497653475257,True,17.206263473805112,0000007.txt,ob_0000001,True,1.214555180295845,farthest,0.30308627565818386,1011.6074085235596,50
0.9787309968198913,True,0.3050509375545878,True,17.206263473805112,0000008.txt,ob_0000001,True,13.360379126967894,farthest,0.25703918691583605,998.6128807067871,50
0.23429664054113553,True,0.17645086862018236,True,17.206263473805112,0000009.txt,ob_0000001,True,0.2378817071097003,farthest,0.2377472567551065,1004.6553611755371,50
0.5710524183971597,True,0.2892769892727641,True,17.206263473805112,0000010.txt,ob_0000001,True,4.621436886948899,farthest,0.5098342068860908,995.1832294464111,50
0.37386429871597815,True,0.22918299105582643,True,17.206263473805112,0000011.txt,ob_0000001,True,1.8456152581091876,farthest,0.2986632793363865,1004.0175914764404,50
0.8799505644862643,True,0.2868299305343399,True,17.206263473805112,0000012.txt,ob_0000001,True,11.760586407909688,farthest,0.2839509714084419,990.947961807251,50
7.991811129514676,False,0.26445157029428595,True,17.206263473805112,0000013.txt,ob_0000001,True,176.44506428473443,farthest,0.060910658130997344,1009.5536708831787,50
8.062529775878428,False,0.36694723963852144,True,17.206263473805112,0000014.txt,ob_0000001,True,167.86826672557265,farthest,0.6305939142223009,1012.4044418334961,50
0.8648260863303536,True,0.22696308252159067,True,17.206263473805112,0000015.txt,ob_0000001,True,12.906661560361423,farthest,0.1628481770507056,986.9537353515625,50
18.378154342413623,False,4.195526693735087,False,26.957330935758456,0000000.txt,ob_0000002,True,176.96162330728046,random,7.161233837189959,353.351354598999,1
14.8503138103311,False,0.4267027565594172,True,26.957330935758456,0000001.txt,ob_0000002,True,179.72265029149096,random,0.6295959925584742,280.8644771575928,1
17.76804541732735,False,6.658034549731387,False,26.957330935758456,0000002.txt,ob_0000002,True,178.43313778646174,random,10.994722864732474,250.78749656677246,1
13.061970652657076,False,1.604836492973621,True,26.957330935758456,0000003.txt,ob_0000002,True,174.8560990476198,random,2.657171322357759,265.5606269836426,1
0.21637163443236365,True,0.19624046150954433,True,26.957330935758456,0000004.txt,ob_0000002,True,1.261224075001318,random,0.14840615360795728,324.73158836364746,1
14.848244383447156,False,2.7737580962360644,False,26.957330935758456,0000005.txt,ob_0000002,True,151.24484177411694,random,5.044567346453845,309.844970703125,1
19.76359374896261,False,8.848235646550275,False,26.957330935758456,0000006.txt,ob_0000002,True,165.46962476796284,random,14.926676524224963,261.58738136291504,1
19.999251580207776,False,10.715593769370619,False,26.957330935758456,0000007.txt,ob_0000002,True,135.17582344131233,random,15.477494102990654,290.33660888671875,1
14.90202121965607,False,0.6011450930688104,True,26.957330935758456,0000008.txt,ob_0000002,True,179.10857577357584,random,1.30055197685626,319.6110725402832,1
14.83901999345814,False,0.3730617220644632,True,26.957330935758456,0000009.txt,ob_0000002,True,179.12004649721104,random,0.42334762270363324,317.3816204071045,1
10.493927719358418,False,4.457975808498327,False,26.957330935758456,0000010.txt,ob_0000002,True,88.78402628886231,random,6.53905701381626,350.6584167480469,1
15.089139846774522,False,2.744541816426204,False,26.957330935758456,0000011.txt,ob_0000002,True,155.83668506533732,random,4.443799659328816,308.96711349487305,1
12.84768089508387,False,2.077895746267807,True,26.957330935758456,0000012.txt,ob_0000002,True,175.73582427119018,random,2.846531545023336,271.3141441345215,1
20.16660121558068,False,9.190215274649658,False,26.957330935758456,0000013.txt,ob_0000002,True,164.49101367256986,random,14.964664259801044,273.56839179992676,1
19.362391567920447,False,10.290088263444435,False,26.957330935758456,0000014.txt,ob_0000002,True,111.83304535475962,random,14.501997129067924,294.4159507751465,1
17.88081588700644,False,9.484349216084452,False,26.957330935758456,0000015.txt,ob_0000002,True,172.61075251508015,random,12.861357717058466,304.182767868042,1
0.6287190767191069,True,0.3958168686612796,True,26.957330935758456,0000000.txt,ob_0000002,True,1.0564381518157486,random,0.6181966475435474,291.2263870239258,3
19.028692042518013,False,8.285492485786538,False,26.957330935758456,0000001.txt,ob_0000002,True,145.71561708608573,random,13.594864637727364,272.6263999938965,3
17.938729703005983,False,0.5074399521037777,True,26.957330935758456,0000002.txt,ob_0000002,True,179.72382393553264,random,0.6219731537431015,272.322416305542,3
17.924608322112014,False,0.3949097339204002,True,26.957330935758456,0000003.txt,ob_0000002,True,178.32382733616873,random,0.315105096177892,298.0842590332031,3
0.2670126457576515,True,0.22912308845892135,True,26.957330935758456,0000004.txt,ob_0000002,True,1.6553090011247886,random,0.18501057249241779,291.8093204498291,3
17.920396160166504,False,0.49066378552248285,True,26.957330935758456,0000005.txt,ob_0000002,True,177.96798165672536,random,0.47265952174560194,312.5801086425781,3
12.71027434463671,False,1.5061104062265775,True,26.957330935758456,0000006.txt,ob_0000002,True,178.04849403509357,random,1.812243119926395,276.2181758880615,3
14.898854728581796,False,0.6120392183163949,True,26.957330935758456,0000007.txt,ob_0000002,True,178.38987466059515,random,1.159448133716973,320.0547695159912,3
13.31893829887221,False,1.5686756374518458,True,26.957330935758456,0000008.txt,ob_0000002,True,91.88779001774837,random,4.009157912617322,314.4803047180176,3
17.92206342121148,False,0.4509949603140879,True,26.957330935758456,0000009.txt,ob_0000002,True,176.99217421191216,random,0.37376182250305484,275.3934860229492,3
14.824722492832517,False,0.39802672685111645,True,26.957330935758456,0000010.txt,ob_0000002,True,178.03473986405726,random,0.2975112312257301,314.3925666809082,3
11.930429661384062,False,0.38556262940375774,True,26.957330935758456,0000011.txt,ob_0000002,True,179.16249812286833,random,0.45863119571803673,287.600040435791,3
11.017648298418203,False,3.4111927221446487,False,26.957330935758456,0000012.txt,ob_0000002,True,113.46147989797882,random,5.392221751471612,280.6134223937988,3
12.83321885827987,False,1.4570280152238857,True,26.957330935758456,0000013.txt,ob_0000002,True,175.039846973562,random,1.6220720314500983,274.3709087371826,3
13.746567360725903,False,1.714594417883541,True,26.957330935758456,0000014.txt,ob_0000002,True,178.81693941961993,random,4.141028283059682,299.9417781829834,3
1.0392081518742478,True,0.6024419015049701,True,26.957330935758456,0000015.txt,ob_0000002,True,8.410375451153778,random,0.5523545359437606,267.92407035827637,3
11.944165903603798,False,0.4442478380299833,True,26.957330935758456,0000000.txt,ob_0000002,True,179.14427346394882,random,0.6893896442521056,285.0632667541504,5
11.957549165414513,False,0.4458042388913383,True,26.957330935758456,0000001.txt,ob_0000002,True,178.57987142573532,random,0.6919248698548625,277.53472328186035,5
11.972616439243128,False,0.474610554328003,True,26.957330935758456,0000002.txt,ob_0000002,True,177.62726221761716,random,0.8088230742417274,288.0253791809082,5
17.9224644965307,False,0.38906625205568157,True,26.957330935758456,0000003.txt,ob_0000002,True,178.3363653796098,random,0.2846456796148434,260.31017303466797,5
11.946218466680776,False,0.3977072949665611,True,26.957330935758456,0000004.txt,ob_0000002,True,179.63323658765123,random,0.5986258992809299,260.8928680419922,5
15.159932088169134,False,3.7109255611897853,False,26.957330935758456,0000005.txt,ob_0000002,True,178.08881245236267,random,7.894845092979248,262.3748779296875,5
14.829782377559766,False,0.385148036480424,True,26.957330935758456,0000006.txt,ob_0000002,True,178.3953909819786,random,0.31868216260122256,268.6152458190918,5
14.862457920998867,False,0.4648963233889967,True,26.957330935758456,0000007.txt,ob_0000002,True,179.8747916335086,random,0.8145332901759823,251.6031265258789,5
0.38892484647012343,True,0.3099660387730771,True,26.957330935758456,0000008.txt,ob_0000002,True,2.0206468070093777,random,0.34314405976677187,252.1216869354248,5
14.838820735633423,False,0.3812077604288848,True,26.957330935758456,0000009.txt,ob_0000002,True,178.8455454690695,random,0.4238342277671882,305.4170608520508,5
11.915350015463344,False,0.38690293777685203,True,26.957330935758456,0000010.txt,ob_0000002,True,178.8434643967358,random,0.1757475184083364,281.3844680786133,5
0.4372581334008382,True,0.32261736493369586,True,26.957330935758456,0000011.txt,ob_0000002,True,1.0853017663423437,random,0.41089989643115993,264.2645835876465,5
12.757058713743172,False,1.5351155083153876,True,26.957330935758456,0000012.txt,ob_0000002,True,177.39145474698853,random,1.1144964316013852,294.5709228515625,5
12.479499194948604,False,1.3994636994755105,True,26.957330935758456,0000013.txt,ob_0000002,True,85.95492461926166,random,2.56239835736551,310.6729984283447,5
12.674335064104625,False,1.38682496166137,True,26.957330935758456,0000014.txt,ob_0000002,True,86.55629213696027,random,3.08325265963098,298.68268966674805,5
1.0455709126466162,True,0.6039141532408183,True,26.957330935758456,0000015.txt,ob_0000002,True,8.465301244741418,random,0.5529892736770833,340.1174545288086,5
14.847956562621922,False,0.47078684444536045,True,26.957330935758456,0000000.txt,ob_0000002,True,177.93543007837786,random,0.5831401177251666,339.7519588470459,10
0.5233029450436432,True,0.36440839962671834,True,26.957330935758456,0000001.txt,ob_0000002,True,2.587299803670276,random,0.3961864222051687,327.64196395874023,10
14.877147781490796,False,0.5392170981303663,True,26.957330935758456,0000002.txt,ob_0000002,True,179.33495449918473,random,0.9776945707078044,316.6770935058594,10
0.41056477720240886,True,0.32021285630423646,True,26.957330935758456,0000003.txt,ob_0000002,True,2.0457560865291575,random,0.36938749360171286,337.66913414001465,10
0.24141277228028857,True,0.21163837186087744,True,26.957330935758456,0000004.txt,ob_0000002,True,1.4739268951419064,random,0.15781635042932787,340.0840759277344,10
12.950551790109847,False,1.628569097876581,True,26.957330935758456,0000005.txt,ob_0000002,True,179.6748517644853,random,2.5259037505420143,339.4055366516113,10
13.062774920076354,False,1.5402104063745152,True,26.957330935758456,0000006.txt,ob_0000002,True,176.96191379300592,random,2.579331718553348,320.6744194030762,10
12.953446436055641,False,1.5519900228483157,True,26.957330935758456,0000007.txt,ob_0000002,True,175.4393676970273,random,2.115798035804224,326.57599449157715,10
17.9247018752611,False,0.39237899271057364,True,26.957330935758456,0000008.txt,ob_0000002,True,179.72190347866402,random,0.3626264958572062,365.90576171875,10
0.14024050449897063,True,0.13491766703393224,True,26.957330935758456,0000009.txt,ob_0000002,True,0.7131111996233942,random,0.12706064785821314,356.9498062133789,10
0.3254078210836872,True,0.2751048074439088,True,26.957330935758456,0000010.txt,ob_0000002,True,1.8392480200866643,random,0.2031668997712585,332.5796127319336,10
14.841546850759565,False,0.4146191699614196,True,26.957330935758456,0000011.txt,ob_0000002,True,178.35908760957196,random,0.4317748716087721,356.6768169403076,10
0.3251261794363558,True,0.2581848528487978,True,26.957330935758456,0000012.txt,ob_0000002,True,1.561734819486539,random,0.2619621255376863,327.14247703552246,10
11.951120767201333,False,0.36555779463152704,True,26.957330935758456,0000013.txt,ob_0000002,True,179.71439859564188,random,0.5283981054196207,327.7461528778076,10
14.851089772219872,False,0.45250774118527576,True,26.957330935758456,0000014.txt,ob_0000002,True,177.43500887922943,random,0.767641946602488,362.8044128417969,10
1.0747546624408775,True,0.6177637561222745,True,26.957330935758456,0000015.txt,ob_0000002,True,8.726382814285198,random,0.5685898494583975,307.85322189331055,10
0.630099698741148,True,0.39696443968575323,True,26.957330935758456,0000000.txt,ob_0000002,True,1.0680505854406819,random,0.6191039503430305,459.90753173828125,20
11.956354784369683,False,0.449232143650807,True,26.957330935758456,0000001.txt,ob_0000002,True,178.48264526603347,random,0.6693385996757149,466.4309024810791,20
14.677357034330779,False,5.78136105599236,False,26.957330935758456,0000002.txt,ob_0000002,True,96.13651912664365,random,9.676891790480393,461.153507232666,20
0.4180315588865562,True,0.32159371250427143,True,26.957330935758456,0000003.txt,ob_0000002,True,2.1397471245567337,random,0.37159217601107547,478.710412979126,20
0.21476466763260266,True,0.19540281406678936,True,26.957330935758456,0000004.txt,ob_0000002,True,1.234312476384067,random,0.14673219271843335,500.7295608520508,20
14.854848483258328,False,0.4598331747727627,True,26.957330935758456,0000005.txt,ob_0000002,True,178.00533073367637,random,0.6373686571922241,496.71363830566406,20
17.925150408814776,False,0.3888227440128428,True,26.957330935758456,0000006.txt,ob_0000002,True,178.10313276793278,random,0.23487205285833246,471.055269241333,20
11.969498612543779,False,0.4383523940352409,True,26.957330935758456,0000007.txt,ob_0000002,True,179.42035833805002,random,0.7910798410703409,460.5557918548584,20
0.3796879859377203,True,0.3045790552801344,True,26.957330935758456,0000008.txt,ob_0000002,True,1.9482607120473594,random,0.3360577005208717,471.80724143981934,20
0.1261238504260421,True,0.12198759555720644,True,26.957330935758456,0000009.txt,ob_0000002,True,0.7920164988164657,random,0.10129837738055278,458.91690254211426,20
0.3287763748408346,True,0.2772316111223669,True,26.957330935758456,0000010.txt,ob_0000002,True,1.8350479094512415,random,0.21125362110167223,455.2323818206787,20
0.40625919395115484,True,0.3091647604495615,True,26.957330935758456,0000011.txt,ob_0000002,True,0.9402189280307301,random,0.3845559119296983,457.979679107666,20
0.32045775484143546,True,0.25592685642500906,True,26.957330935758456,0000012.txt,ob_0000002,True,1.5401301713115563,random,0.2584144515051853,459.20634269714355,20
11.951182945194127,False,0.36794099289521687,True,26.957330935758456,0000013.txt,ob_0000002,True,179.48631806408847,random,0.5227682395495956,467.6647186279297,20
0.12653723015025148,True,0.12355823566185861,True,26.957330935758456,0000014.txt,ob_0000002,True,0.932058774628348,random,0.06800046059486278,468.3973789215088,20
1.041309054027756,True,0.6011693545472724,True,26.957330935758456,0000015.txt,ob_0000002,True,8.412234848852588,random,0.5520022974585929,458.942174911499,20
0.6298495808888518,True,0.39714519259333,True,26.957330935758456,0000000.txt,ob_0000002,True,1.0073772791932851,random,0.620161486267645,944.0760612487793,50
0.4774835010634193,True,0.3383451929855943,True,26.957330935758456,0000001.txt,ob_0000002,True,2.1275210437552805,random,0.3951201233973644,983.2658767700195,50
0.5351753545760941,True,0.3592876936263662,True,26.957330935758456,0000002.txt,ob_0000002,True,2.357849139690467,random,0.452765120034085,954.838752746582,50
0.4346993835046346,True,0.333396339986527,True,26.957330935758456,0000003.txt,ob_0000002,True,2.1569468412089376,random,0.3897116296278527,981.9211959838867,50
0.31576910115433965,True,0.2602292007239681,True,26.957330935758456,0000004.txt,ob_0000002,True,2.335127809603633,random,0.19748091925719347,986.1533641815186,50
0.4264303950132627,True,0.3478345491973452,True,26.957330935758456,0000005.txt,ob_0000002,True,1.5942870767069353,random,0.35926509705438575,996.9472885131836,50
0.23380248116749958,True,0.20690102212840294,True,26.957330935758456,0000006.txt,ob_0000002,True,1.5466427701675318,random,0.09990685874952232,1000.6012916564941,50
0.5365047131557347,True,0.4150987330815751,True,26.957330935758456,0000007.txt,ob_0000002,True,0.3718390359155123,random,0.5350734413944758,1034.1742038726807,50
0.39414725529473493,True,0.31399049738938273,True,26.957330935758456,0000008.txt,ob_0000002,True,2.0716350095553975,random,0.34277121190987886,974.2271900177002,50
0.1320263344482092,True,0.1263968694767408,True,26.957330935758456,0000009.txt,ob_0000002,True,0.8052138245215694,random,0.10946841003165603,1044.0912246704102,50
0.2961881309308765,True,0.25535991999505425,True,26.957330935758456,0000010.txt,ob_0000002,True,1.9373606546902378,random,0.16981296493144482,1010.3614330291748,50
0.3894857008959706,True,0.30195696896591534,True,26.957330935758456,0000011.txt,ob_0000002,True,0.8600238838404608,random,0.37067464516392984,988.804817199707,50
0.3443391086202628,True,0.2656943949368045,True,26.957330935758456,0000012.txt,ob_0000002,True,1.7148419169970692,random,0.2682467036546225,998.5778331756592,50
0.22911680884150745,True,0.20105846283208936,True,26.957330935758456,0000013.txt,ob_0000002,True,0.7937753686846506,random,0.21028028625645948,1009.1581344604492,50
0.12123228065607347,True,0.11821041888866862,True,26.957330935758456,0000014.txt,ob_0000002,True,0.9598115391088633,random,0.053423494716650685,1037.2440814971924,50
1.049717971610982,True,0.6059935669053595,True,26.957330935758456,0000015.txt,ob_0000002,True,8.516924672599398,random,0.5533863930622765,999.7470378875732,50
14.846781792328628,False,0.46955500840298425,True,26.957330935758456,0000000.txt,ob_0000002,True,177.9058564497971,farthest,0.5637331702236604,315.3645992279053,1
14.850527713275028,False,0.43183502815653374,True,26.957330935758456,0000001.txt,ob_0000002,True,179.44079958835877,farthest,0.6183060513125356,253.68905067443848,1
13.455535752261492,False,1.4618720696649898,True,26.957330935758456,0000002.txt,ob_0000002,True,177.0053694146778,farthest,2.397458172805192,275.74658393859863,1
0.4159124010659319,True,0.3217180054543153,True,26.957330935758456,0000003.txt,ob_0000002,True,2.098613016077783,farthest,0.37134154632972194,254.43744659423828,1
14.652427427692752,False,1.7881179302307666,True,26.957330935758456,0000004.txt,ob_0000002,True,103.78195163973334,farthest,4.089730279398918,253.07607650756836,1
14.684167511542597,False,3.3362633023072186,False,26.957330935758456,0000005.txt,ob_0000002,True,155.48825648767456,farthest,6.401509252413823,256.78443908691406,1
15.959397073659224,False,6.002207678947324,False,26.957330935758456,0000006.txt,ob_0000002,True,96.7407515971235,farthest,10.115680154217,281.9712162017822,1
21.116049749001718,False,11.635767375277085,False,26.957330935758456,0000007.txt,ob_0000002,True,128.55126469859155,farthest,16.615724314986327,240.99016189575195,1
17.144766425725884,False,5.601495159338794,False,26.957330935758456,0000008.txt,ob_0000002,True,149.65443360604158,farthest,10.764508840651796,248.1698989868164,1
0.13654949551291667,True,0.13076108296536493,True,26.957330935758456,0000009.txt,ob_0000002,True,0.8297214265433985,farthest,0.11384167359680818,248.18730354309082,1
18.38529560150752,False,4.546347582288607,False,26.957330935758456,0000010.txt,ob_0000002,True,178.91890388850672,farthest,7.838164221336087,283.3566665649414,1
14.842267301857431,False,0.4176844805138998,True,26.957330935758456,0000011.txt,ob_0000002,True,178.37519014369303,farthest,0.4406793639623405,537.9998683929443,1
12.2676060518054,False,1.5034192866987266,True,26.957330935758456,0000012.txt,ob_0000002,True,86.31153410399169,farthest,1.2867514205385286,264.6956443786621,1
13.306714254100177,False,1.570529786753166,True,26.957330935758456,0000013.txt,ob_0000002,True,175.4337608066633,farthest,2.273597226541932,277.4050235748291,1
16.316113904909642,False,6.380173609456298,False,26.957330935758456,0000014.txt,ob_0000002,True,154.43455529815557,farthest,9.416521621542207,251.73115730285645,1
12.584926549805903,False,1.5279497706141703,True,26.957330935758456,0000015.txt,ob_0000002,True,88.2574498027422,farthest,2.7504482513112425,254.5492649078369,1
0.629977588906516,True,0.3970448480721725,True,26.957330935758456,0000000.txt,ob_0000002,True,1.072895794585433,farthest,0.6188724895388236,302.89626121520996,3
0.48373854063594535,True,0.3425957296412282,True,26.957330935758456,0000001.txt,ob_0000002,True,2.1483987330572005,farthest,0.40085322066372286,311.9540214538574,3
13.457726353622393,False,1.4705696437823566,True,26.957330935758456,0000002.txt,ob_0000002,True,176.6832055387382,farthest,2.437923963856084,263.9734745025635,3
0.41156008204328914,True,0.31889117240438697,True,26.957330935758456,0000003.txt,ob_0000002,True,2.069710076119014,farthest,0.36806141562300854,288.1495952606201,3
13.638506130372269,False,1.4601796623640833,True,26.957330935758456,0000004.txt,ob_0000002,True,179.68125955727814,farthest,3.457637368930945,273.5295295715332,3
14.854655982053291,False,3.4440698616405223,False,26.957330935758456,0000005.txt,ob_0000002,True,155.77847987451327,farthest,6.638405597173589,275.4383087158203,3
18.37138447009567,False,8.024323949968739,False,26.957330935758456,0000006.txt,ob_0000002,True,120.6014151464651,farthest,13.200724902578573,269.6049213409424,3
21.0443297897537,False,11.546783171702211,False,26.957330935758456,0000007.txt,ob_0000002,True,129.45795900994352,farthest,16.482672937589708,275.7747173309326,3
15.31656905019871,False,4.801705769389822,False,26.957330935758456,0000008.txt,ob_0000002,True,106.76905181661475,farthest,9.108388181280745,279.19650077819824,3
0.11779539588159312,True,0.1147712930798852,True,26.957330935758456,0000009.txt,ob_0000002,True,0.695908538495237,farthest,0.10052356539241125,273.4875679016113,3
12.79258549105947,False,1.647397264500754,True,26.957330935758456,0000010.txt,ob_0000002,True,88.51906030346707,farthest,3.0613304102757564,260.927677154541,3
0.4374188417981248,True,0.3209064463186809,True,26.957330935758456,0000011.txt,ob_0000002,True,1.2046863143334077,farthest,0.40304902323371344,269.5508003234863,3
12.753052630732839,False,1.5629357047751777,True,26.957330935758456,0000012.txt,ob_0000002,True,175.97538422783722,farthest,1.104392379700401,289.2477512359619,3
13.316520029616747,False,1.5468764510883384,True,26.957330935758456,0000013.txt,ob_0000002,True,175.89425137428572,farthest,2.2262394513328574,256.24537467956543,3
18.118469336560327,False,8.16459599883568,False,26.957330935758456,0000014.txt,ob_0000002,True,93.01887343938036,farthest,12.316560490177894,311.60593032836914,3
13.027553450487812,False,1.7174817252474068,True,26.957330935758456,0000015.txt,ob_0000002,True,168.20675794336051,farthest,1.7396226896352052,307.8761100769043,3
0.630522530390475,True,0.3973367017012567,True,26.957330935758456,0000000.txt,ob_0000002,True,1.076012038591764,farthest,0.6193448239000663,369.97056007385254,5
0.48483511237144883,True,0.34307062720359854,True,26.957330935758456,0000001.txt,ob_0000002,True,2.1608603966424864,farthest,0.4010475063865147,335.36815643310547,5
12.814773935546103,False,1.379220717119474,True,26.957330935758456,0000002.txt,ob_0000002,True,179.4352412208722,farthest,2.5303587590191547,267.75312423706055,5
0.4083956943669661,True,0.31677144770280674,True,26.957330935758456,0000003.txt,ob_0000002,True,2.0523548014732143,farthest,0.36557079529661507,285.4037284851074,5
0.2349482804771596,True,0.20772247022711698,True,26.957330935758456,0000004.txt,ob_0000002,True,1.4523532134980854,farthest,0.15304814832006514,292.496919631958,5
0.41570147815682984,True,0.3426051097081402,True,26.957330935758456,0000005.txt,ob_0000002,True,1.4803997548651215,farthest,0.3578712621726883,300.8384704589844,5
11.933091483931575,False,0.3844786899071422,True,26.957330935758456,0000006.txt,ob_0000002,True,179.1954320129772,farthest,0.3097326671072188,262.7301216125488,5
11.968356176971085,False,0.43997018342943217,True,26.957330935758456,0000007.txt,ob_0000002,True,179.76306803861175,farthest,0.785212154378468,252.4852752685547,5
0.3433088997543784,True,0.2869639824184323,True,26.957330935758456,0000008.txt,ob_0000002,True,1.9048237133821289,farthest,0.2994555506713581,310.61840057373047,5
0.11768547218167615,True,0.11470199072670241,True,26.957330935758456,0000009.txt,ob_0000002,True,0.6909135594235389,farthest,0.10047952696386275,584.8422050476074,5
12.77129975107322,False,1.657961138511956,True,26.957330935758456,0000010.txt,ob_0000002,True,88.44754142877564,farthest,3.0192529105335693,315.51313400268555,5
0.4398370882238067,True,0.32196066289235387,True,26.957330935758456,0000011.txt,ob_0000002,True,1.2141662843082315,farthest,0.4052192797770202,288.53702545166016,5
11.946645209585457,False,0.3851725999309975,True,26.957330935758456,0000012.txt,ob_0000002,True,178.17730585238655,farthest,0.5318717989205176,252.4425983428955,5
0.2335140975871558,True,0.20364631521927143,True,26.957330935758456,0000013.txt,ob_0000002,True,0.895528326685241,farthest,0.21053887168194832,293.17712783813477,5
14.497002930622745,False,4.925477809096023,False,26.957330935758456,0000014.txt,ob_0000002,True,133.87479196478264,farthest,7.754814715810915,263.75436782836914,5
10.45118800193753,False,3.8203887725550114,False,26.957330935758456,0000015.txt,ob_0000002,True,77.24705162874481,farthest,7.688750121069475,265.1243209838867,5
0.630522530390475,True,0.3973367017012567,True,26.957330935758456,0000000.txt,ob_0000002,True,1.076012038591764,farthest,0.6193448239000663,410.5379581451416,10
0.48483511237144883,True,0.34307062720359854,True,26.957330935758456,0000001.txt,ob_0000002,True,2.1608603966424864,farthest,0.4010475063865147,324.9473571777344,10
17.9284438365901,False,6.699845524636565,False,26.957330935758456,0000002.txt,ob_0000002,True,178.7130704769705,farthest,11.178722128991069,325.66213607788086,10
0.4083956943669661,True,0.31677144770280674,True,26.957330935758456,0000003.txt,ob_0000002,True,2.0523548014732143,farthest,0.36557079529661507,324.24044609069824,10
0.2349482804771596,True,0.20772247022711698,True,26.957330935758456,0000004.txt,ob_0000002,True,1.4523532134980854,farthest,0.15304814832006514,319.96965408325195,10
0.41570147815682984,True,0.3426051097081402,True,26.957330935758456,0000005.txt,ob_0000002,True,1.4803997548651215,farthest,0.3578712621726883,340.8668041229248,10
0.24741790530389626,True,0.216546910658778,True,26.957330935758456,0000006.txt,ob_0000002,True,1.665258583985932,farthest,0.0995157056123819,360.56971549987793,10
0.5487486130767282,True,0.4207843233995514,True,26.957330935758456,0000007.txt,ob_0000002,True,0.4936995500123673,farthest,0.5481644415736633,335.1635932922363,10
0.3433088997543784,True,0.2869639824184323,True,26.957330935758456,0000008.txt,ob_0000002,True,1.9048237133821289,farthest,0.2994555506713581,328.9175033569336,10
0.11768547218167615,True,0.11470199072670241,True,26.957330935758456,0000009.txt,ob_0000002,True,0.6909135594235389,farthest,0.10047952696386275,365.9965991973877,10
14.822741510831882,False,0.4018990872567901,True,26.957330935758456,0000010.txt,ob_0000002,True,178.58662351616496,farthest,0.25609389647894504,348.01530838012695,10
0.4398370882238067,True,0.32196066289235387,True,26.957330935758456,0000011.txt,ob_0000002,True,1.2141662843082315,farthest,0.4052192797770202,335.3891372680664,10
11.946645209585457,False,0.3851725999309975,True,26.957330935758456,0000012.txt,ob_0000002,True,178.17730585238655,farthest,0.5318717989205176,360.5666160583496,10
0.2335140975871558,True,0.20364631521927143,True,26.957330935758456,0000013.txt,ob_0000002,True,0.895528326685241,farthest,0.21053887168194832,308.8219165802002,10
0.11305967977059711,True,0.11054125033692587,True,26.957330935758456,0000014.txt,ob_0000002,True,0.8461237111720608,farthest,0.041399259439699035,316.1468505859375,10
17.53841508351656,False,6.324196021869928,False,26.957330935758456,0000015.txt,ob_0000002,True,175.77165733329167,farthest,10.311209936190226,328.28307151794434,10
0.630097865989856,True,0.3971320336349325,True,26.957330935758456,0000000.txt,ob_0000002,True,1.0753052990494596,farthest,0.6189226605751098,498.34680557250977,20
0.48455450250773435,True,0.3428165754880655,True,26.957330935758456,0000001.txt,ob_0000002,True,2.159484471785833,farthest,0.40069488078261584,472.9747772216797,20
0.46693892788952135,True,0.33343705154474973,True,26.957330935758456,0000002.txt,ob_0000002,True,1.8874167467799101,farthest,0.4028403423373586,710.9451293945312,20
0.41967737630538665,True,0.32274891307816833,True,26.957330935758456,0000003.txt,ob_0000002,True,2.1817194474271395,farthest,0.37127011786608477,486.8342876434326,20
0.24093694208636357,True,0.21353487746832794,True,26.957330935758456,0000004.txt,ob_0000002,True,1.4276708695094582,farthest,0.15721851014294175,468.6620235443115,20
0.4141325864333018,True,0.34204179727568174,True,26.957330935758456,0000005.txt,ob_0000002,True,1.4671892787820897,farthest,0.35903484203364905,466.30382537841797,20
0.24861710651999386,True,0.2173501800393196,True,26.957330935758456,0000006.txt,ob_0000002,True,1.67554432998761,farthest,0.09899554403968132,466.18151664733887,20
0.5481453125087097,True,0.420600496344122,True,26.957330935758456,0000007.txt,ob_0000002,True,0.490075820387769,farthest,0.5475914429663464,451.4472484588623,20
0.39055804559573026,True,0.3119344061744039,True,26.957330935758456,0000008.txt,ob_0000002,True,2.313308570592575,farthest,0.32705541099289087,467.5421714782715,20
0.13542206530382295,True,0.12966420421875455,True,26.957330935758456,0000009.txt,ob_0000002,True,0.8310333967500717,farthest,0.11283433003553757,473.30737113952637,20
0.32131202466006353,True,0.27318296137927167,True,26.957330935758456,0000010.txt,ob_0000002,True,1.782646415824995,farthest,0.2108985750660994,475.3429889678955,20
0.43750223926510967,True,0.3210820565023109,True,26.957330935758456,0000011.txt,ob_0000002,True,1.2044275952324877,farthest,0.4031910602406011,466.60804748535156,20
0.3254945866591452,True,0.2583524725927533,True,26.957330935758456,0000012.txt,ob_0000002,True,1.5668615224656683,farthest,0.26192467839071243,467.76437759399414,20
0.2327960889476312,True,0.20313669534772677,True,26.957330935758456,0000013.txt,ob_0000002,True,0.8929159047694235,farthest,0.20980283291796223,480.3347587585449,20
0.10709309151920095,True,0.10499607308207272,True,26.957330935758456,0000014.txt,ob_0000002,True,0.7791538424297784,farthest,0.060904294747095335,475.0986099243164,20
1.0619673389319357,True,0.6074438860739136,True,26.957330935758456,0000015.txt,ob_0000002,True,8.562545612782863,farthest,0.5623678839110081,472.2900390625,20
0.6222560983262354,True,0.3957300933760634,True,26.957330935758456,0000000.txt,ob_0000002,True,1.1609464913874317,farthest,0.6087136232842935,1042.3071384429932,50
0.48455450250773435,True,0.3428165754880655,True,26.957330935758456,0000001.txt,ob_0000002,True,2.159484471785833,farthest,0.40069488078261584,1008.9712142944336,50
0.4669383056860522,True,0.33343680918140123,True,26.957330935758456,0000002.txt,ob_0000002,True,1.8874167467799101,farthest,0.4028396353592074,986.2077236175537,50
0.4346993835046346,True,0.333396339986527,True,26.957330935758456,0000003.txt,ob_0000002,True,2.1569468412089376,farthest,0.3897116296278527,993.8054084777832,50
0.24093116264228012,True,0.21353102783665018,True,26.957330935758456,0000004.txt,ob_0000002,True,1.427674084276642,farthest,0.15721851014294175,1023.1165885925293,50
0.4143316509944954,True,0.342152609942169,True,26.957330935758456,0000005.txt,ob_0000002,True,1.4681072536523128,farthest,0.35916778634126295,1029.58345413208,50
0.24861710651999386,True,0.2173501800393196,True,26.957330935758456,0000006.txt,ob_0000002,True,1.67554432998761,farthest,0.09899554403968132,1006.3002109527588,50
0.5481453125087097,True,0.420600496344122,True,26.957330935758456,0000007.txt,ob_0000002,True,0.490075820387769,farthest,0.5475914429663464,996.9892501831055,50
0.39055804559573026,True,0.3119344061744039,True,26.957330935758456,0000008.txt,ob_0000002,True,2.313308570592575,farthest,0.32705541099289087,995.7807064056396,50
0.13538663809586846,True,0.12963124852607502,True,26.957330935758456,0000009.txt,ob_0000002,True,0.8307053500976265,farthest,0.11280917279375736,991.2428855895996,50
0.3213165804304741,True,0.27318551515712597,True,26.957330935758456,0000010.txt,ob_0000002,True,1.7827131367023985,farthest,0.2108985750660994,1012.2988224029541,50
0.43750223926510967,True,0.3210820565023109,True,26.957330935758456,0000011.txt,ob_0000002,True,1.2044275952324877,farthest,0.4031910602406011,971.5216159820557,50
0.3253978144674613,True,0.2582833297878077,True,26.957330935758456,0000012.txt,ob_0000002,True,1.5675508728876097,farthest,0.2617347956664987,994.2595958709717,50
0.2325942877975723,True,0.20300275798495554,True,26.957330935758456,0000013.txt,ob_0000002,True,0.893694245228603,farthest,0.2095572286242174,975.2054214477539,50
0.10784984966108781,True,0.10591624961933722,True,26.957330935758456,0000014.txt,ob_0000002,True,0.8092935378675621,farthest,0.038805527653317635,965.195894241333,50
1.061925898491273,True,0.6074338118678957,True,26.957330935758456,0000015.txt,ob_0000002,True,8.562225481351236,farthest,0.5623497015786802,967.6313400268555,50
13.3760595414551,False,8.846812180748193,False,19.83765857605176,0000000.txt,ob_0000003,True,119.22405106658255,random,11.883979621401885,289.66474533081055,1
0.295023486585976,True,0.2221389817703328,True,19.83765857605176,0000001.txt,ob_0000003,True,2.3604622732242495,random,0.252589647542553,244.27318572998047,1
6.371050467341203,False,1.9282440996069805,True,19.83765857605176,0000002.txt,ob_0000003,True,84.01226263579187,random,4.3485213469497435,262.12501525878906,1
6.962063941620207,False,3.284068577021678,False,19.83765857605176,0000003.txt,ob_0000003,True,96.42957232782933,random,5.986697483892724,243.44730377197266,1
0.33913218195072037,True,0.24595501831267555,True,19.83765857605176,0000004.txt,ob_0000003,True,1.4240851767767426,random,0.3146127525960504,244.34733390808105,1
6.711442815825354,False,2.65258080569031,False,19.83765857605176,0000005.txt,ob_0000003,True,80.04166903187384,random,5.183405714701919,246.2756633758545,1
18.267378993529796,False,13.118028199067016,False,19.83765857605176,0000006.txt,ob_0000003,True,94.98426295956533,random,15.9947312150451,259.82093811035156,1
11.194064906071917,False,0.478894332663493,True,19.83765857605176,0000007.txt,ob_0000003,True,178.20292168621833,random,1.2700391153063337,252.5346279144287,1
12.134732710922808,False,2.6788531354170533,False,19.83765857605176,0000008.txt,ob_0000003,True,168.69982382267415,random,3.735652378592321,253.83782386779785,1
11.18499972950778,False,0.3817265234908236,True,19.83765857605176,0000009.txt,ob_0000003,True,179.02894037283255,random,0.5526567961306321,258.5735321044922,1
10.974163533100171,False,3.443407973444275,False,19.83765857605176,0000010.txt,ob_0000003,True,91.16982108123939,random,6.482532154535309,268.3291435241699,1
11.670371329949818,False,3.691496913770835,False,19.83765857605176,0000011.txt,ob_0000003,True,129.58636305302915,random,5.358003578830639,263.1535530090332,1
14.817800491155579,False,5.67680985590483,False,19.83765857605176,0000012.txt,ob_0000003,True,176.91813647250237,random,9.136623135312778,251.71279907226562,1
12.924495098532532,False,4.213151243769249,False,19.83765857605176,0000013.txt,ob_0000003,True,137.89629693424712,random,7.110568173603264,259.1385841369629,1
11.0330687400568,False,6.572158809318596,False,19.83765857605176,0000014.txt,ob_0000003,True,82.37672955805625,random,10.118657373382991,282.8385829925537,1
6.811266727509372,False,2.747014514503069,False,19.83765857605176,0000015.txt,ob_0000003,True,95.4565923277092,random,5.44190896498286,261.2111568450928,1
11.231039191550451,False,0.5382770562773816,True,19.83765857605176,0000000.txt,ob_0000003,True,179.97816166896746,random,1.8611873167653923,281.04400634765625,3
13.031474879457717,False,7.012053788475655,False,19.83765857605176,0000001.txt,ob_0000003,True,127.17156857648945,random,9.949478267835016,268.38207244873047,3
12.655184536762945,False,0.3570120455255696,True,19.83765857605176,0000002.txt,ob_0000003,True,178.69491832888457,random,0.6297548424482715,309.6027374267578,3
12.644891351652902,False,0.28179001662022574,True,19.83765857605176,0000003.txt,ob_0000003,True,178.45565440844618,random,0.28951484489023205,287.54425048828125,3
9.524652178577435,False,2.6227890233779467,False,19.83765857605176,0000004.txt,ob_0000003,True,86.94366606430457,random,4.712342567410813,289.6394729614258,3
13.081472160384328,False,2.8950181387779925,False,19.83765857605176,0000005.txt,ob_0000003,True,175.17520166186873,random,5.222637641211827,278.63359451293945,3
10.608576967716768,False,3.9417531212557746,False,19.83765857605176,0000006.txt,ob_0000003,True,95.81788171931153,random,6.808868543839716,275.21347999572754,3
1.4796211159715098,True,0.4453421254757575,True,19.83765857605176,0000007.txt,ob_0000003,True,1.4871505768298823,random,1.469970926840703,273.7622261047363,3
10.345241698122996,False,2.7182561022164613,False,19.83765857605176,0000008.txt,ob_0000003,True,96.32700067544577,random,5.451115538078964,268.53156089782715,3
12.642006554146246,False,0.37462493584111023,True,19.83765857605176,0000009.txt,ob_0000003,True,177.2500125702029,random,0.46864720050178077,301.53536796569824,3
10.751003426156295,False,3.0643507981519438,False,19.83765857605176,0000010.txt,ob_0000003,True,90.99489118631047,random,6.024680204715849,269.82593536376953,3
11.628595030978287,False,4.0130139527972215,False,19.83765857605176,0000011.txt,ob_0000003,True,121.30022698206693,random,6.673461671460224,273.5927104949951,3
0.5777652354760119,True,0.28808260420609316,True,19.83765857605176,0000012.txt,ob_0000003,True,1.030518723438055,random,0.5694865508969649,269.8352336883545,3
11.207067655737694,False,0.32784885930809804,True,19.83765857605176,0000013.txt,ob_0000003,True,179.57879056515847,random,0.4492336082064978,269.58298683166504,3
0.9002860010608172,True,0.4061425929908479,True,19.83765857605176,0000014.txt,ob_0000003,True,3.4993933394415526,random,0.8214062218848088,334.4459533691406,3
0.8437566976424702,True,0.3626477501137394,True,19.83765857605176,0000015.txt,ob_0000003,True,3.395027818496098,random,0.7771474890348085,296.0178852081299,3
7.4582600765524605,False,0.5422931303300879,True,19.83765857605176,0000000.txt,ob_0000003,True,179.76835446626956,random,2.080971046235427,320.1146125793457,5
12.64684439103486,False,0.26073934359225087,True,19.83765857605176,0000001.txt,ob_0000003,True,179.9130587485539,random,0.14997942357000402,299.4508743286133,5
11.180166299813633,False,0.3205225541843493,True,19.83765857605176,0000002.txt,ob_0000003,True,178.41316713064433,random,0.4624834080823056,282.84525871276855,5
12.64477197760793,False,0.27744363586835963,True,19.83765857605176,0000003.txt,ob_0000003,True,178.3006139577352,random,0.2655332938264861,281.72826766967773,5
7.129069757817281,False,0.26143773293849,True,19.83765857605176,0000004.txt,ob_0000003,True,179.5973411626744,random,0.1792525643832974,301.119327545166,5
11.191315328532637,False,0.2776808784562824,True,19.83765857605176,0000005.txt,ob_0000003,True,178.59728262755698,random,0.30118855736483513,282.15980529785156,5
14.213870173702961,False,8.095600517123096,False,19.83765857605176,0000006.txt,ob_0000003,True,107.81553358761944,random,10.923315620365512,276.28469467163086,5
9.724660192416138,False,6.267512643038237,False,19.83765857605176,0000007.txt,ob_0000003,True,107.07497523498144,random,8.079346796684854,263.5481357574463,5
0.2589324651225366,True,0.20156606271699157,True,19.83765857605176,0000008.txt,ob_0000003,True,2.7608689802796693,random,0.16811195547471247,276.3848304748535,5
7.149980950978496,False,0.3753536131598381,True,19.83765857605176,0000009.txt,ob_0000003,True,178.97293496340058,random,0.6108989040722473,308.1493377685547,5
12.821503730197131,False,3.83542537785914,False,19.83765857605176,0000010.txt,ob_0000003,True,117.97550373743748,random,8.779006538471549,297.0154285430908,5
7.135371475544987,False,0.3309648196167213,True,19.83765857605176,0000011.txt,ob_0000003,True,176.1207867473622,random,0.32570953480883186,289.05463218688965,5
10.170459578470942,False,2.715634756519197,False,19.83765857605176,0000012.txt,ob_0000003,True,92.46907356038994,random,5.569841944278576,277.2073745727539,5
12.664635434224037,False,0.326109049405939,True,19.83765857605176,0000013.txt,ob_0000003,True,179.6575118059709,random,0.47385352796593777,285.46786308288574,5
11.582673398149554,False,6.984906527837961,False,19.83765857605176,0000014.txt,ob_0000003,True,92.17214089635522,random,10.611615928964977,243.45040321350098,5
7.13485463968683,False,0.2830867207020023,True,19.83765857605176,0000015.txt,ob_0000003,True,179.46860115847844,random,0.4176195370310683,260.8833312988281,5
2.289140681762711,False,0.5780237507975523,True,19.83765857605176,0000000.txt,ob_0000003,True,2.0860621854207984,random,2.2812775011238564,327.46267318725586,10
12.646508914560052,False,0.2648031897353586,True,19.83765857605176,0000001.txt,ob_0000003,True,179.97085660274922,random,0.15795090141296272,312.41846084594727,10
0.6746478022227966,True,0.31153195181548166,True,19.83765857605176,0000002.txt,ob_0000003,True,2.5322744930555445,random,0.628007012447636,321.6075897216797,10
0.2966160871963937,True,0.21516279358210483,True,19.83765857605176,0000003.txt,ob_0000003,True,2.330533851430394,random,0.16833722459783418,367.1274185180664,10
12.638598151997579,False,0.27477670826554823,True,19.83765857605176,0000004.txt,ob_0000003,True,179.02626033223623,random,0.1404994515176035,319.59986686706543,10
0.1863692880683131,True,0.16681720014808477,True,19.83765857605176,0000005.txt,ob_0000003,True,1.2378257666530157,random,0.12482294159475218,353.58667373657227,10
11.187695608171879,False,0.2720478990939203,True,19.83765857605176,0000006.txt,ob_0000003,True,178.36549050085947,random,0.1247402215935101,321.0303783416748,10
1.4836747373799621,True,0.4514822058426953,True,19.83765857605176,0000007.txt,ob_0000003,True,2.3330144011387226,random,1.4636943714829038,340.00110626220703,10
12.6499815422557,False,0.30271409992367804,True,19.83765857605176,0000008.txt,ob_0000003,True,179.25460944597697,random,0.1389657154197388,341.1436080932617,10
0.5608770868830089,True,0.3281236763766491,True,19.83765857605176,0000009.txt,ob_0000003,True,2.899101703227898,random,0.5040556768891208,369.54402923583984,10
12.37072383167827,False,5.763826495817534,False,19.83765857605176,0000010.txt,ob_0000003,True,163.56180983017737,random,9.22082249410297,357.6092720031738,10
7.132857824631825,False,0.37002599902279615,True,19.83765857605176,0000011.txt,ob_0000003,True,175.60732505084755,random,0.3776280088760509,350.034236907959,10
7.530413876691473,False,1.9553113540691072,True,19.83765857605176,0000012.txt,ob_0000003,True,133.49941683004704,random,4.203302535471265,330.8687210083008,10
0.3822458119405668,True,0.24891804506966567,True,19.83765857605176,0000013.txt,ob_0000003,True,2.2614610324067876,random,0.3323460996600809,328.0143737792969,10
0.8764589080514614,True,0.4011397320051872,True,19.83765857605176,0000014.txt,ob_0000003,True,2.980223328402919,random,0.8162270545442395,315.56177139282227,10
7.139373255647385,False,0.2914776253104581,True,19.83765857605176,0000015.txt,ob_0000003,True,179.8610865621582,random,0.4711209581938433,328.24158668518066,10
2.301555683747085,False,0.5819187024562222,True,19.83765857605176,0000000.txt,ob_0000003,True,1.8585732148071106,random,2.294859028042986,470.9928035736084,20
12.645551010649228,False,0.2680694504076617,True,19.83765857605176,0000001.txt,ob_0000003,True,179.8930619811359,random,0.19700534761553568,466.5944576263428,20
7.166915348901864,False,0.2951623284940061,True,19.83765857605176,0000002.txt,ob_0000003,True,179.9117108287141,random,0.5607285986807029,455.62195777893066,20
0.2976048066044267,True,0.2167670427016407,True,19.83765857605176,0000003.txt,ob_0000003,True,2.495371447369561,random,0.1501937892328191,456.33578300476074,20
7.129163389479337,False,0.2679901171549901,True,19.83765857605176,0000004.txt,ob_0000003,True,179.72243135925575,random,0.16766121915191867,462.24308013916016,20
0.17081408937836276,True,0.15415804862060317,True,19.83765857605176,0000005.txt,ob_0000003,True,1.2330390835990137,random,0.11976949168632063,488.6350631713867,20
11.231131600575448,False,0.6394770554983544,True,19.83765857605176,0000006.txt,ob_0000003,True,176.281166535811,random,0.8543995986439885,459.16748046875,20
1.4812666247668154,True,0.4450078709980526,True,19.83765857605176,0000007.txt,ob_0000003,True,1.6562372256346072,random,1.469657409097818,462.5706672668457,20
7.127641108255717,False,0.2481109797554426,True,19.83765857605176,0000008.txt,ob_0000003,True,177.71438697142435,random,0.2014205679481231,470.3214168548584,20
0.5613870732966943,True,0.3297996576846875,True,19.83765857605176,0000009.txt,ob_0000003,True,2.852353497877873,random,0.507510209326441,482.454776763916,20
0.47431960719981936,True,0.3106387904111636,True,19.83765857605176,0000010.txt,ob_0000003,True,0.43586061754753136,random,0.47358962658829734,474.03669357299805,20
7.133337167521223,False,0.3370735492392722,True,19.83765857605176,0000011.txt,ob_0000003,True,176.0372419885525,random,0.3311315109725504,476.4540195465088,20
0.5750215572500603,True,0.2861826840449235,True,19.83765857605176,0000012.txt,ob_0000003,True,0.7627793859346574,random,0.5667133841856407,464.1909599304199,20
0.4182363370325684,True,0.2789030479603871,True,19.83765857605176,0000013.txt,ob_0000003,True,2.3314874011404587,random,0.3658766399204164,463.26637268066406,20
0.8707514764766431,True,0.3978837870954198,True,19.83765857605176,0000014.txt,ob_0000003,True,2.9953455275149024,random,0.8095601635416616,464.41030502319336,20
0.8709806418512864,True,0.3544738990295813,True,19.83765857605176,0000015.txt,ob_0000003,True,2.88486285771179,random,0.827557554484545,470.0579643249512,20
2.2917511697105217,False,0.5789431546113799,True,19.83765857605176,0000000.txt,ob_0000003,True,2.1010749244970395,random,2.2837723957775147,985.7358932495117,50
0.3041669663166928,True,0.22697923967496986,True,19.83765857605176,0000001.txt,ob_0000003,True,2.541580286864607,random,0.2545508669414871,1001.6260147094727,50
0.6764417878186425,True,0.3102374593725789,True,19.83765857605176,0000002.txt,ob_0000003,True,2.3658978721706894,random,0.6369978229075318,991.1007881164551,50
0.30978710678990956,True,0.22119821211516194,True,19.83765857605176,0000003.txt,ob_0000003,True,2.4241079406449875,random,0.17932064384701712,979.7282218933105,50
0.32835622093495653,True,0.23835185281192647,True,19.83765857605176,0000004.txt,ob_0000003,True,1.1476843729890966,random,0.3114546417689493,988.2242679595947,50
0.17496114627489356,True,0.15736494712802035,True,19.83765857605176,0000005.txt,ob_0000003,True,1.266924796336113,random,0.11702960522537319,1001.3487339019775,50
0.20740116609531695,True,0.16788418415617182,True,19.83765857605176,0000006.txt,ob_0000003,True,1.4869822694642298,random,0.17951618419374202,983.5855960845947,50
1.4909013239388562,True,0.43900346197234175,True,19.83765857605176,0000007.txt,ob_0000003,True,1.6244256555572207,random,1.4798643452125015,982.5141429901123,50
7.128854010254498,False,0.25647670779592774,True,19.83765857605176,0000008.txt,ob_0000003,True,177.42647345851546,random,0.24626356213870199,1020.4141139984131,50
0.5347863908448821,True,0.3161905103942589,True,19.83765857605176,0000009.txt,ob_0000003,True,2.3437408796410213,random,0.49530223434811294,1028.787612915039,50
0.40590817238800636,True,0.28705664714356965,True,19.83765857605176,0000010.txt,ob_0000003,True,0.7420528848069069,random,0.40309622901470615,991.248369216919,50
7.13228508640282,False,0.3586381881431922,True,19.83765857605176,0000011.txt,ob_0000003,True,175.53318810403067,random,0.3612537580452767,984.2495918273926,50
0.5867642405375474,True,0.2899792044627875,True,19.83765857605176,0000012.txt,ob_0000003,True,0.9269551609314038,random,0.5755769191015127,991.654634475708,50
0.3813926222701626,True,0.24844742659187213,True,19.83765857605176,0000013.txt,ob_0000003,True,2.3320066546932354,random,0.3266976965054297,999.6018409729004,50
0.8644754531195096,True,0.39663546596320576,True,19.83765857605176,0000014.txt,ob_0000003,True,2.7423401879715943,random,0.8129401663448792,1003.0038356781006,50
0.8193423001543055,True,0.3634294980322487,True,19.83765857605176,0000015.txt,ob_0000003,True,3.4898531482533603,random,0.7451070664094541,1015.6853199005127,50
7.452497000981539,False,0.5388206096557533,True,19.83765857605176,0000000.txt,ob_0000003,True,179.8240990906405,farthest,2.072335648980505,325.0296115875244,1
0.280445828322502,True,0.2164530457149179,True,19.83765857605176,0000001.txt,ob_0000003,True,2.0469774091415864,farthest,0.24438095500952992,255.96880912780762,1
7.168807418923673,False,0.2976851855737304,True,19.83765857605176,0000002.txt,ob_0000003,True,179.9581281656715,farthest,0.5793575110862568,239.72821235656738,1
0.2962764311248426,True,0.21475573263001504,True,19.83765857605176,0000003.txt,ob_0000003,True,2.374571873123401,farthest,0.16042635793935991,269.85621452331543,1
12.89391776674336,False,5.618812465666167,False,19.83765857605176,0000004.txt,ob_0000003,True,146.73304604609606,farthest,7.7247982791618055,251.48820877075195,1
7.135084889688673,False,0.2540430969871863,True,19.83765857605176,0000005.txt,ob_0000003,True,178.96719119288645,farthest,0.21221546657821502,246.17838859558105,1
16.06815117642586,False,10.383696973738111,False,19.83765857605176,0000006.txt,ob_0000003,True,104.0323612517296,farthest,13.137735774148437,259.49907302856445,1
7.272289210987308,False,0.46423775499933545,True,19.83765857605176,0000007.txt,ob_0000003,True,178.88798944531536,farthest,1.3137774624340226,280.48086166381836,1
13.456788544282963,False,7.678697260310825,False,19.83765857605176,0000008.txt,ob_0000003,True,95.97617224554388,farthest,9.960580936638229,256.01673126220703,1
8.629761871732718,False,4.838120290596568,False,19.83765857605176,0000009.txt,ob_0000003,True,26.45922524366039,farthest,8.390830952272296,255.75685501098633,1
12.569615198063705,False,5.8258975163672,False,19.83765857605176,0000010.txt,ob_0000003,True,174.7470215107002,farthest,9.000264279625734,266.39509201049805,1
10.701963963313823,False,3.8253108394319923,False,19.83765857605176,0000011.txt,ob_0000003,True,95.5716959358394,farthest,5.4147655237394146,264.38355445861816,1
11.924134441519955,False,4.535342091369358,False,19.83765857605176,0000012.txt,ob_0000003,True,125.99863054065946,farthest,7.177351391512789,256.77990913391113,1
7.14190469949821,False,0.2834588852545907,True,19.83765857605176,0000013.txt,ob_0000003,True,178.38558309100532,farthest,0.322959943555812,273.3960151672363,1
7.144671486881121,False,0.4229373385713225,True,19.83765857605176,0000014.txt,ob_0000003,True,179.81755711440294,farthest,0.742681327126855,332.82947540283203,1
0.8159028061160714,True,0.35875194537635313,True,19.83765857605176,0000015.txt,ob_0000003,True,3.3493024667618885,farthest,0.7483820979710404,320.43933868408203,1
2.2873008387215608,False,0.5718167525187833,True,19.83765857605176,0000000.txt,ob_0000003,True,1.8922919791146096,farthest,2.281432524971302,383.39710235595703,3
0.28602120126305475,True,0.21949412513872923,True,19.83765857605176,0000001.txt,ob_0000003,True,1.9881079774987174,farthest,0.2539387400333976,301.71728134155273,3
0.6709806432720934,True,0.30879167037330374,True,19.83765857605176,0000002.txt,ob_0000003,True,2.3958908390898825,farthest,0.6293468843572992,298.63810539245605,3
0.2954718905697472,True,0.21470676835696972,True,19.83765857605176,0000003.txt,ob_0000003,True,2.348040153152739,farthest,0.16448634354880684,264.69945907592773,3
13.899197180147697,False,6.715638318205068,False,19.83765857605176,0000004.txt,ob_0000003,True,176.6717129611828,farthest,9.291393760006768,310.6544017791748,3
0.1753772344958209,True,0.1581144919532697,True,19.83765857605176,0000005.txt,ob_0000003,True,1.2878143174011307,farthest,0.11995559649858153,271.6789245605469,3
13.596199032122927,False,8.060373178701076,False,19.83765857605176,0000006.txt,ob_0000003,True,130.88617035332317,farthest,10.935462812616139,314.76354598999023,3
1.490939930667282,True,0.44731675442578334,True,19.83765857605176,0000007.txt,ob_0000003,True,1.627678620551386,farthest,1.4795474044457029,261.6443634033203,3
13.980715498737862,False,8.23311925724907,False,19.83765857605176,0000008.txt,ob_0000003,True,148.9470064010304,farthest,10.740707537806351,329.4410705566406,3
7.14941807529047,False,0.3517723198968418,True,19.83765857605176,0000009.txt,ob_0000003,True,179.25211433170026,farthest,0.5757117622462308,335.2503776550293,3
13.756463155146356,False,7.059727894422571,False,19.83765857605176,0000010.txt,ob_0000003,True,90.67607024336094,farthest,10.32906694693336,347.1832275390625,3
10.296008005894137,False,3.3403649283116557,False,19.83765857605176,0000011.txt,ob_0000003,True,158.08312883027702,farthest,4.5139558849927095,297.41644859313965,3
12.746271418062285,False,5.672299151366974,False,19.83765857605176,0000012.txt,ob_0000003,True,159.77205050917524,farthest,8.927249786436567,272.94063568115234,3
0.3852777771975511,True,0.24790114859621643,True,19.83765857605176,0000013.txt,ob_0000003,True,2.502493400156278,farthest,0.3228996878472482,307.61241912841797,3
0.8429548714381775,True,0.38943895372518195,True,19.83765857605176,0000014.txt,ob_0000003,True,2.9082279128027126,farthest,0.7836162651793281,299.98326301574707,3
0.8159160575568822,True,0.35882003950675284,True,19.83765857605176,0000015.txt,ob_0000003,True,3.35199932205237,farthest,0.7482925861674441,287.4882221221924,3
2.2870380469422478,False,0.5717021741716993,True,19.83765857605176,0000000.txt,ob_0000003,True,1.8894403182502422,farthest,2.281205411171641,371.7467784881592,5
0.2935677544186447,True,0.22302408894784828,True,19.83765857605176,0000001.txt,ob_0000003,True,2.0288399439980083,farthest,0.2612741428227139,273.51856231689453,5
0.6746394446608813,True,0.31081593106941,True,19.83765857605176,0000002.txt,ob_0000003,True,2.479982845850685,farthest,0.6305955478658737,263.1490230560303,5
0.29665371689657133,True,0.21484955100912964,True,19.83765857605176,0000003.txt,ob_0000003,True,2.3731665749429576,farthest,0.16102844977130434,271.6653347015381,5
0.3148749036326733,True,0.23687066173465565,True,19.83765857605176,0000004.txt,ob_0000003,True,1.3128247792041923,farthest,0.29188862059090226,341.67981147766113,5
0.17364262634367253,True,0.1568587906736005,True,19.83765857605176,0000005.txt,ob_0000003,True,1.2770518556169301,farthest,0.11977554988246927,302.40583419799805,5
0.22707021131119623,True,0.1805578750902832,True,19.83765857605176,0000006.txt,ob_0000003,True,1.4067921471014082,farthest,0.19935564199318767,269.61684226989746,5
1.4918542976594216,True,0.44793141436717054,True,19.83765857605176,0000007.txt,ob_0000003,True,1.6359068562790267,farthest,1.4803826732600138,253.54981422424316,5
0.25226666384991836,True,0.19888990058105865,True,19.83765857605176,0000008.txt,ob_0000003,True,2.5753722204929144,farthest,0.1656016644515752,352.48565673828125,5
7.149152285701868,False,0.35317494488531287,True,19.83765857605176,0000009.txt,ob_0000003,True,179.25705168886577,farthest,0.5684590123590866,323.3766555786133,5
5.328437888842526,False,2.2985354736018473,False,19.83765857605176,0000010.txt,ob_0000003,True,82.54585391455302,farthest,3.7292533893004673,304.32701110839844,5
0.5082948182143456,True,0.34497198003885066,True,19.83765857605176,0000011.txt,ob_0000003,True,5.161873572257725,farthest,0.3532152346102109,324.6433734893799,5
0.5845187189107716,True,0.29218076520796155,True,19.83765857605176,0000012.txt,ob_0000003,True,1.0463297686262645,farthest,0.5707285972765839,261.75999641418457,5
0.38603904325055216,True,0.24813442720217943,True,19.83765857605176,0000013.txt,ob_0000003,True,2.413681392433867,farthest,0.3268285943583974,243.23511123657227,5
0.8507101864457606,True,0.39328042027358695,True,19.83765857605176,0000014.txt,ob_0000003,True,3.066739824983527,farthest,0.7854397458910244,269.38843727111816,5
0.8155597890664279,True,0.35898569331481506,True,19.83765857605176,0000015.txt,ob_0000003,True,3.3576089618371134,farthest,0.7475982046922465,302.9646873474121,5
2.2870380469422478,False,0.5717021741716993,True,19.83765857605176,0000000.txt,ob_0000003,True,1.8894403182502422,farthest,2.281205411171641,363.1913661956787,10
0.2935677544186447,True,0.22302408894784828,True,19.83765857605176,0000001.txt,ob_0000003,True,2.0288399439980083,farthest,0.2612741428227139,330.430269241333,10
0.6746394446608813,True,0.31081593106941,True,19.83765857605176,0000002.txt,ob_0000003,True,2.479982845850685,farthest,0.6305955478658737,310.6060028076172,10
0.29665371689657133,True,0.21484955100912964,True,19.83765857605176,0000003.txt,ob_0000003,True,2.3731665749429576,farthest,0.16102844977130434,332.3817253112793,10
0.3148749036326733,True,0.23687066173465565,True,19.83765857605176,0000004.txt,ob_0000003,True,1.3128247792041923,farthest,0.29188862059090226,351.2392044067383,10
0.17364262634367253,True,0.1568587906736005,True,19.83765857605176,0000005.txt,ob_0000003,True,1.2770518556169301,farthest,0.11977554988246927,307.68322944641113,10
0.22707021131119623,True,0.1805578750902832,True,19.83765857605176,0000006.txt,ob_0000003,True,1.4067921471014082,farthest,0.19935564199318767,324.1996765136719,10
1.4918542976594216,True,0.44793141436717054,True,19.83765857605176,0000007.txt,ob_0000003,True,1.6359068562790267,farthest,1.4803826732600138,318.4072971343994,10
7.130273997069662,False,0.261111880771993,True,19.83765857605176,0000008.txt,ob_0000003,True,177.42050546765083,farthest,0.26937346745113594,316.18595123291016,10
0.5252804160833663,True,0.31876930150974453,True,19.83765857605176,0000009.txt,ob_0000003,True,2.2875756031349237,farthest,0.4885198379192641,316.15281105041504,10
12.825237900053382,False,5.665594468047564,False,19.83765857605176,0000010.txt,ob_0000003,True,166.27247243751563,farthest,9.53921120225348,339.68305587768555,10
7.132745932565281,False,0.3603298034006258,True,19.83765857605176,0000011.txt,ob_0000003,True,175.4546544083607,farthest,0.3673722926406288,340.9297466278076,10
0.5845187189107716,True,0.29218076520796155,True,19.83765857605176,0000012.txt,ob_0000003,True,1.0463297686262645,farthest,0.5707285972765839,320.2037811279297,10
0.38603904325055216,True,0.24813442720217943,True,19.83765857605176,0000013.txt,ob_0000003,True,2.413681392433867,farthest,0.3268285943583974,329.20312881469727,10
0.8664927265525498,True,0.3941224058739235,True,19.83765857605176,0000014.txt,ob_0000003,True,3.1133561502673612,farthest,0.8012014678848753,310.23335456848145,10
0.8748770316594814,True,0.3774935560552464,True,19.83765857605176,0000015.txt,ob_0000003,True,3.889916519631049,farthest,0.791437536293744,317.0320987701416,10
2.2869110640193497,False,0.5716587329349869,True,19.83765857605176,0000000.txt,ob_0000003,True,1.893069415752594,farthest,2.2810721051444367,482.90181159973145,20
0.28076080106557094,True,0.216601602635641,True,19.83765857605176,0000001.txt,ob_0000003,True,2.03447647378066,farthest,0.24553133779808664,461.9112014770508,20
0.6748149976056746,True,0.31111484629101727,True,19.83765857605176,0000002.txt,ob_0000003,True,2.4600678443138846,farthest,0.6306792784037889,465.9092426300049,20
0.2965902355720233,True,0.21474067933428767,True,19.83765857605176,0000003.txt,ob_0000003,True,2.369228759397543,farthest,0.16122633535989211,467.2961235046387,20
0.3224057366834529,True,0.23976543193179486,True,19.83765857605176,0000004.txt,ob_0000003,True,1.3841308550170697,farthest,0.29663722563115913,479.97355461120605,20
0.1745547005149205,True,0.1572773669013329,True,19.83765857605176,0000005.txt,ob_0000003,True,1.2994161436601825,farthest,0.11916098215256736,473.6645221710205,20
0.24275525966268963,True,0.18735784422358695,True,19.83765857605176,0000006.txt,ob_0000003,True,1.2396354714940407,farthest,0.22311454975167153,465.4362201690674,20
1.4912333421698247,True,0.44742366042232934,True,19.83765857605176,0000007.txt,ob_0000003,True,1.6398351782002043,farthest,1.4796591829741446,480.24439811706543,20
7.129414033427531,False,0.2558304992872536,True,19.83765857605176,0000008.txt,ob_0000003,True,177.44943522857585,farthest,0.2439103719446135,488.87014389038086,20
0.5310472579731071,True,0.3198284432108294,True,19.83765857605176,0000009.txt,ob_0000003,True,2.43884573670959,farthest,0.49279798306767764,484.5094680786133,20
0.40590817238800636,True,0.28705664714356965,True,19.83765857605176,0000010.txt,ob_0000003,True,0.7420528848069069,farthest,0.40309622901470615,474.41649436950684,20
7.13247618828393,False,0.3585662225626469,True,19.83765857605176,0000011.txt,ob_0000003,True,175.41966243169242,farthest,0.3617071484446971,483.2484722137451,20
0.5880305033211252,True,0.2929940209832927,True,19.83765857605176,0000012.txt,ob_0000003,True,1.020874225924369,farthest,0.5749379253602783,464.01143074035645,20
0.3857328224869316,True,0.2480689147900069,True,19.83765857605176,0000013.txt,ob_0000003,True,2.4900021288167937,farthest,0.3240554475614686,472.04065322875977,20
0.8800733038383677,True,0.3948384674513256,True,19.83765857605176,0000014.txt,ob_0000003,True,2.801716628330898,farthest,0.8272456910013763,493.43252182006836,20
0.8364389357802874,True,0.36460006522771093,True,19.83765857605176,0000015.txt,ob_0000003,True,3.708845304092035,farthest,0.7597531489062141,504.08005714416504,20
2.2869117973446556,False,0.5716567354685234,True,19.83765857605176,0000000.txt,ob_0000003,True,1.893069415752594,farthest,2.281072847323352,1029.0498733520508,50
0.2794073092214941,True,0.21532595153934692,True,19.83765857605176,0000001.txt,ob_0000003,True,1.7839193446424237,farthest,0.2518663503638439,986.8316650390625,50
0.6748554040293233,True,0.3111260502980282,True,19.83765857605176,0000002.txt,ob_0000003,True,2.4605514187848136,farthest,0.6307071027164711,991.4462566375732,50
0.2967069768931186,True,0.21479615601941332,True,19.83765857605176,0000003.txt,ob_0000003,True,2.369676284082088,farthest,0.16133933091536887,1004.9335956573486,50
0.3224057366834529,True,0.23976543193179486,True,19.83765857605176,0000004.txt,ob_0000003,True,1.3841308550170697,farthest,0.29663722563115913,1005.0227642059326,50
0.1745547005149205,True,0.1572773669013329,True,19.83765857605176,0000005.txt,ob_0000003,True,1.2994161436601825,farthest,0.11916098215256736,976.6190052032471,50
0.24275525966268963,True,0.18735784422358695,True,19.83765857605176,0000006.txt,ob_0000003,True,1.2396354714940407,farthest,0.22311454975167153,997.8306293487549,50
1.4912333421698247,True,0.44742366042232934,True,19.83765857605176,0000007.txt,ob_0000003,True,1.6398351782002043,farthest,1.4796591829741446,996.1104393005371,50
7.129414829379131,False,0.2558694024242183,True,19.83765857605176,0000008.txt,ob_0000003,True,177.4493866013055,farthest,0.24412138670606814,985.0554466247559,50
0.5310472579731071,True,0.3198284432108294,True,19.83765857605176,0000009.txt,ob_0000003,True,2.43884573670959,farthest,0.49279798306767764,994.2891597747803,50
0.40590817238800636,True,0.28705664714356965,True,19.83765857605176,0000010.txt,ob_0000003,True,0.7420528848069069,farthest,0.40309622901470615,982.9411506652832,50
7.132480515037654,False,0.35874419361494486,True,19.83765857605176,0000011.txt,ob_0000003,True,175.41363671835973,farthest,0.3621254942928321,962.4764919281006,50
0.5880305033211252,True,0.2929940209832927,True,19.83765857605176,0000012.txt,ob_0000003,True,1.020874225924369,farthest,0.5749379253602783,963.9604091644287,50
0.3825763944673406,True,0.2481595765756071,True,19.83765857605176,0000013.txt,ob_0000003,True,2.3743718227150064,farthest,0.3260964179950939,960.5493545532227,50
0.8658303872688933,True,0.39501105445643475,True,19.83765857605176,0000014.txt,ob_0000003,True,3.0885666614916016,farthest,0.8005223694960437,961.1592292785645,50
0.8350430821268623,True,0.3644092839323282,True,19.83765857605176,0000015.txt,ob_0000003,True,3.713897804582058,farthest,0.7583585497090981,1004.7893524169922,50
7.071143903504322,False,2.7121714097777265,False,12.054343012790039,0000000.txt,ob_0000004,True,99.52761179685258,random,3.557660409195912,337.6004695892334,1
10.673186625860179,False,3.5861297570673236,False,12.054343012790039,0000001.txt,ob_0000004,True,165.35710670023622,random,6.910426044747159,276.4260768890381,1
8.114909358931838,False,3.838150086759821,False,12.054343012790039,0000002.txt,ob_0000004,True,97.34315908312101,random,5.461962206995275,310.6691837310791,1
8.204177208967982,False,0.4135376543844412,True,12.054343012790039,0000003.txt,ob_0000004,True,178.08889504179817,random,0.7333465065926223,268.83840560913086,1
3.9942114350171822,False,0.20063657674290145,True,12.054343012790039,0000004.txt,ob_0000004,True,84.80301143577354,random,0.11624005193994708,264.97769355773926,1
8.754273602484385,False,3.8496384316737213,False,12.054343012790039,0000005.txt,ob_0000004,True,99.11205015988654,random,6.623129814115577,270.7498073577881,1
9.178506059383135,False,3.5944290826215495,False,12.054343012790039,0000006.txt,ob_0000004,True,103.74692835259735,random,6.66585441009672,260.53810119628906,1
9.981933059666758,False,4.882417583416767,False,12.054343012790039,0000007.txt,ob_0000004,True,108.73903034263348,random,7.68519724082468,268.54753494262695,1
6.957293011649986,False,1.6454294801919571,False,12.054343012790039,0000008.txt,ob_0000004,True,121.30014206165349,random,1.77751071954322,261.08860969543457,1
7.92446705644335,False,2.193519908855867,False,12.054343012790039,0000009.txt,ob_0000004,True,132.4801496783164,random,4.509271467810433,277.53138542175293,1
6.886876600886172,False,1.7092941154201209,False,12.054343012790039,0000010.txt,ob_0000004,True,103.47861787340976,random,3.340514844891541,255.31721115112305,1
9.837073957339733,False,3.0045970915196554,False,12.054343012790039,0000011.txt,ob_0000004,True,152.9276961452048,random,5.862410233449059,277.10700035095215,1
7.128712715385295,False,2.211198681194055,False,12.054343012790039,0000012.txt,ob_0000004,True,92.98857923757606,random,4.411497975047696,277.47631072998047,1
7.566176083576709,False,1.6005585086112033,False,12.054343012790039,0000013.txt,ob_0000004,True,156.43333476871462,random,3.0231842227796513,268.89801025390625,1
7.575702406647024,False,1.9332777633910467,False,12.054343012790039,0000014.txt,ob_0000004,True,131.10140539559256,random,3.593604068413667,276.6122817993164,1
3.1247960938203887,False,0.2391123723308805,True,12.054343012790039,0000015.txt,ob_0000004,True,63.3206340308347,random,0.29363214987638386,247.00450897216797,1
5.937921089485176,False,0.27112511678980006,True,12.054343012790039,0000000.txt,ob_0000004,True,177.49043055859178,random,0.3198450897009311,270.6773281097412,3
9.15517473344906,False,4.772783036241714,False,12.054343012790039,0000001.txt,ob_0000004,True,88.05421170206694,random,7.815712514023201,275.2118110656738,3
4.741601441589122,False,0.30093678385726275,True,12.054343012790039,0000002.txt,ob_0000004,True,105.23378912323331,random,0.5644731184248284,282.4583053588867,3
3.889659058155907,False,0.29113901478945226,True,12.054343012790039,0000003.txt,ob_0000004,True,81.44624361962231,random,0.4557098221607544,282.8366756439209,3
9.541229611780503,False,4.896990531378007,False,12.054343012790039,0000004.txt,ob_0000004,True,103.21956013618124,random,7.562151355218047,258.2552433013916,3
9.043430904526888,False,3.8671336082940453,False,12.054343012790039,0000005.txt,ob_0000004,True,175.32540413742305,random,6.207918892533291,276.6742706298828,3
8.169235296836339,False,0.3061162742036753,True,12.054343012790039,0000006.txt,ob_0000004,True,176.86049747706753,random,0.42427545857207405,271.3797092437744,3
4.277881404357146,False,0.29236288841806124,True,12.054343012790039,0000007.txt,ob_0000004,True,92.21775594036511,random,0.43904343364093695,258.12721252441406,3
0.2778911806075949,True,0.2021489798447546,True,12.054343012790039,0000008.txt,ob_0000004,True,1.8994271200275739,random,0.27723588307842295,332.65018463134766,3
0.7575673676893206,True,0.40178454429154725,True,12.054343012790039,0000009.txt,ob_0000004,True,3.7457034933706397,random,0.7009762347326254,296.59128189086914,3
8.26908245746146,False,0.29435562717779373,True,12.054343012790039,0000010.txt,ob_0000004,True,173.55560218040327,random,0.3878662874881999,324.4178295135498,3
2.8103538671211283,False,0.7622299439617093,True,12.054343012790039,0000011.txt,ob_0000004,True,46.68476667996379,random,1.427923093612238,274.7676372528076,3
6.88397563515766,False,1.7571374319997792,False,12.054343012790039,0000012.txt,ob_0000004,True,112.67449758139102,random,3.9302189371334046,260.45823097229004,3
9.032955070184846,False,4.07101473458358,False,12.054343012790039,0000013.txt,ob_0000004,True,110.19642538118556,random,6.620132092097022,277.2536277770996,3
8.10286047094371,False,2.8492233497074753,False,12.054343012790039,0000014.txt,ob_0000004,True,120.10712712905469,random,4.953398731635681,258.2745552062988,3
8.130654331663603,False,0.24367028418710526,True,12.054343012790039,0000015.txt,ob_0000004,True,179.3059082176751,random,0.16550933261835293,278.700590133667,3
0.3783929083125951,True,0.2229980394848476,True,12.054343012790039,0000000.txt,ob_0000004,True,2.947037806015896,random,0.34186460043175343,285.5045795440674,5
11.194904046688961,False,5.227621846807205,False,12.054343012790039,0000001.txt,ob_0000004,True,175.10961049458692,random,8.37894634186749,306.45084381103516,5
1.1630247084603862,True,0.316146043857505,True,12.054343012790039,0000002.txt,ob_0000004,True,19.439130420794722,random,0.5768323533400246,251.129150390625,5
0.44844959539309326,True,0.26805757263669355,True,12.054343012790039,0000003.txt,ob_0000004,True,1.9435977567758413,random,0.4278739492851418,277.27818489074707,5
8.225038223410047,False,0.22613325387875363,True,12.054343012790039,0000004.txt,ob_0000004,True,178.04398434804324,random,0.14675217116171807,322.490930557251,5
4.925930830748394,False,0.2986476500184837,True,12.054343012790039,0000005.txt,ob_0000004,True,111.55604140586188,random,0.47517278273662206,301.88536643981934,5
8.249302842469678,False,0.3091630596605568,True,12.054343012790039,0000006.txt,ob_0000004,True,177.8570105011327,random,0.4976040918235114,278.4843444824219,5
4.835842871099709,False,0.27532557865528723,True,12.054343012790039,0000007.txt,ob_0000004,True,109.13887416435657,random,0.3885535668256711,288.88654708862305,5
0.29903940044159694,True,0.21467177526880502,True,12.054343012790039,0000008.txt,ob_0000004,True,1.7316657068988115,random,0.2935383536789643,320.31798362731934,5
8.01939189869152,False,3.3143514748147473,False,12.054343012790039,0000009.txt,ob_0000004,True,92.83018713048803,random,6.393770598769654,331.83908462524414,5
8.197940673448123,False,0.30287878857371103,True,12.054343012790039,0000010.txt,ob_0000004,True,179.68192184815786,random,0.45632467239549696,329.160213470459,5
5.397716878485223,False,0.22378963732013632,True,12.054343012790039,0000011.txt,ob_0000004,True,130.59349734547087,random,0.2685890809173212,280.7190418243408,5
8.23080822015838,False,0.2577666213536339,True,12.054343012790039,0000012.txt,ob_0000004,True,179.92971602101977,random,0.2234989495474217,282.59801864624023,5
9.329910987955364,False,4.002882827403953,False,12.054343012790039,0000013.txt,ob_0000004,True,134.99672766494461,random,6.501325509500807,270.7507610321045,5
7.921672707422421,False,1.899765796753918,False,12.054343012790039,0000014.txt,ob_0000004,True,172.22780912321937,random,3.956489371104499,267.81511306762695,5
3.6775535477505152,False,0.22456015358728068,True,12.054343012790039,0000015.txt,ob_0000004,True,76.4670951245323,random,0.2712756633095692,265.80023765563965,5
0.8004870757773922,True,0.32301912369756575,True,12.054343012790039,0000000.txt,ob_0000004,True,12.40628050759293,random,0.28538014081099733,337.5513553619385,10
5.197491879133896,False,0.2077864809214292,True,12.054343012790039,0000001.txt,ob_0000004,True,122.22656674280576,random,0.24639494929567413,316.5416717529297,10
1.119705587648104,True,0.3028615611052738,True,12.054343012790039,0000002.txt,ob_0000004,True,18.6406284128434,random,0.5592202738720129,323.21977615356445,10
4.3800953729402545,False,0.29355485506349266,True,12.054343012790039,0000003.txt,ob_0000004,True,95.03536088950005,random,0.416784449616037,327.8181552886963,10
0.5695042109356417,True,0.18262848884872748,True,12.054343012790039,0000004.txt,ob_0000004,True,10.557630481683471,random,0.17168257340862558,338.64569664001465,10
8.088468391150139,False,3.330483412170928,False,12.054343012790039,0000005.txt,ob_0000004,True,105.69687497148415,random,5.717119898693545,347.3851680755615,10
8.24039743000166,False,0.30176597332903055,True,12.054343012790039,0000006.txt,ob_0000004,True,177.7537848547458,random,0.4595101288840584,339.9934768676758,10
5.922002452055934,False,0.29179923264512103,True,12.054343012790039,0000007.txt,ob_0000004,True,170.859543023812,random,0.43050045705592727,340.89136123657227,10
0.2755447856743339,True,0.20218691618372214,True,12.054343012790039,0000008.txt,ob_0000004,True,1.7924905527703738,random,0.2705767913692865,325.925350189209,10
9.65716426993173,False,4.067154577341568,False,12.054343012790039,0000009.txt,ob_0000004,True,179.94435482481606,random,6.273266249380274,326.096773147583,10
8.204856912953005,False,0.3075587064263451,True,12.054343012790039,0000010.txt,ob_0000004,True,174.49338741473673,random,0.44580108730021284,360.08214950561523,10
4.805996355571066,False,0.231712463234124,True,12.054343012790039,0000011.txt,ob_0000004,True,107.75228040661769,random,0.31598346136462185,315.35935401916504,10
0.16015218975309847,True,0.12985876711576697,True,12.054343012790039,0000012.txt,ob_0000004,True,2.3460694500754027,random,0.08749128082256455,317.8582191467285,10
1.9389937730237217,False,0.200922294373969,True,12.054343012790039,0000013.txt,ob_0000004,True,37.94842074151561,random,0.17641085528274358,332.9150676727295,10
8.166832097736423,False,0.23761566539561044,True,12.054343012790039,0000014.txt,ob_0000004,True,176.92421925112407,random,0.3216783630264422,312.50715255737305,10
0.28785349462233195,True,0.19784634580447893,True,12.054343012790039,0000015.txt,ob_0000004,True,1.7055529491815298,random,0.2706494976683713,322.3094940185547,10
0.38074398801704945,True,0.223747450802579,True,12.054343012790039,0000000.txt,ob_0000004,True,2.9193817202901973,random,0.3450978257158629,470.16334533691406,20
5.373760622102849,False,0.21038615845784292,True,12.054343012790039,0000001.txt,ob_0000004,True,129.6714503715732,random,0.2570127817965795,453.9453983306885,20
0.5799307656159222,True,0.30282023481199155,True,12.054343012790039,0000002.txt,ob_0000004,True,1.762962842750245,random,0.572059343262962,459.35964584350586,20
0.4471989315400292,True,0.2671226617133784,True,12.054343012790039,0000003.txt,ob_0000004,True,2.0409516266035435,random,0.42488312949004353,463.96756172180176,20
8.22844671643714,False,0.22188375121963605,True,12.054343012790039,0000004.txt,ob_0000004,True,177.32119434213934,random,0.11933560794048241,487.7951145172119,20
1.1889623393475566,True,0.34881470021297944,True,12.054343012790039,0000005.txt,ob_0000004,True,21.043244823790705,random,0.5308651107971191,480.21697998046875,20
0.6080758047232699,True,0.2604886868716945,True,12.054343012790039,0000006.txt,ob_0000004,True,9.321660725505442,random,0.4226085125769922,486.07587814331055,20
4.365640997123823,False,0.29668219703449156,True,12.054343012790039,0000007.txt,ob_0000004,True,94.03744616272598,random,0.45854505557300856,487.72644996643066,20
0.28551097566862527,True,0.20664675783194675,True,12.054343012790039,0000008.txt,ob_0000004,True,1.8797732717623163,random,0.2793269003108219,476.5045642852783,20
4.9302815041458405,False,0.4033369706677545,True,12.054343012790039,0000009.txt,ob_0000004,True,110.7151726041447,random,0.6956575054996628,457.0753574371338,20
0.5014255789941744,True,0.2675864964856352,True,12.054343012790039,0000010.txt,ob_0000004,True,5.663447582641513,random,0.33221848278772004,455.35969734191895,20
0.23032178852065727,True,0.18057869134640145,True,12.054343012790039,0000011.txt,ob_0000004,True,0.6149040773743987,random,0.22605574242218954,469.9082374572754,20
0.1654905708876072,True,0.13205915520214226,True,12.054343012790039,0000012.txt,ob_0000004,True,2.3688774736123017,random,0.0895387416779385,480.8464050292969,20
4.829285649433338,False,0.1873496134435653,True,12.054343012790039,0000013.txt,ob_0000004,True,108.95620058870266,random,0.12996335388179173,476.74036026000977,20
0.15756178399788717,True,0.13233048242828632,True,12.054343012790039,0000014.txt,ob_0000004,True,1.6096693680966963,random,0.12805528833709104,496.6742992401123,20
0.2864977645740081,True,0.19696544120319887,True,12.054343012790039,0000015.txt,ob_0000004,True,1.7466732674667498,random,0.26825313468605194,451.5092372894287,20
0.37997430438968055,True,0.2234053160861738,True,12.054343012790039,0000000.txt,ob_0000004,True,2.979432085183458,random,0.3428773575887803,1014.6231651306152,50
0.3225277981410522,True,0.17017649241326402,True,12.054343012790039,0000001.txt,ob_0000004,True,5.441055380762307,random,0.17271686143994566,969.871997833252,50
0.5795095263645393,True,0.30242895898134525,True,12.054343012790039,0000002.txt,ob_0000004,True,1.7728362825064246,random,0.5716935193944936,978.8072109222412,50
0.42888885298977986,True,0.25979451669146153,True,12.054343012790039,0000003.txt,ob_0000004,True,1.2907149508614735,random,0.42012442587440957,996.6461658477783,50
0.5619397082377942,True,0.1782759090629426,True,12.054343012790039,0000004.txt,ob_0000004,True,10.480447218818517,random,0.16495859519273104,1006.9327354431152,50
0.5158431811536374,True,0.2901974178182658,True,12.054343012790039,0000005.txt,ob_0000004,True,4.872029729335314,random,0.4215221305211992,980.3798198699951,50
0.613744265690981,True,0.25993378431582753,True,12.054343012790039,0000006.txt,ob_0000004,True,9.497073799413002,random,0.4199653689512647,983.0453395843506,50
0.481858110534888,True,0.27879077963852467,True,12.054343012790039,0000007.txt,ob_0000004,True,1.153378094245456,random,0.46901138072063225,983.2131862640381,50
0.28035711846892863,True,0.20550703654099223,True,12.054343012790039,0000008.txt,ob_0000004,True,1.6768789008124039,random,0.2772846545129912,989.4442558288574,50
0.747942653611773,True,0.39718919293765637,True,12.054343012790039,0000009.txt,ob_0000004,True,3.7610592932794416,random,0.6912632117742025,987.9150390625,50
0.49070046678718693,True,0.265557746952522,True,12.054343012790039,0000010.txt,ob_0000004,True,5.428514772038431,random,0.3316214830108389,999.3112087249756,50
0.2632963007913614,True,0.19628822993414263,True,12.054343012790039,0000011.txt,ob_0000004,True,1.006434417370884,random,0.25760843199781364,1002.0577907562256,50
0.18804535455210472,True,0.14487829234175448,True,12.054343012790039,0000012.txt,ob_0000004,True,2.6098519157733935,random,0.0951332955186724,1001.6450881958008,50
0.25756232830674347,True,0.15954200723816345,True,12.054343012790039,0000013.txt,ob_0000004,True,3.9384284456117817,random,0.16686302766522468,1034.0869426727295,50
4.636322020770176,False,0.17894741262090794,True,12.054343012790039,0000014.txt,ob_0000004,True,102.86389343242767,random,0.1380440957975374,1019.859790802002,50
0.28726747167275485,True,0.1991816994805576,True,12.054343012790039,0000015.txt,ob_0000004,True,1.748501953383467,random,0.26834580120188983,1021.5072631835938,50
8.195347259347393,False,0.2572157950578767,True,12.054343012790039,0000000.txt,ob_0000004,True,179.2713511510601,farthest,0.1679765596660354,294.1744327545166,1
11.569240810820922,False,6.3181101975236516,False,12.054343012790039,0000001.txt,ob_0000004,True,128.94159045186402,farthest,9.821604017044056,238.44575881958008,1
8.236884687141808,False,0.24270261432243664,True,12.054343012790039,0000002.txt,ob_0000004,True,179.66980448084368,farthest,0.4645101440473602,266.94536209106445,1
8.17938721337768,False,0.3646718374543129,True,12.054343012790039,0000003.txt,ob_0000004,True,178.93594193911852,farthest,0.5552199891247795,263.8542652130127,1
8.485071905026576,False,3.0612941013389996,False,12.054343012790039,0000004.txt,ob_0000004,True,170.82562576931667,farthest,5.429407867562741,253.2062530517578,1
8.73784704330617,False,3.684724428046841,False,12.054343012790039,0000005.txt,ob_0000004,True,129.25878258131365,farthest,6.681287535179731,246.31261825561523,1
6.654298544368922,False,1.5918386579195385,False,12.054343012790039,0000006.txt,ob_0000004,True,93.3391180543668,farthest,3.21121328620175,245.96762657165527,1
10.114809308998622,False,5.397164837706371,False,12.054343012790039,0000007.txt,ob_0000004,True,96.06610258343373,farthest,8.240361267263408,287.6133918762207,1
8.201585414644027,False,0.27432189326405687,True,12.054343012790039,0000008.txt,ob_0000004,True,179.51570585369316,farthest,0.3970721004254837,299.3817329406738,1
6.797981177024083,False,1.8998028855223033,False,12.054343012790039,0000009.txt,ob_0000004,True,92.61440453990458,farthest,3.2805571921760723,290.7679080963135,1
6.912022541691817,False,1.328764383573708,False,12.054343012790039,0000010.txt,ob_0000004,True,116.06682917882456,farthest,2.546388578438597,277.00114250183105,1
8.21327802432235,False,3.2933888247455037,False,12.054343012790039,0000011.txt,ob_0000004,True,113.19729977124301,farthest,5.736748697086198,295.0098514556885,1
8.723958863376883,False,2.6177088156396233,False,12.054343012790039,0000012.txt,ob_0000004,True,151.01529642647245,farthest,5.540431505247414,253.83687019348145,1
7.686306399584613,False,1.5682232821165925,False,12.054343012790039,0000013.txt,ob_0000004,True,179.52007392794255,farthest,3.0592801031645056,252.2420883178711,1
7.296931836419931,False,1.3834654601006202,False,12.054343012790039,0000014.txt,ob_0000004,True,137.7419771247981,farthest,2.5971709375132375,260.07080078125,1
5.86037529531819,False,0.22161074256067093,True,12.054343012790039,0000015.txt,ob_0000004,True,162.19850560164411,farthest,0.22935618405597719,320.30439376831055,1
5.278945420078683,False,0.26012682045052915,True,12.054343012790039,0000000.txt,ob_0000004,True,125.26488060479802,farthest,0.2983805908402503,452.00181007385254,3
11.563014602818889,False,6.58041499542763,False,12.054343012790039,0000001.txt,ob_0000004,True,148.12288316486385,farthest,9.616495777156112,290.38023948669434,3
0.583489014249457,True,0.3045259350623701,True,12.054343012790039,0000002.txt,ob_0000004,True,1.742697630074615,farthest,0.5761028502432431,305.86957931518555,3
8.179349265302815,False,0.3694978240056261,True,12.054343012790039,0000003.txt,ob_0000004,True,177.78066899318264,farthest,0.5879764874719715,304.34560775756836,3
7.7268460514649435,False,2.0137898670970236,False,12.054343012790039,0000004.txt,ob_0000004,True,168.87158801736857,farthest,3.4658289059248415,311.1085891723633,3
9.055617306073376,False,4.049834933715124,False,12.054343012790039,0000005.txt,ob_0000004,True,152.27326148611732,farthest,6.543995893902857,283.203125,3
7.878384252139051,False,1.3861469332315433,False,12.054343012790039,0000006.txt,ob_0000004,True,161.78454473002597,farthest,3.2991187762616345,289.1530990600586,3
9.731135336168446,False,5.0130840907018825,False,12.054343012790039,0000007.txt,ob_0000004,True,97.71308793116695,farthest,7.786331762888526,382.34901428222656,3
0.28638645379725186,True,0.20809351221685762,True,12.054343012790039,0000008.txt,ob_0000004,True,1.781093260702044,farthest,0.2797367125020861,331.26306533813477,3
6.792080986474631,False,1.2780970697250342,False,12.054343012790039,0000009.txt,ob_0000004,True,113.4510849697753,farthest,2.175826913680751,324.45216178894043,3
6.384310218842044,False,1.7108953793209296,False,12.054343012790039,0000010.txt,ob_0000004,True,86.31755039696955,farthest,3.1464020163003252,265.6252384185791,3
7.986797846370189,False,2.514928100019241,False,12.054343012790039,0000011.txt,ob_0000004,True,172.7537912266329,farthest,3.829915895543838,264.91498947143555,3
7.195353497485849,False,1.6799825720140216,False,12.054343012790039,0000012.txt,ob_0000004,True,175.54363601046768,farthest,3.3972861538042523,257.2212219238281,3
6.6871139475434855,False,1.4431875318966172,False,12.054343012790039,0000013.txt,ob_0000004,True,100.00608017575266,farthest,3.1785294245496156,300.9147644042969,3
7.371679117133781,False,1.3916274545285905,False,12.054343012790039,0000014.txt,ob_0000004,True,143.9195552024769,farthest,2.5247869871378565,266.312837600708,3
0.2792355174510572,True,0.19431297159794214,True,12.054343012790039,0000015.txt,ob_0000004,True,1.9472610509423176,farthest,0.2566385246814924,262.2814178466797,3
3.045738195561221,False,0.247306217986652,True,12.054343012790039,0000000.txt,ob_0000004,True,61.52503536460359,farthest,0.3110937831589866,346.904993057251,5
0.3143725404768963,True,0.1727685593080331,True,12.054343012790039,0000001.txt,ob_0000004,True,5.046631293247823,farthest,0.18641329325249628,291.32986068725586,5
0.5751134411917849,True,0.30158870956080314,True,12.054343012790039,0000002.txt,ob_0000004,True,1.7825778564248769,farthest,0.5666458975577634,277.1601676940918,5
0.44435492157378603,True,0.2665450302434486,True,12.054343012790039,0000003.txt,ob_0000004,True,1.9345422047076524,farthest,0.42363219254140105,259.83428955078125,5
0.5667883010986396,True,0.1778342958521414,True,12.054343012790039,0000004.txt,ob_0000004,True,10.599178265699503,farthest,0.1625700533866967,273.8955020904541,5
8.234341289019707,False,0.31383774426378885,True,12.054343012790039,0000005.txt,ob_0000004,True,179.68337303937682,farthest,0.4077507517804717,255.7833194732666,5
3.454401112036524,False,0.2737304305234352,True,12.054343012790039,0000006.txt,ob_0000004,True,70.44947038281967,farthest,0.40560920430448116,254.90403175354004,5
8.264527812062555,False,0.30660512754165004,True,12.054343012790039,0000007.txt,ob_0000004,True,179.0506181281197,farthest,0.4085720426082653,265.12956619262695,5
0.2864791853476412,True,0.20811984509960657,True,12.054343012790039,0000008.txt,ob_0000004,True,1.7841342336724306,farthest,0.2798022955416024,288.2580757141113,5
4.967773090193313,False,0.37629929143296104,True,12.054343012790039,0000009.txt,ob_0000004,True,112.97661447951938,farthest,0.6510219559552307,296.0355281829834,5
5.911818077914203,False,0.2711916969284192,True,12.054343012790039,0000010.txt,ob_0000004,True,166.97850591999878,farthest,0.30569062063105984,284.9159240722656,5
3.5810263619138736,False,0.22448428288385516,True,12.054343012790039,0000011.txt,ob_0000004,True,74.15167116811513,farthest,0.3062000434478474,266.05725288391113,5
6.59870248973292,False,1.7795167863289312,False,12.054343012790039,0000012.txt,ob_0000004,True,103.07123731887803,farthest,4.256588278295589,297.5914478302002,5
3.8985707223519523,False,0.2056900825749123,True,12.054343012790039,0000013.txt,ob_0000004,True,82.37796154422067,farthest,0.18597869997778033,274.5234966278076,5
4.721918160654718,False,0.17746768311153238,True,12.054343012790039,0000014.txt,ob_0000004,True,105.56699942156294,farthest,0.13495433550658142,284.49320793151855,5
0.27955191451674216,True,0.19441300757939164,True,12.054343012790039,0000015.txt,ob_0000004,True,1.9545671412682024,farthest,0.25674868064317086,275.8526802062988,5
3.045738195561221,False,0.247306217986652,True,12.054343012790039,0000000.txt,ob_0000004,True,61.52503536460359,farthest,0.3110937831589866,408.1284999847412,10
0.3143725404768963,True,0.1727685593080331,True,12.054343012790039,0000001.txt,ob_0000004,True,5.046631293247823,farthest,0.18641329325249628,318.5713291168213,10
0.5751134411917849,True,0.30158870956080314,True,12.054343012790039,0000002.txt,ob_0000004,True,1.7825778564248769,farthest,0.5666458975577634,317.4455165863037,10
0.44435492157378603,True,0.2665450302434486,True,12.054343012790039,0000003.txt,ob_0000004,True,1.9345422047076524,farthest,0.42363219254140105,337.0985984802246,10
0.5667883010986396,True,0.1778342958521414,True,12.054343012790039,0000004.txt,ob_0000004,True,10.599178265699503,farthest,0.1625700533866967,333.06241035461426,10
0.5239148110901382,True,0.2934250784060837,True,12.054343012790039,0000005.txt,ob_0000004,True,5.104739909236895,farthest,0.4002773603760942,331.1631679534912,10
3.454401112036524,False,0.2737304305234352,True,12.054343012790039,0000006.txt,ob_0000004,True,70.44947038281967,farthest,0.40560920430448116,328.8857936859131,10
4.4788038074680365,False,0.30073867799279375,True,12.054343012790039,0000007.txt,ob_0000004,True,97.29991100679868,farthest,0.46510562554694457,317.35825538635254,10
0.2864791853476412,True,0.20811984509960657,True,12.054343012790039,0000008.txt,ob_0000004,True,1.7841342336724306,farthest,0.2798022955416024,324.30386543273926,10
0.7307507730681219,True,0.3900891265186756,True,12.054343012790039,0000009.txt,ob_0000004,True,3.795770634699977,farthest,0.6757461852383824,335.390567779541,10
0.511655605931976,True,0.27059454682220524,True,12.054343012790039,0000010.txt,ob_0000004,True,5.839625826059851,farthest,0.3332728988119457,327.02183723449707,10
3.5810263619138736,False,0.22448428288385516,True,12.054343012790039,0000011.txt,ob_0000004,True,74.15167116811513,farthest,0.3062000434478474,359.87329483032227,10
1.195838582610284,True,0.1827151797624263,True,12.054343012790039,0000012.txt,ob_0000004,True,23.074185908895583,farthest,0.1376033124910882,337.1403217315674,10
3.8985707223519523,False,0.2056900825749123,True,12.054343012790039,0000013.txt,ob_0000004,True,82.37796154422067,farthest,0.18597869997778033,347.03636169433594,10
0.20584375114094905,True,0.15033699399971093,True,12.054343012790039,0000014.txt,ob_0000004,True,3.0041046442379282,farthest,0.12501567799207483,336.5187644958496,10
0.27955191451674216,True,0.19441300757939164,True,12.054343012790039,0000015.txt,ob_0000004,True,1.9545671412682024,farthest,0.25674868064317086,320.3926086425781,10
3.043401961770126,False,0.2509390054875742,True,12.054343012790039,0000000.txt,ob_0000004,True,61.441809135677744,farthest,0.3280267668041951,539.818525314331,20
0.3149309192408467,True,0.17291654353834318,True,12.054343012790039,0000001.txt,ob_0000004,True,5.05529855332554,farthest,0.18677913037554045,455.9340476989746,20
0.575115324983529,True,0.30157804643394365,True,12.054343012790039,0000002.txt,ob_0000004,True,1.7809674594558997,farthest,0.5666669084238295,474.1179943084717,20
0.4444667885408016,True,0.26656542031920605,True,12.054343012790039,0000003.txt,ob_0000004,True,1.939381044081391,farthest,0.42369237702119283,499.6471405029297,20
0.5660765312895301,True,0.17795617592466878,True,12.054343012790039,0000004.txt,ob_0000004,True,10.582275363948652,farthest,0.16298609516436818,496.86741828918457,20
0.5252158777531298,True,0.2944030959638873,True,12.054343012790039,0000005.txt,ob_0000004,True,5.072902198825889,farthest,0.40339547260067765,501.5850067138672,20
0.613744265690981,True,0.25993378431582753,True,12.054343012790039,0000006.txt,ob_0000004,True,9.497073799413002,farthest,0.4199653689512647,460.98947525024414,20
0.4809388756266707,True,0.27853888400476173,True,12.054343012790039,0000007.txt,ob_0000004,True,1.071458512820643,farthest,0.4691095253121163,481.74333572387695,20
0.286433065065615,True,0.20810304792895673,True,12.054343012790039,0000008.txt,ob_0000004,True,1.7830817518701814,farthest,0.27977267190521937,466.00341796875,20
0.7386390385327172,True,0.39416338735822726,True,12.054343012790039,0000009.txt,ob_0000004,True,3.6962655896972714,farthest,0.6863980078995507,467.53668785095215,20
0.5115892087618159,True,0.27046050771896357,True,12.054343012790039,0000010.txt,ob_0000004,True,5.8435543968991075,farthest,0.3329502244422214,483.70361328125,20
0.2593763522452762,True,0.19538285651014903,True,12.054343012790039,0000011.txt,ob_0000004,True,0.8189931415076068,farthest,0.25535832633430705,488.2082939147949,20
0.14483968182386178,True,0.1227747327677393,True,12.054343012790039,0000012.txt,ob_0000004,True,2.071868010696507,farthest,0.08287448021252727,486.36507987976074,20
0.2889336338674171,True,0.1673253167938117,True,12.054343012790039,0000013.txt,ob_0000004,True,4.620209088231609,farthest,0.17415881225451627,497.0571994781494,20
0.15319443277846923,True,0.13199730563651904,True,12.054343012790039,0000014.txt,ob_0000004,True,1.278020967973263,farthest,0.13456542274092415,478.87396812438965,20
0.2764606820179523,True,0.19306494926817724,True,12.054343012790039,0000015.txt,ob_0000004,True,1.9646131028485132,farthest,0.2531808142836006,471.529483795166,20
0.3924285509269848,True,0.2280166988614112,True,12.054343012790039,0000000.txt,ob_0000004,True,3.1253412024930456,farthest,0.35129711732886043,1056.2548637390137,50
0.31497589480112986,True,0.17293185459661747,True,12.054343012790039,0000001.txt,ob_0000004,True,5.056032010412624,farthest,0.18681338980536105,988.7270927429199,50
0.5751139413956577,True,0.301577600768529,True,12.054343012790039,0000002.txt,ob_0000004,True,1.7809674594558997,farthest,0.5666655054625894,990.877628326416,50
0.4444667885408016,True,0.26656542031920605,True,12.054343012790039,0000003.txt,ob_0000004,True,1.939381044081391,farthest,0.42369237702119283,972.6467132568359,50
0.5660765312895301,True,0.17795617592466878,True,12.054343012790039,0000004.txt,ob_0000004,True,10.582275363948652,farthest,0.16298609516436818,979.809045791626,50
0.5252158777531298,True,0.2944030959638873,True,12.054343012790039,0000005.txt,ob_0000004,True,5.072902198825889,farthest,0.40339547260067765,983.3037853240967,50
0.613744265690981,True,0.25993378431582753,True,12.054343012790039,0000006.txt,ob_0000004,True,9.497073799413002,farthest,0.4199653689512647,993.7396049499512,50
0.4809080364637047,True,0.27852577628513997,True,12.054343012790039,0000007.txt,ob_0000004,True,1.0722976050005013,farthest,0.46907091002655654,978.7416458129883,50
0.2864230998362422,True,0.20809519521587908,True,12.054343012790039,0000008.txt,ob_0000004,True,1.783789784364503,farthest,0.27975029065879936,965.9633636474609,50
0.7386390385327172,True,0.39416338735822726,True,12.054343012790039,0000009.txt,ob_0000004,True,3.6962655896972714,farthest,0.6863980078995507,989.6438121795654,50
0.5115892087618159,True,0.27046050771896357,True,12.054343012790039,0000010.txt,ob_0000004,True,5.8435543968991075,farthest,0.3329502244422214,971.1925983428955,50
0.2593763522452762,True,0.19538285651014903,True,12.054343012790039,0000011.txt,ob_0000004,True,0.8189931415076068,farthest,0.25535832633430705,971.1565971374512,50
0.14483968182386178,True,0.1227747327677393,True,12.054343012790039,0000012.txt,ob_0000004,True,2.071868010696507,farthest,0.08287448021252727,983.4127426147461,50
0.2889336338674171,True,0.1673253167938117,True,12.054343012790039,0000013.txt,ob_0000004,True,4.620209088231609,farthest,0.17415881225451627,990.0119304656982,50
0.15319443277846923,True,0.13199730563651904,True,12.054343012790039,0000014.txt,ob_0000004,True,1.278020967973263,farthest,0.13456542274092415,968.9865112304688,50
0.27370786920936585,True,0.19201920293015048,True,12.054343012790039,0000015.txt,ob_0000004,True,1.8968562077650604,farthest,0.25192639266370126,970.1817035675049,50
10.602104901147518,False,1.010324032206624,True,19.646300871410883,0000000.txt,ob_0000005,True,177.1583150026799,random,1.4321509239801018,888.2355690002441,1
15.05299819705935,False,6.816455645142168,False,19.646300871410883,0000001.txt,ob_0000005,True,145.04971103570944,random,9.532401618029908,321.835994720459,1
0.3751091243982276,True,0.24001940217221623,True,19.646300871410883,0000002.txt,ob_0000005,True,2.6687644434952253,random,0.3108306067036317,277.3120403289795,1
11.296875170887471,False,5.092391978080809,False,19.646300871410883,0000003.txt,ob_0000005,True,122.26698839000343,random,6.991410166359588,299.94845390319824,1
0.20447624571429432,True,0.1692133563829022,True,19.646300871410883,0000004.txt,ob_0000005,True,2.8895148495092147,random,0.13853179063623453,337.9862308502197,1
6.236555718318639,False,0.24443668026317653,True,19.646300871410883,0000005.txt,ob_0000005,True,178.21213778866814,random,0.16430356535269047,304.86178398132324,1
15.814353523283451,False,8.95639237495283,False,19.646300871410883,0000006.txt,ob_0000005,True,156.22709361467162,random,11.839943923286251,293.84398460388184,1
16.5816109250699,False,9.116862304075001,False,19.646300871410883,0000007.txt,ob_0000005,True,138.1474553665516,random,12.704370764388207,307.0812225341797,1
9.348687459345824,False,2.497421904878563,False,19.646300871410883,0000008.txt,ob_0000005,True,94.68515296939543,random,5.606362755785041,277.1749496459961,1
11.810885502351152,False,3.6518733281603795,False,19.646300871410883,0000009.txt,ob_0000005,True,146.79193764388708,random,7.563276146971345,275.15125274658203,1
16.71538933948505,False,10.887596085011587,False,19.646300871410883,0000010.txt,ob_0000005,True,129.09086549087607,random,13.681501743165239,281.02684020996094,1
11.600352330784276,False,0.7723632462267475,True,19.646300871410883,0000011.txt,ob_0000005,True,174.2217276023762,random,4.382530023210046,284.46483612060547,1
14.28749925652909,False,7.697548943157849,False,19.646300871410883,0000012.txt,ob_0000005,True,148.46977947156086,random,10.495578377590881,275.0868797302246,1
14.3286071597304,False,8.040140554160025,False,19.646300871410883,0000013.txt,ob_0000005,True,143.48684708757742,random,11.508809839565025,316.3883686065674,1
6.2764755073458804,False,0.3870655251471884,True,19.646300871410883,0000014.txt,ob_0000005,True,175.73164357033937,random,0.716763914815239,308.9585304260254,1
11.964734740089614,False,2.4838523309089275,False,19.646300871410883,0000015.txt,ob_0000005,True,154.47885454369546,random,5.033681378816335,304.431676864624,1
11.14734240190912,False,3.0561644353209463,False,19.646300871410883,0000000.txt,ob_0000005,True,137.2265147962916,random,8.697326294261067,315.1974678039551,3
0.3872444953472499,True,0.2835413494403613,True,19.646300871410883,0000001.txt,ob_0000005,True,3.0053981909835703,random,0.2954494378630494,314.35561180114746,3
6.244727680467346,False,0.2863549960935593,True,19.646300871410883,0000002.txt,ob_0000005,True,177.56960754184826,random,0.3529144222264263,295.12548446655273,3
0.35127926256338177,True,0.23865487780511466,True,19.646300871410883,0000003.txt,ob_0000005,True,4.2825948495595405,random,0.2056218645040279,339.8928642272949,3
11.553974372528042,False,0.8005667215539148,True,19.646300871410883,0000004.txt,ob_0000005,True,168.19333189387498,random,4.354848672427162,292.24300384521484,3
1.1900152962152986,True,0.49397824444279737,True,19.646300871410883,0000005.txt,ob_0000005,True,22.179677349110595,random,0.5487490472350244,278.670072555542,3
13.127628633567323,False,4.292914556547485,False,19.646300871410883,0000006.txt,ob_0000005,True,158.5950945805061,random,6.558014288509663,314.30578231811523,3
17.00500904883332,False,10.080812277816873,False,19.646300871410883,0000007.txt,ob_0000005,True,139.85530321676424,random,15.688900880245782,281.80551528930664,3
11.048253610952804,False,5.233050197216836,False,19.646300871410883,0000008.txt,ob_0000005,True,105.09289417344841,random,7.398925057356,312.35194206237793,3
6.232531462707936,False,0.2628878726013704,True,19.646300871410883,0000009.txt,ob_0000005,True,177.00615712426625,random,0.14723405049951047,263.39077949523926,3
18.401789422146795,False,13.962184551528656,False,19.646300871410883,0000010.txt,ob_0000005,True,104.652491329646,random,16.134304099253917,279.74867820739746,3
11.048076402351503,False,0.796966384638362,True,19.646300871410883,0000011.txt,ob_0000005,True,178.63773204557393,random,4.107715664914467,280.08103370666504,3
4.934887688201212,False,1.1573669436799183,True,19.646300871410883,0000012.txt,ob_0000005,True,105.59692718041777,random,1.6630954856016253,287.1885299682617,3
10.961439527267586,False,5.268666905877866,False,19.646300871410883,0000013.txt,ob_0000005,True,104.27878774930942,random,10.246676403879928,266.0698890686035,3
0.8222750954309341,True,0.3607906780869644,True,19.646300871410883,0000014.txt,ob_0000005,True,4.6394769648610446,random,0.7906710044596681,273.88787269592285,3
6.242316828640532,False,0.3091702037709017,True,19.646300871410883,0000015.txt,ob_0000005,True,177.64720518846795,random,0.18791912768884367,295.8197593688965,3
0.39510835386056264,True,0.30892722920118926,True,19.646300871410883,0000000.txt,ob_0000005,True,3.0735926716197532,random,0.3778911893312526,294.1567897796631,5
0.3644881736595509,True,0.2673401965428807,True,19.646300871410883,0000001.txt,ob_0000005,True,2.911678185968983,random,0.26399287939970856,351.7155647277832,5
6.209842170671084,False,0.36226094502663203,True,19.646300871410883,0000002.txt,ob_0000005,True,171.9127041607695,random,0.40572076201281904,288.2988452911377,5
0.3525393330400551,True,0.23887041773329779,True,19.646300871410883,0000003.txt,ob_0000005,True,4.378142225307854,random,0.2206197752233605,292.30523109436035,5
6.214706818384622,False,0.23871307160575045,True,19.646300871410883,0000004.txt,ob_0000005,True,178.25709777426223,random,0.2360717846481353,262.8018856048584,5
16.11524901494478,False,8.731983630117103,False,19.646300871410883,0000005.txt,ob_0000005,True,179.8164871238005,random,11.86973956580462,264.94431495666504,5
11.820151342874793,False,4.286819066463562,False,19.646300871410883,0000006.txt,ob_0000005,True,110.21356424978656,random,9.10290680486279,293.08557510375977,5
10.712378373569614,False,0.7049683121661572,True,19.646300871410883,0000007.txt,ob_0000005,True,178.45054622348124,random,1.9573405258780812,321.5961456298828,5
13.566225612949323,False,6.750906397730756,False,19.646300871410883,0000008.txt,ob_0000005,True,125.70122807043312,random,9.1623335493078,345.5483913421631,5
13.914268297892733,False,5.3537938934243225,False,19.646300871410883,0000009.txt,ob_0000005,True,85.0025292471725,random,12.882234741087078,377.1331310272217,5
9.921637559114975,False,2.395519278605996,False,19.646300871410883,0000010.txt,ob_0000005,True,153.2520632354641,random,3.0980141488034145,329.3623924255371,5
0.6549300097337801,True,0.31530019421162203,True,19.646300871410883,0000011.txt,ob_0000005,True,7.370882635715233,random,0.4825896604800585,304.71086502075195,5
15.399535271952796,False,10.224628751797704,False,19.646300871410883,0000012.txt,ob_0000005,True,106.09656441031237,random,12.920509504976646,281.233549118042,5
11.034684427949417,False,4.3050613490405665,False,19.646300871410883,0000013.txt,ob_0000005,True,142.02108062292376,random,8.981214230980724,260.9109878540039,5
11.090209063787354,False,0.7054858214231553,True,19.646300871410883,0000014.txt,ob_0000005,True,177.58937617365544,random,3.9896769285467837,302.08325386047363,5
0.3430086861432991,True,0.2293715907124127,True,19.646300871410883,0000015.txt,ob_0000005,True,2.8225859775701,random,0.19360337811101183,260.7080936431885,5
0.3741618241313837,True,0.2871404571538877,True,19.646300871410883,0000000.txt,ob_0000005,True,3.0927139976031324,random,0.31888082017061503,324.7373104095459,10
6.300891943859786,False,0.36086303853723406,True,19.646300871410883,0000001.txt,ob_0000005,True,177.72692437198918,random,0.25363520297157216,331.62808418273926,10
0.33460134631671823,True,0.21837917887331365,True,19.646300871410883,0000002.txt,ob_0000005,True,2.539267919450959,random,0.2701561269680621,333.998441696167,10
0.35517872226446506,True,0.23931522294696528,True,19.646300871410883,0000003.txt,ob_0000005,True,4.590088070720511,random,0.20535750398587616,342.98014640808105,10
6.214068872580267,False,0.2388585872787874,True,19.646300871410883,0000004.txt,ob_0000005,True,177.9159114018203,random,0.22191515267105116,342.08202362060547,10
0.22142896128709533,True,0.16571853976571532,True,19.646300871410883,0000005.txt,ob_0000005,True,2.11702886340611,random,0.14692088055922164,332.2615623474121,10
10.760284166623483,False,1.9948771658890425,False,19.646300871410883,0000006.txt,ob_0000005,True,165.7856540180304,random,5.273701650584,361.3400459289551,10
13.414746601869897,False,5.930150100411425,False,19.646300871410883,0000007.txt,ob_0000005,True,126.42464246265794,random,13.540588261840586,316.88833236694336,10
6.354029256409359,False,0.46582187692119714,True,19.646300871410883,0000008.txt,ob_0000005,True,177.66003627239093,random,0.6565302009517023,340.8849239349365,10
11.114798328487344,False,0.7156398632675904,True,19.646300871410883,0000009.txt,ob_0000005,True,177.79523849102202,random,4.289906851837871,335.7536792755127,10
14.290172713530556,False,7.626945145441138,False,19.646300871410883,0000010.txt,ob_0000005,True,169.21573468708914,random,12.061341086737121,331.36582374572754,10
0.4726810964087542,True,0.3063587026664886,True,19.646300871410883,0000011.txt,ob_0000005,True,3.147027367362043,random,0.4352738713373344,351.28307342529297,10
0.38382876351498685,True,0.25612191358951886,True,19.646300871410883,0000012.txt,ob_0000005,True,4.159052320722938,random,0.27327946051547963,326.52783393859863,10
6.2587832080798895,False,0.28100251025074274,True,19.646300871410883,0000013.txt,ob_0000005,True,179.64201795960236,random,0.15846894167043168,326.204776763916,10
0.8202101975568875,True,0.35915001592194,True,19.646300871410883,0000014.txt,ob_0000005,True,4.55445677939337,random,0.7912497874194719,331.0089111328125,10
0.34501470032603915,True,0.23092008927727012,True,19.646300871410883,0000015.txt,ob_0000005,True,2.8435292554637437,random,0.20294502897993288,331.30812644958496,10
11.613129285422955,False,1.0064788577326473,True,19.646300871410883,0000000.txt,ob_0000005,True,159.62167959955312,random,3.8468091159840645,505.2039623260498,20
0.3894819704276228,True,0.27934295711318796,True,19.646300871410883,0000001.txt,ob_0000005,True,3.3871236970187493,random,0.2775938082342629,505.22899627685547,20
0.3546405979920329,True,0.23177650353847842,True,19.646300871410883,0000002.txt,ob_0000005,True,2.7323640558366624,random,0.2838311769277153,484.4372272491455,20
0.3573886548376132,True,0.24062072601246645,True,19.646300871410883,0000003.txt,ob_0000005,True,4.3782929616301836,random,0.22412907953029937,448.2421875,20
0.18469091845457306,True,0.1542098775487382,True,19.646300871410883,0000004.txt,ob_0000005,True,2.023316593940036,random,0.15037852321894968,449.8016834259033,20
0.19920937514269804,True,0.1550582782646839,True,19.646300871410883,0000005.txt,ob_0000005,True,1.7671943999292765,random,0.12972176342360459,456.00342750549316,20
11.134861246192864,False,0.7433392350493735,True,19.646300871410883,0000006.txt,ob_0000005,True,179.9510339051824,random,4.437974597937045,469.17152404785156,20
0.13794160360101593,True,0.12219165534989503,True,19.646300871410883,0000007.txt,ob_0000005,True,1.673665954598795,random,0.03157363446295681,463.7596607208252,20
11.188217133734161,False,0.8114547808643008,True,19.646300871410883,0000008.txt,ob_0000005,True,178.8229566976826,random,4.426812391481631,471.84062004089355,20
0.26827561483933365,True,0.1879918968328544,True,19.646300871410883,0000009.txt,ob_0000005,True,3.4208528827134668,random,0.18135430557572077,462.50009536743164,20
6.286123442623145,False,0.3186886310294047,True,19.646300871410883,0000010.txt,ob_0000005,True,179.39176181095144,random,0.3919546507927947,463.88745307922363,20
0.5110886179826022,True,0.31318173382296177,True,19.646300871410883,0000011.txt,ob_0000005,True,2.9615036684693856,random,0.4850184555506693,460.66951751708984,20
0.3648455298340818,True,0.2501166446394827,True,19.646300871410883,0000012.txt,ob_0000005,True,3.425699199217753,random,0.2859182136230178,465.31057357788086,20
11.798986688469032,False,0.7860282286040953,True,19.646300871410883,0000013.txt,ob_0000005,True,179.93872691436553,random,4.811229296541309,474.8966693878174,20
6.276918923468747,False,0.38023498784205134,True,19.646300871410883,0000014.txt,ob_0000005,True,176.24484794365216,random,0.7262952429169084,462.7707004547119,20
0.3456629671724101,True,0.2301473425398625,True,19.646300871410883,0000015.txt,ob_0000005,True,2.9160646521158458,random,0.1936480273490071,483.9026927947998,20
0.3897828747717502,True,0.3057988631578758,True,19.646300871410883,0000000.txt,ob_0000005,True,3.013733453571081,random,0.3734206845619964,967.4022197723389,50
0.39557518719699414,True,0.28571624485559005,True,19.646300871410883,0000001.txt,ob_0000005,True,3.0186639317170343,random,0.2989600796679663,970.6339836120605,50
0.35315893367013923,True,0.23388716707176466,True,19.646300871410883,0000002.txt,ob_0000005,True,2.4303952012429577,random,0.28744806681502144,1015.6869888305664,50
0.35649182313921846,True,0.240217593868031,True,19.646300871410883,0000003.txt,ob_0000005,True,4.427932643150952,random,0.220868997727604,993.2200908660889,50
0.20317939293741233,True,0.16907423934877305,True,19.646300871410883,0000004.txt,ob_0000005,True,2.8310351242249814,random,0.14165292104662194,963.0331993103027,50
0.2173586602656718,True,0.1631705100099128,True,19.646300871410883,0000005.txt,ob_0000005,True,2.1503718010328905,random,0.13857825165366167,983.4039211273193,50
0.20812432483198764,True,0.17139571132211665,True,19.646300871410883,0000006.txt,ob_0000005,True,1.915538292933809,random,0.11318507037961126,1009.4358921051025,50
0.10119494490676646,True,0.09512901571595068,True,19.646300871410883,0000007.txt,ob_0000005,True,1.236472304490457,random,0.03178469658900054,1034.7912311553955,50
0.7677402124084117,True,0.41449829543317734,True,19.646300871410883,0000008.txt,ob_0000005,True,3.5951263222984657,random,0.6851974129396863,1014.3201351165771,50
0.2835987694885142,True,0.19389319806374605,True,19.646300871410883,0000009.txt,ob_0000005,True,3.5401962384994223,random,0.1993699643700387,981.4679622650146,50
0.5346238052911398,True,0.2934524256194127,True,19.646300871410883,0000010.txt,ob_0000005,True,1.9931055517943197,random,0.508904412612029,1034.7423553466797,50
0.5110886179826022,True,0.31318173382296177,True,19.646300871410883,0000011.txt,ob_0000005,True,2.9615036684693856,random,0.4850184555506693,1033.7939262390137,50
0.5085719033309636,True,0.2945282290883063,True,19.646300871410883,0000012.txt,ob_0000005,True,4.481141256483302,random,0.3438497695813693,1013.4353637695312,50
6.2586510364805985,False,0.28036437417012355,True,19.646300871410883,0000013.txt,ob_0000005,True,179.75149152636365,random,0.16907548175587472,1014.2478942871094,50
0.8024825558598258,True,0.3543540717149643,True,19.646300871410883,0000014.txt,ob_0000005,True,4.428056099063705,random,0.7758469734742417,1031.2716960906982,50
0.33621139398494376,True,0.22642579104218355,True,19.646300871410883,0000015.txt,ob_0000005,True,2.7565072278995992,random,0.19666126675524226,1024.5399475097656,50
17.140220207778384,False,8.658817457506693,False,19.646300871410883,0000000.txt,ob_0000005,True,164.8071281893108,farthest,13.437156433629289,380.6779384613037,1
14.845261755938749,False,6.357034014825095,False,19.646300871410883,0000001.txt,ob_0000005,True,157.22957278790489,farthest,8.789466983744793,258.64315032958984,1
11.977637193272676,False,2.531341576495484,False,19.646300871410883,0000002.txt,ob_0000005,True,151.75656627102654,farthest,5.028868402528493,257.2059631347656,1
7.4028027830380205,False,2.2076132425457624,False,19.646300871410883,0000003.txt,ob_0000005,True,166.8185214593091,farthest,2.70579067493644,245.19753456115723,1
11.047788191018375,False,3.33680465201882,False,19.646300871410883,0000004.txt,ob_0000005,True,90.02387609467394,farthest,8.367813935462381,262.06493377685547,1
0.21635445373452172,True,0.16363429599033896,True,19.646300871410883,0000005.txt,ob_0000005,True,1.9787220514628465,farthest,0.14361621190458082,246.9313144683838,1
17.037687618869917,False,9.283192995497174,False,19.646300871410883,0000006.txt,ob_0000005,True,129.48408947825345,farthest,14.442918329517829,288.99383544921875,1
18.663897595297698,False,11.741560744841562,False,19.646300871410883,0000007.txt,ob_0000005,True,97.21418461060918,farthest,16.59310737690091,259.580135345459,1
11.005628545481875,False,5.3215311616912775,False,19.646300871410883,0000008.txt,ob_0000005,True,114.42624122000029,farthest,7.153752169239678,259.2177391052246,1
15.921421510181807,False,6.110309828268867,False,19.646300871410883,0000009.txt,ob_0000005,True,164.86405610980557,farthest,12.71470463354124,269.0393924713135,1
19.138068586722785,False,14.712418765720606,False,19.646300871410883,0000010.txt,ob_0000005,True,149.30948861945168,farthest,16.42030552738379,241.86325073242188,1
0.4749828847178651,True,0.29291545927143203,True,19.646300871410883,0000011.txt,ob_0000005,True,2.696738901350034,farthest,0.4452836922102017,261.7645263671875,1
15.30971249835654,False,9.304032121899066,False,19.646300871410883,0000012.txt,ob_0000005,True,85.9728361583733,farthest,13.979580091471409,283.88094902038574,1
17.4947848109199,False,9.660496509759689,False,19.646300871410883,0000013.txt,ob_0000005,True,103.25691561654816,farthest,14.566729714723719,268.10336112976074,1
6.27420495667223,False,0.37775816734918705,True,19.646300871410883,0000014.txt,ob_0000005,True,176.22813520823837,farthest,0.71693714779194,272.9015350341797,1
12.239877740578496,False,3.4095599646233863,False,19.646300871410883,0000015.txt,ob_0000005,True,172.63252233398205,farthest,5.358929624639738,287.8892421722412,1
8.488540263493263,False,3.2009594991648376,False,19.646300871410883,0000000.txt,ob_0000005,True,67.54820388710147,farthest,7.180780539990861,325.145959854126,3
6.185401135886826,False,0.4555410931822112,True,19.646300871410883,0000001.txt,ob_0000005,True,158.98627049063836,farthest,0.2572831440563786,315.0825500488281,3
11.907556067771441,False,2.5244861194056214,False,19.646300871410883,0000002.txt,ob_0000005,True,148.89189132403553,farthest,4.979566261704043,298.0389595031738,3
9.61974920795354,False,2.8701959002571225,False,19.646300871410883,0000003.txt,ob_0000005,True,179.92968832989442,farthest,4.814717531910248,348.21581840515137,3
10.931796964582752,False,3.2849007851906142,False,19.646300871410883,0000004.txt,ob_0000005,True,89.79033502438482,farthest,8.179456335623254,295.7279682159424,3
0.2168904468904153,True,0.16384048145365646,True,19.646300871410883,0000005.txt,ob_0000005,True,2.0339513314193174,farthest,0.14033036087237924,281.86583518981934,3
17.300972556711766,False,9.627619003218102,False,19.646300871410883,0000006.txt,ob_0000005,True,130.84305960616265,farthest,14.725199774206255,291.40281677246094,3
18.6187582158411,False,11.653670146008793,False,19.646300871410883,0000007.txt,ob_0000005,True,97.72377021829698,farthest,16.567777932298284,270.65420150756836,3
12.699593130804868,False,5.981754273348137,False,19.646300871410883,0000008.txt,ob_0000005,True,123.86062622868515,farthest,8.135023669241443,266.14975929260254,3
16.027580426769607,False,6.2797184807555695,False,19.646300871410883,0000009.txt,ob_0000005,True,165.18871098504258,farthest,12.910821202432473,265.3307914733887,3
18.591075512281616,False,14.126683339063684,False,19.646300871410883,0000010.txt,ob_0000005,True,113.37363115977115,farthest,16.255131338268512,316.2064552307129,3
0.47639057902922594,True,0.2925891393434592,True,19.646300871410883,0000011.txt,ob_0000005,True,2.603370798646599,farthest,0.45078453671566043,267.5333023071289,3
15.299303910288176,False,9.321776606826191,False,19.646300871410883,0000012.txt,ob_0000005,True,85.92610499363089,farthest,13.96273329903089,265.7601833343506,3
17.044381913657027,False,9.195702064707264,False,19.646300871410883,0000013.txt,ob_0000005,True,100.82173604910177,farthest,14.093422962356449,251.40786170959473,3
0.8265110755170311,True,0.36096373337994286,True,19.646300871410883,0000014.txt,ob_0000005,True,4.607699399207456,farthest,0.7947581359453785,276.16310119628906,3
6.241935876777234,False,0.3090292874042863,True,19.646300871410883,0000015.txt,ob_0000005,True,177.9817717748471,farthest,0.20607206052936713,267.9581642150879,3
6.277000057425902,False,0.3390810501739214,True,19.646300871410883,0000000.txt,ob_0000005,True,176.88718694489376,farthest,0.22949315889766161,396.96669578552246,5
6.183381584981631,False,0.4628683908400188,True,19.646300871410883,0000001.txt,ob_0000005,True,158.28525060384197,farthest,0.2753599294782323,355.0565242767334,5
11.565274760086826,False,0.6688410354057632,True,19.646300871410883,0000002.txt,ob_0000005,True,176.31163889767885,farthest,3.671494576398879,324.39708709716797,5
11.602247922969534,False,2.8245668516508053,False,19.646300871410883,0000003.txt,ob_0000005,True,165.84966864121242,farthest,4.908661494229893,263.89551162719727,5
5.810709625021478,False,1.126696314482707,True,19.646300871410883,0000004.txt,ob_0000005,True,132.4605401102337,farthest,1.6024584546812894,260.71667671203613,5
0.21768523857964905,True,0.16411278007964836,True,19.646300871410883,0000005.txt,ob_0000005,True,2.0025373832883164,farthest,0.14484478969504866,271.24762535095215,5
6.235084974788368,False,0.2864225952779975,True,19.646300871410883,0000006.txt,ob_0000005,True,179.50943040029736,farthest,0.14026559541044575,262.3915672302246,5
0.16669684628847825,True,0.1419413302205905,True,19.646300871410883,0000007.txt,ob_0000005,True,2.200171590438643,farthest,0.019467735821335538,267.5433158874512,5
12.760935098700516,False,5.915349032353879,False,19.646300871410883,0000008.txt,ob_0000005,True,126.08972333489352,farthest,8.047427295574659,255.31697273254395,5
5.499231657662518,False,0.98084475915058,True,19.646300871410883,0000009.txt,ob_0000005,True,115.05611843011074,farthest,0.8364616927587837,262.0551586151123,5
0.5373460891973804,True,0.2962036174887959,True,19.646300871410883,0000010.txt,ob_0000005,True,2.2310202497242466,farthest,0.5082720254354361,292.82402992248535,5
0.47522376750890544,True,0.2926276851188717,True,19.646300871410883,0000011.txt,ob_0000005,True,2.615090455458068,farthest,0.4490015767503651,261.4166736602783,5
6.2042333993793815,False,0.29127111747269757,True,19.646300871410883,0000012.txt,ob_0000005,True,177.08871155862028,farthest,0.42248250480588023,292.6211357116699,5
0.25834591022416264,True,0.20824013753414738,True,19.646300871410883,0000013.txt,ob_0000005,True,2.182346855572964,farthest,0.22465496417299943,294.54565048217773,5
0.8265289054860129,True,0.3609517096728947,True,19.646300871410883,0000014.txt,ob_0000005,True,4.6073447431000245,farthest,0.7947975695741236,271.0847854614258,5
0.3430086861432991,True,0.2293715907124127,True,19.646300871410883,0000015.txt,ob_0000005,True,2.8225859775701,farthest,0.19360337811101183,327.0423412322998,5
0.34292722261557035,True,0.2722464858849552,True,19.646300871410883,0000000.txt,ob_0000005,True,3.051433936715156,farthest,0.2948191773932666,361.4158630371094,10
0.3879897930027372,True,0.2826499493029676,True,19.646300871410883,0000001.txt,ob_0000005,True,3.003357064613544,farthest,0.2927467097541705,368.65687370300293,10
0.3459879954528121,True,0.22905207777422026,True,19.646300871410883,0000002.txt,ob_0000005,True,2.6495140210683616,farthest,0.26961384480096373,340.66057205200195,10
0.3547796760221275,True,0.23916455345481502,True,19.646300871410883,0000003.txt,ob_0000005,True,4.417444216538256,farthest,0.21365303140194208,346.58050537109375,10
11.854572537427673,False,0.9334373866481966,True,19.646300871410883,0000004.txt,ob_0000005,True,179.9717557371775,farthest,4.943943834334892,328.88269424438477,10
0.18147616521732426,True,0.1431904830611887,True,19.646300871410883,0000005.txt,ob_0000005,True,1.606127121764359,farthest,0.12475140763706122,312.7403259277344,10
0.2068009573227546,True,0.1728346915664729,True,19.646300871410883,0000006.txt,ob_0000005,True,1.9731950270211718,farthest,0.11303426196056081,329.4534683227539,10
0.16669684628847825,True,0.1419413302205905,True,19.646300871410883,0000007.txt,ob_0000005,True,2.200171590438643,farthest,0.019467735821335538,321.6512203216553,10
6.357249554736849,False,0.46994751576935523,True,19.646300871410883,0000008.txt,ob_0000005,True,177.7014615269607,farthest,0.6583963418754091,332.95369148254395,10
3.2123571319705975,False,0.9768301620226807,True,19.646300871410883,0000009.txt,ob_0000005,True,60.48742408210187,farthest,0.8933536298161999,312.85738945007324,10
0.5373460891973804,True,0.2962036174887959,True,19.646300871410883,0000010.txt,ob_0000005,True,2.2310202497242466,farthest,0.5082720254354361,334.5837593078613,10
0.47522376750890544,True,0.2926276851188717,True,19.646300871410883,0000011.txt,ob_0000005,True,2.615090455458068,farthest,0.4490015767503651,328.0766010284424,10
0.37611400441777226,True,0.25155955692028314,True,19.646300871410883,0000012.txt,ob_0000005,True,3.503023542977423,farthest,0.2947995063506561,314.542293548584,10
0.25834591022416264,True,0.20824013753414738,True,19.646300871410883,0000013.txt,ob_0000005,True,2.182346855572964,farthest,0.22465496417299943,309.31639671325684,10
0.8265289054860129,True,0.3609517096728947,True,19.646300871410883,0000014.txt,ob_0000005,True,4.6073447431000245,farthest,0.7947975695741236,328.61900329589844,10
0.3430086861432991,True,0.2293715907124127,True,19.646300871410883,0000015.txt,ob_0000005,True,2.8225859775701,farthest,0.19360337811101183,317.2032833099365,10
0.3416975240897495,True,0.27131973017754324,True,19.646300871410883,0000000.txt,ob_0000005,True,3.0537975790576275,farthest,0.2933197875069495,521.7628479003906,20
0.3853258112017707,True,0.2813093319740796,True,19.646300871410883,0000001.txt,ob_0000005,True,2.9639174832198907,farthest,0.2914216145064295,494.42005157470703,20
0.36166136112906705,True,0.2358576974682336,True,19.646300871410883,0000002.txt,ob_0000005,True,2.647309118940464,farthest,0.28935226051787966,493.0448532104492,20
0.3495635447176383,True,0.23756298813559984,True,19.646300871410883,0000003.txt,ob_0000005,True,4.368026060329103,farthest,0.21713038228353743,497.72119522094727,20
0.1916318405619375,True,0.16007897351721884,True,19.646300871410883,0000004.txt,ob_0000005,True,2.597904423642115,farthest,0.13142644394683461,463.27686309814453,20
0.17846385549060212,True,0.1411447329602266,True,19.646300871410883,0000005.txt,ob_0000005,True,1.531518379209743,farthest,0.1286537603120134,493.8812255859375,20
0.13987588964453568,True,0.1273518382018811,True,19.646300871410883,0000006.txt,ob_0000005,True,1.1882961264003138,farthest,0.07578484123515258,507.3122978210449,20
0.1667632728798109,True,0.14198771580992683,True,19.646300871410883,0000007.txt,ob_0000005,True,2.204492308492604,farthest,0.020281567853184107,494.5669174194336,20
0.7738246708135541,True,0.41845051052963256,True,19.646300871410883,0000008.txt,ob_0000005,True,3.6696515648317103,farthest,0.6899586073761405,491.9745922088623,20
0.26827561483933365,True,0.1879918968328544,True,19.646300871410883,0000009.txt,ob_0000005,True,3.4208528827134668,farthest,0.18135430557572077,465.421199798584,20
0.5367879670700226,True,0.2958417795194005,True,19.646300871410883,0000010.txt,ob_0000005,True,2.201403065518743,farthest,0.5079471320478116,464.092493057251,20
0.4748972006874983,True,0.29299249783818565,True,19.646300871410883,0000011.txt,ob_0000005,True,2.7083762335685213,farthest,0.4448168343596925,478.5020351409912,20
0.37019748128103425,True,0.25264882224112284,True,19.646300871410883,0000012.txt,ob_0000005,True,3.58531581218086,farthest,0.2875658064833406,497.11036682128906,20
0.2580429823265558,True,0.20809026115657922,True,19.646300871410883,0000013.txt,ob_0000005,True,2.197078924708403,farthest,0.2240990240570659,500.5788803100586,20
0.8265466268775121,True,0.3609526826048562,True,19.646300871410883,0000014.txt,ob_0000005,True,4.6067513755627925,farthest,0.7948073522296326,472.88966178894043,20
0.35273642390818577,True,0.23280497191840854,True,19.646300871410883,0000015.txt,ob_0000005,True,2.8779922732114644,farthest,0.20410388690911604,449.60927963256836,20
0.3416975240897495,True,0.27131973017754324,True,19.646300871410883,0000000.txt,ob_0000005,True,3.0537975790576275,farthest,0.2933197875069495,1025.1221656799316,50
0.3716781328605851,True,0.2714792057594905,True,19.646300871410883,0000001.txt,ob_0000005,True,2.9677819605570495,farthest,0.26575617552495834,1032.3429107666016,50
0.36166136112906705,True,0.2358576974682336,True,19.646300871410883,0000002.txt,ob_0000005,True,2.647309118940464,farthest,0.28935226051787966,988.1179332733154,50
0.3495617672567843,True,0.23756199456910704,True,19.646300871410883,0000003.txt,ob_0000005,True,4.368026060329103,farthest,0.2171271990467004,999.2735385894775,50
0.1916318405619375,True,0.16007897351721884,True,19.646300871410883,0000004.txt,ob_0000005,True,2.597904423642115,farthest,0.13142644394683461,1023.3733654022217,50
0.17846385549060212,True,0.1411447329602266,True,19.646300871410883,0000005.txt,ob_0000005,True,1.531518379209743,farthest,0.1286537603120134,1017.3919200897217,50
0.13987588964453568,True,0.1273518382018811,True,19.646300871410883,0000006.txt,ob_0000005,True,1.1882961264003138,farthest,0.07578484123515258,1007.1988105773926,50
0.1667632728798109,True,0.14198771580992683,True,19.646300871410883,0000007.txt,ob_0000005,True,2.204492308492604,farthest,0.020281567853184107,996.1855411529541,50
0.7721376226066649,True,0.4186209160646705,True,19.646300871410883,0000008.txt,ob_0000005,True,3.6323024270480233,farthest,0.6896547211841292,1011.3787651062012,50
0.2683014737019977,True,0.18799861246319652,True,19.646300871410883,0000009.txt,ob_0000005,True,3.420436064882721,farthest,0.18140153820240254,983.4928512573242,50
0.5367879670700226,True,0.2958417795194005,True,19.646300871410883,0000010.txt,ob_0000005,True,2.201403065518743,farthest,0.5079471320478116,976.703405380249,50
0.5110886179826022,True,0.31318173382296177,True,19.646300871410883,0000011.txt,ob_0000005,True,2.9615036684693856,farthest,0.4850184555506693,988.8284206390381,50
0.3802763158050586,True,0.25501689892335844,True,19.646300871410883,0000012.txt,ob_0000005,True,4.072934569787609,farthest,0.27307123248867704,994.3020343780518,50
0.2580429823265558,True,0.20809026115657922,True,19.646300871410883,0000013.txt,ob_0000005,True,2.197078924708403,farthest,0.2240990240570659,980.5557727813721,50
0.8265466268775121,True,0.3609526826048562,True,19.646300871410883,0000014.txt,ob_0000005,True,4.6067513755627925,farthest,0.7948073522296326,969.8469638824463,50
0.3466792880559773,True,0.23099750429707971,True,19.646300871410883,0000015.txt,ob_0000005,True,2.839517316186883,farthest,0.1975060941352731,976.0425090789795,50
5.208913305216167,False,0.15646885188661852,True,8.97970355913824,0000000.txt,ob_0000006,True,179.8370922683875,random,0.156058777794713,321.6860294342041,1
5.121979936904095,False,0.26862798389428066,True,8.97970355913824,0000001.txt,ob_0000006,True,177.5033203568522,random,0.5421189795639402,303.1747341156006,1
5.652425555719795,False,1.6323927060325123,False,8.97970355913824,0000002.txt,ob_0000006,True,131.65752600539085,random,3.519212002668537,255.45835494995117,1
5.2941355369881755,False,0.18177441278011558,True,8.97970355913824,0000003.txt,ob_0000006,True,179.08285651412294,random,0.21718315376702949,256.8974494934082,1
1.5861319619451042,False,0.16346781518196973,True,8.97970355913824,0000004.txt,ob_0000006,True,27.365741493980604,random,0.152772302725287,242.85387992858887,1
5.149442653384184,False,0.22701438131047222,True,8.97970355913824,0000005.txt,ob_0000006,True,176.1584428121705,random,0.3530011224696548,270.05577087402344,1
4.9629508440887,False,1.2232825653945683,False,8.97970355913824,0000006.txt,ob_0000006,True,130.88051450470988,random,1.4893848192569294,324.6753215789795,1
6.037991513644798,False,1.344804019950828,False,8.97970355913824,0000007.txt,ob_0000006,True,164.1318834635313,random,1.7660678300738153,264.2660140991211,1
5.17268744615877,False,0.18221896571949633,True,8.97970355913824,0000008.txt,ob_0000006,True,177.49435040006685,random,0.157714065707943,280.20596504211426,1
3.0869292972014546,False,0.9962867709098051,False,8.97970355913824,0000009.txt,ob_0000006,True,63.90126931712873,random,1.7265457630503942,282.2558879852295,1
5.268944727272871,False,0.20618616951938326,True,8.97970355913824,0000010.txt,ob_0000006,True,175.8771048856277,random,0.18924408283342467,253.84068489074707,1
5.232848861628174,False,0.2067846166009011,True,8.97970355913824,0000011.txt,ob_0000006,True,179.19102343854289,random,0.30030408322756347,255.90825080871582,1
5.778555745416753,False,1.7666737986245635,False,8.97970355913824,0000012.txt,ob_0000006,True,128.99160305197546,random,3.19365574403304,260.24532318115234,1
6.034982967582834,False,1.346590320198615,False,8.97970355913824,0000013.txt,ob_0000006,True,129.70982577528756,random,2.031223223823873,265.0768756866455,1
3.5095327218401655,False,1.0977544794359417,False,8.97970355913824,0000014.txt,ob_0000006,True,76.66645074958481,random,0.8530746905337875,254.49800491333008,1
5.24971719206014,False,1.0878191501339212,False,8.97970355913824,0000015.txt,ob_0000006,True,141.77925010928547,random,0.8550358490825,265.4566764831543,1
5.055250925374588,False,0.15772730810238778,True,8.97970355913824,0000000.txt,ob_0000006,True,178.78063209916286,random,0.13994296113595078,300.9803295135498,3
0.7533866405032652,True,0.29205611090594785,True,8.97970355913824,0000001.txt,ob_0000006,True,11.380679638257815,random,0.4347628633226413,318.47357749938965,3
4.94933012319791,False,0.20769475142182475,True,8.97970355913824,0000002.txt,ob_0000006,True,96.14137915898392,random,0.3870923031058241,294.32177543640137,3
0.3284913942285866,True,0.1665746572515824,True,8.97970355913824,0000003.txt,ob_0000006,True,5.509165683579449,random,0.16107211609786076,1208.428144454956,3
5.116790061171986,False,1.6104094219129343,False,8.97970355913824,0000004.txt,ob_0000006,True,114.56784896854356,random,2.622577690565461,264.1031742095947,3
5.295292399820736,False,0.2190050180486733,True,8.97970355913824,0000005.txt,ob_0000006,True,179.41935365458167,random,0.22749989140503643,297.24597930908203,3
4.969517832367429,False,1.2339241831953718,False,8.97970355913824,0000006.txt,ob_0000006,True,130.6951227568705,random,1.5054189144459285,281.20970726013184,3
5.073524874792502,False,0.19419832856286434,True,8.97970355913824,0000007.txt,ob_0000006,True,177.4192596942474,random,0.27796129932397245,259.0975761413574,3
2.5428201434934232,False,0.5685119571186111,True,8.97970355913824,0000008.txt,ob_0000006,True,42.578737889438294,random,0.8542499155884318,250.7169246673584,3
5.181931757984262,False,0.2169440956806734,True,8.97970355913824,0000009.txt,ob_0000006,True,179.08510423782803,random,0.3563514444260292,255.68556785583496,3
5.07069661363021,False,0.18241182181588667,True,8.97970355913824,0000010.txt,ob_0000006,True,177.5789961262984,random,0.16454057733424132,267.98272132873535,3
5.160748313152447,False,0.18102439645945864,True,8.97970355913824,0000011.txt,ob_0000006,True,178.65493162159487,random,0.1939832109902527,242.70105361938477,3
1.3581533850808674,False,0.23453785861633497,True,8.97970355913824,0000012.txt,ob_0000006,True,23.059556909963803,random,0.2792656341254989,256.24728202819824,3
6.507556322366395,False,0.20015949063411398,True,8.97970355913824,0000013.txt,ob_0000006,True,156.12854796735064,random,0.37588352804954456,335.4663848876953,3
0.2498606422967801,True,0.18431908148000703,True,8.97970355913824,0000014.txt,ob_0000006,True,4.36048228537278,random,0.20102927112898802,310.06431579589844,3
5.2999072690184414,False,0.24440388732044943,True,8.97970355913824,0000015.txt,ob_0000006,True,179.9403398820798,random,0.5080557050399378,297.41811752319336,3
0.2635558993975857,True,0.15875609113555067,True,8.97970355913824,0000000.txt,ob_0000006,True,2.088805925606752,random,0.25197607135501093,324.5391845703125,5
4.25542150723538,False,0.24118627351539848,True,8.97970355913824,0000001.txt,ob_0000006,True,79.21457389392846,random,0.3650366754157727,322.4647045135498,5
5.2220878118408605,False,0.23871435900935006,True,8.97970355913824,0000002.txt,ob_0000006,True,177.14758717852717,random,0.42026936003766974,268.5585021972656,5
5.084142393961933,False,0.17994460579442365,True,8.97970355913824,0000003.txt,ob_0000006,True,179.58711584339264,random,0.2681317865471365,276.52859687805176,5
6.234588443927976,False,0.18090569355398875,True,8.97970355913824,0000004.txt,ob_0000006,True,138.68298181088218,random,0.17957334717662501,245.34010887145996,5
6.645753412274499,False,0.18984710806246693,True,8.97970355913824,0000005.txt,ob_0000006,True,176.23953856560166,random,0.20510547002363044,282.06562995910645,5
5.203755850531796,False,0.16376072489889298,True,8.97970355913824,0000006.txt,ob_0000006,True,179.47740669127742,random,0.17767003396551637,260.58220863342285,5
5.137396650902434,False,0.23120466958291092,True,8.97970355913824,0000007.txt,ob_0000006,True,177.9630035810484,random,0.36820701402169004,259.9902153015137,5
4.741316525106554,False,0.18379394698776327,True,8.97970355913824,0000008.txt,ob_0000006,True,90.62114487555107,random,0.18571738191458642,251.26385688781738,5
5.207316541385514,False,0.22922618331313047,True,8.97970355913824,0000009.txt,ob_0000006,True,176.93830152685425,random,0.36127407576845655,268.9483165740967,5
5.222310202850445,False,0.18830369163168034,True,8.97970355913824,0000010.txt,ob_0000006,True,179.66611213281655,random,0.14724590766190515,313.5719299316406,5
6.195685199271289,False,0.33057958853471153,True,8.97970355913824,0000011.txt,ob_0000006,True,137.48528745031078,random,0.5127400536902994,295.2866554260254,5
6.298978026608962,False,1.9887183882934174,False,8.97970355913824,0000012.txt,ob_0000006,True,111.01310570586433,random,4.028934361266261,251.2824535369873,5
5.086347058304015,False,0.22801133034962692,True,8.97970355913824,0000013.txt,ob_0000006,True,99.68450717970869,random,0.42849619985382625,290.93074798583984,5
6.168673961266309,False,1.3345094355880918,False,8.97970355913824,0000014.txt,ob_0000006,True,171.79729675288837,random,3.2790690865431515,322.338342666626,5
4.331488556594678,False,0.23342148297884938,True,8.97970355913824,0000015.txt,ob_0000006,True,80.88444143235341,random,0.48999324401048416,277.2822380065918,5
5.051026991639653,False,0.16007899202894707,True,8.97970355913824,0000000.txt,ob_0000006,True,179.92746365479405,random,0.10905974848565775,343.5075283050537,10
0.768583327993557,True,0.27906176430193363,True,8.97970355913824,0000001.txt,ob_0000006,True,11.743052671857862,random,0.4183422286907279,337.3076915740967,10
6.0942483652569575,False,0.21442928294992455,True,8.97970355913824,0000002.txt,ob_0000006,True,132.65372682084896,random,0.39991546837386927,313.9533996582031,10
1.3010521844617726,False,0.20261988191744124,True,8.97970355913824,0000003.txt,ob_0000006,True,22.541925087137834,random,0.1838352707416534,314.6169185638428,10
0.26052271407355937,True,0.16791773378803085,True,8.97970355913824,0000004.txt,ob_0000006,True,3.19131601548414,random,0.19042307750941234,326.901912689209,10
5.2299796272112005,False,0.21637604774329827,True,8.97970355913824,0000005.txt,ob_0000006,True,179.92529980648544,random,0.2793865536899003,316.25986099243164,10
0.20863276310921722,True,0.1714435256870108,True,8.97970355913824,0000006.txt,ob_0000006,True,2.157893715291027,random,0.1902823159083899,315.60301780700684,10
5.142257450897349,False,0.2411294911580352,True,8.97970355913824,0000007.txt,ob_0000006,True,179.25815099792635,random,0.3787393244842935,327.0726203918457,10
2.0597408578626846,False,0.17085578815440516,True,8.97970355913824,0000008.txt,ob_0000006,True,35.9523552042362,random,0.17145382581132482,343.1880474090576,10
5.302294938926565,False,0.2930517100030879,True,8.97970355913824,0000009.txt,ob_0000006,True,174.1909525026442,random,0.43662820397917235,321.6402530670166,10
5.071512649415574,False,0.18908283693914665,True,8.97970355913824,0000010.txt,ob_0000006,True,177.12750676320448,random,0.16201957207481882,344.77710723876953,10
1.4016717805096308,False,0.23460547952176866,True,8.97970355913824,0000011.txt,ob_0000006,True,23.901352695201133,random,0.38622423632684066,327.96669006347656,10
5.335390809392791,False,0.20916541629348698,True,8.97970355913824,0000012.txt,ob_0000006,True,106.3338685756962,random,0.22324298879974566,317.4591064453125,10
5.288359365010467,False,0.29684570574707475,True,8.97970355913824,0000013.txt,ob_0000006,True,179.75432952635515,random,0.3943874019214323,341.472864151001,10
1.0442458657413909,False,0.18087438407867798,True,8.97970355913824,0000014.txt,ob_0000006,True,17.787238557287527,random,0.1802424029819928,316.4966106414795,10
5.135039989086493,False,0.22624715801316783,True,8.97970355913824,0000015.txt,ob_0000006,True,178.3383261312328,random,0.48722556711680864,317.6252841949463,10
6.668581384910759,False,0.17120390823175566,True,8.97970355913824,0000000.txt,ob_0000006,True,178.26924893659944,random,0.2942811540073848,471.7833995819092,20
0.7612519869887215,True,0.28061903708630753,True,8.97970355913824,0000001.txt,ob_0000006,True,11.557975115664076,random,0.4226401164708929,479.5973300933838,20
0.38625337147912286,True,0.19650811260601592,True,8.97970355913824,0000002.txt,ob_0000006,True,2.4796557593615765,random,0.3786505751485434,474.6377468109131,20
0.3408414525180121,True,0.1619416942603065,True,8.97970355913824,0000003.txt,ob_0000006,True,5.7105195448907375,random,0.15856698478817952,466.3965702056885,20
6.6345283522640655,False,0.17446346913988145,True,8.97970355913824,0000004.txt,ob_0000006,True,169.7740093576766,random,0.1602611501287926,461.7598056793213,20
0.25774956255917436,True,0.15774856588012579,True,8.97970355913824,0000005.txt,ob_0000006,True,4.121228146418733,random,0.17496027362659405,464.7047519683838,20
0.19740955261366033,True,0.16535344507081753,True,8.97970355913824,0000006.txt,ob_0000006,True,1.7980764500156146,random,0.18205243217227562,482.0585250854492,20
6.140904378334077,False,0.2544532806924274,True,8.97970355913824,0000007.txt,ob_0000006,True,134.19505888821232,random,0.3117671895808052,458.8966369628906,20
6.245521680726818,False,0.1626494330170722,True,8.97970355913824,0000008.txt,ob_0000006,True,139.19482866293737,random,0.15367945853307405,475.85391998291016,20
5.219941333134689,False,0.25552147048574136,True,8.97970355913824,0000009.txt,ob_0000006,True,177.70511105000597,random,0.39990837712684313,472.0742702484131,20
5.882483745404085,False,0.1566856421252046,True,8.97970355913824,0000010.txt,ob_0000006,True,124.02481481120014,random,0.14208281769892672,488.51561546325684,20
6.6305268840288685,False,0.2067523864601008,True,8.97970355913824,0000011.txt,ob_0000006,True,171.36674807437507,random,0.2608567930853162,475.93188285827637,20
5.286471483288263,False,0.16860433191137203,True,8.97970355913824,0000012.txt,ob_0000006,True,179.9321941619464,random,0.22128450104561964,482.31983184814453,20
0.4025800536891384,True,0.206364373906372,True,8.97970355913824,0000013.txt,ob_0000006,True,3.477882609140707,random,0.3759337418560075,480.05032539367676,20
1.7633220766827205,False,0.16557561325141873,True,8.97970355913824,0000014.txt,ob_0000006,True,30.603354756077245,random,0.1549424413049888,472.83482551574707,20
5.223515117441859,False,0.2321121623489699,True,8.97970355913824,0000015.txt,ob_0000006,True,177.7098058807604,random,0.4936935866287974,468.4462547302246,20
0.26758093283571766,True,0.1598108808294923,True,8.97970355913824,0000000.txt,ob_0000006,True,2.084950954677381,random,0.25588816640819917,978.8713455200195,50
0.7515915449642454,True,0.28231387383547774,True,8.97970355913824,0000001.txt,ob_0000006,True,11.346154067803978,random,0.42771901597035716,1007.8628063201904,50
0.39731326385863625,True,0.2035529423659274,True,8.97970355913824,0000002.txt,ob_0000006,True,2.457157148638715,random,0.3897485914944783,1007.2600841522217,50
0.3076596785634806,True,0.1592642380373435,True,8.97970355913824,0000003.txt,ob_0000006,True,5.139002029886083,random,0.15184508202146244,1009.5052719116211,50
6.037860221302642,False,0.18516072406594689,True,8.97970355913824,0000004.txt,ob_0000006,True,129.92972109451867,random,0.18162023384813972,990.2865886688232,50
0.41729142079321485,True,0.201136933425639,True,8.97970355913824,0000005.txt,ob_0000006,True,6.7238787268060864,random,0.23978795735564226,1011.5697383880615,50
0.20084496617352987,True,0.16728986873665339,True,8.97970355913824,0000006.txt,ob_0000006,True,1.9515275928017317,random,0.1850473107557489,1005.7401657104492,50
5.137145337453225,False,0.22990922616514683,True,8.97970355913824,0000007.txt,ob_0000006,True,177.93607510394253,random,0.3657190480275125,1019.831657409668,50
0.21029781110773496,True,0.14513672250990883,True,8.97970355913824,0000008.txt,ob_0000006,True,2.655566226450203,random,0.1442465394358126,1017.8182125091553,50
0.8423435728369849,True,0.3271528041988032,True,8.97970355913824,0000009.txt,ob_0000006,True,12.641155203532564,random,0.46280991877915506,1010.960578918457,50
0.1899361118325793,True,0.12609771227602096,True,8.97970355913824,0000010.txt,ob_0000006,True,2.7698226119789733,random,0.13953054809034232,1032.8450202941895,50
5.193794965066902,False,0.20342148489944195,True,8.97970355913824,0000011.txt,ob_0000006,True,177.1247415263013,random,0.2878519251197139,1026.7393589019775,50
0.2390929339533201,True,0.17510758737074028,True,8.97970355913824,0000012.txt,ob_0000006,True,3.041119134891992,random,0.18238638809971283,1039.099931716919,50
0.41610201859529844,True,0.20996158548600855,True,8.97970355913824,0000013.txt,ob_0000006,True,3.413554106724212,random,0.3950104116676344,1024.6140956878662,50
0.22206513117729595,True,0.1708503545037355,True,8.97970355913824,0000014.txt,ob_0000006,True,3.5251268350566725,random,0.19803368735187504,1006.911039352417,50
0.4979768872765064,True,0.21491874201929953,True,8.97970355913824,0000015.txt,ob_0000006,True,3.7601191477676137,random,0.46027360216886026,1006.8924427032471,50
5.062375746386371,False,0.15872928970846692,True,8.97970355913824,0000000.txt,ob_0000006,True,179.11310271523726,farthest,0.12134655438139548,403.8376808166504,1
5.123513755583956,False,0.2647192109435837,True,8.97970355913824,0000001.txt,ob_0000006,True,176.4469977174719,farthest,0.5330982383473402,296.80848121643066,1
6.510209600011144,False,2.013359296818145,False,8.97970355913824,0000002.txt,ob_0000006,True,166.6285121280666,farthest,3.6929803485680783,300.85229873657227,1
5.035386157222364,False,0.23533020513960393,True,8.97970355913824,0000003.txt,ob_0000006,True,173.5743886597329,farthest,0.1553681192390707,313.02928924560547,1
5.731520061150132,False,2.067442124533088,False,8.97970355913824,0000004.txt,ob_0000006,True,123.82105461741116,farthest,3.5729790103965238,223.7558364868164,1
5.811965194145086,False,1.7270164574350253,False,8.97970355913824,0000005.txt,ob_0000006,True,137.26649391948152,farthest,3.2298475699519686,256.54101371765137,1
5.049413327907977,False,0.1655972889732487,True,8.97970355913824,0000006.txt,ob_0000006,True,177.30960936390105,farthest,0.11215918517022709,239.49074745178223,1
5.977867351596864,False,1.3595315880717216,False,8.97970355913824,0000007.txt,ob_0000006,True,173.3593609863488,farthest,1.8026613760205261,275.35128593444824,1
6.406508721250126,False,1.9848400702909652,False,8.97970355913824,0000008.txt,ob_0000006,True,155.82320314377813,farthest,3.221656088929921,246.28520011901855,1
5.153681714685338,False,0.25220759846637747,True,8.97970355913824,0000009.txt,ob_0000006,True,177.30253542661035,farthest,0.38972133640609635,248.2290267944336,1
6.247803146272412,False,1.1699623146675573,False,8.97970355913824,0000010.txt,ob_0000006,True,160.1561404155316,farthest,1.2253507665401884,239.42995071411133,1
4.385743818206604,False,1.5209476449369688,False,8.97970355913824,0000011.txt,ob_0000006,True,93.70445181727936,farthest,2.6391693177106146,270.6599235534668,1
5.745905101609932,False,1.3881178979794022,False,8.97970355913824,0000012.txt,ob_0000006,True,139.24911064509723,farthest,2.9019259459252185,252.93779373168945,1
5.3278981542010815,False,1.1830716760103779,False,8.97970355913824,0000013.txt,ob_0000006,True,151.6368018254806,farthest,1.9490623313478899,284.6508026123047,1
4.950233193856039,False,1.5652513606481158,False,8.97970355913824,0000014.txt,ob_0000006,True,116.84219304094674,farthest,2.0237366729054638,291.5027141571045,1
5.508391331897235,False,1.2007630058100298,False,8.97970355913824,0000015.txt,ob_0000006,True,145.6634133203964,farthest,0.5631134836869742,289.84785079956055,1
5.056332860673357,False,0.16780512523338167,True,8.97970355913824,0000000.txt,ob_0000006,True,98.65607815375576,farthest,0.301614876934626,355.8366298675537,3
5.210363098255464,False,0.2736189675741543,True,8.97970355913824,0000001.txt,ob_0000006,True,178.9170854235126,farthest,0.42386378474753106,362.2922897338867,3
6.0731643059749745,False,1.912708955854329,False,8.97970355913824,0000002.txt,ob_0000006,True,137.29900342722826,farthest,3.6927156285754545,313.4145736694336,3
5.037635167455716,False,0.23285840247145173,True,8.97970355913824,0000003.txt,ob_0000006,True,173.46916203452705,farthest,0.14374239009259304,285.28356552124023,3
6.989045384553555,False,1.7479753852334488,False,8.97970355913824,0000004.txt,ob_0000006,True,164.86148999000616,farthest,3.132665866541224,280.0157070159912,3
6.471202864747321,False,1.0808865344959058,False,8.97970355913824,0000005.txt,ob_0000006,True,139.752825769824,farthest,2.0247807949527834,276.81970596313477,3
5.282012589088705,False,0.2362921156571533,True,8.97970355913824,0000006.txt,ob_0000006,True,173.94918679078083,farthest,0.10354065438596398,286.7271900177002,3
4.832096769329362,False,1.2339313103555554,False,8.97970355913824,0000007.txt,ob_0000006,True,108.33733642398987,farthest,1.4239233816162005,280.15971183776855,3
6.45370622856008,False,2.6179157566328524,False,8.97970355913824,0000008.txt,ob_0000006,True,106.43833820947343,farthest,4.843945500436187,329.21648025512695,3
5.306665273843164,False,0.2204384091492268,True,8.97970355913824,0000009.txt,ob_0000006,True,177.14231084583923,farthest,0.3380925032596035,274.3184566497803,3
6.260119890873382,False,1.1507786650202367,False,8.97970355913824,0000010.txt,ob_0000006,True,161.97239494682475,farthest,1.1392978261676472,295.8381175994873,3
6.297159597442876,False,1.5015455318793205,False,8.97970355913824,0000011.txt,ob_0000006,True,169.3570210836174,farthest,1.959954891716782,321.5596675872803,3
5.26457275605188,False,1.2034243650617535,False,8.97970355913824,0000012.txt,ob_0000006,True,131.8603341638461,farthest,2.0550945597358967,330.463171005249,3
6.660786119780046,False,1.9431536872859374,False,8.97970355913824,0000013.txt,ob_0000006,True,135.63085694059706,farthest,4.31351660344318,317.4889087677002,3
6.251866857894847,False,1.491832246294453,False,8.97970355913824,0000014.txt,ob_0000006,True,157.33529439729156,farthest,3.083461493525518,333.9076042175293,3
3.632969128078224,False,1.1329662889087377,False,8.97970355913824,0000015.txt,ob_0000006,True,89.83044894980151,farthest,0.41956189761226437,273.8180160522461,3
0.26817629385186503,True,0.15978349840662015,True,8.97970355913824,0000000.txt,ob_0000006,True,2.077891194480688,farthest,0.25650338996766814,384.8910331726074,5
0.751415455913884,True,0.2866741994473895,True,8.97970355913824,0000001.txt,ob_0000006,True,11.0081021399201,farthest,0.4530852878747626,285.3844165802002,5
5.131218382971144,False,0.22834220131807986,True,8.97970355913824,0000002.txt,ob_0000006,True,175.97654128708572,farthest,0.35836259477240795,248.42238426208496,5
1.6994508153871242,False,0.17583620751305729,True,8.97970355913824,0000003.txt,ob_0000006,True,29.469944931483795,farthest,0.18971833416394918,292.37985610961914,5
0.27493992768979003,True,0.17193902092756191,True,8.97970355913824,0000004.txt,ob_0000006,True,3.5274387577905193,farthest,0.19104563297787464,299.6506690979004,5
2.8402573194647776,False,0.1988487821207209,True,8.97970355913824,0000005.txt,ob_0000006,True,50.58776004084273,farthest,0.21403543780369652,299.20411109924316,5
5.2806563524429295,False,0.2319285584221214,True,8.97970355913824,0000006.txt,ob_0000006,True,174.08913114645264,farthest,0.08928750715228882,257.2510242462158,5
5.3530952852858436,False,0.2966563363026337,True,8.97970355913824,0000007.txt,ob_0000006,True,106.60274639776037,farthest,0.40526806043431607,312.75486946105957,5
2.4255708186249976,False,0.16363827574068926,True,8.97970355913824,0000008.txt,ob_0000006,True,42.58276225429527,farthest,0.15811244935886662,306.3833713531494,5
0.9545887829623632,False,0.2763848228911286,True,8.97970355913824,0000009.txt,ob_0000006,True,15.335273118230894,farthest,0.37259517548321014,270.5550193786621,5
4.860565924779248,False,0.1566785920473762,True,8.97970355913824,0000010.txt,ob_0000006,True,93.72129630045387,farthest,0.13399939640308192,268.1279182434082,5
4.062067925300069,False,0.23238533047975407,True,8.97970355913824,0000011.txt,ob_0000006,True,75.16327742871187,farthest,0.3047224074187573,277.332067489624,5
0.36493940544861775,True,0.22842572204424016,True,8.97970355913824,0000012.txt,ob_0000006,True,4.602137712449711,farthest,0.2707840141258963,291.1977767944336,5
5.030419696738911,False,0.2968837987503239,True,8.97970355913824,0000013.txt,ob_0000006,True,179.39324503803374,farthest,0.43740536468002766,257.64942169189453,5
5.095002498635281,False,0.22004175447347182,True,8.97970355913824,0000014.txt,ob_0000006,True,176.7517968455762,farthest,0.13207235355842994,279.6046733856201,5
6.516547681507157,False,0.23220510472244812,True,8.97970355913824,0000015.txt,ob_0000006,True,154.33440738005217,farthest,0.4908960460719215,271.7318534851074,5
0.26817629385186503,True,0.15978349840662015,True,8.97970355913824,0000000.txt,ob_0000006,True,2.077891194480688,farthest,0.25650338996766814,386.9655132293701,10
0.751415455913884,True,0.2866741994473895,True,8.97970355913824,0000001.txt,ob_0000006,True,11.0081021399201,farthest,0.4530852878747626,318.39871406555176,10
5.131218382971144,False,0.22834220131807986,True,8.97970355913824,0000002.txt,ob_0000006,True,175.97654128708572,farthest,0.35836259477240795,335.1149559020996,10
1.6994508153871242,False,0.17583620751305729,True,8.97970355913824,0000003.txt,ob_0000006,True,29.469944931483795,farthest,0.18971833416394918,328.36174964904785,10
0.27493992768979003,True,0.17193902092756191,True,8.97970355913824,0000004.txt,ob_0000006,True,3.5274387577905193,farthest,0.19104563297787464,315.51456451416016,10
5.19831629088657,False,0.2091201793171154,True,8.97970355913824,0000005.txt,ob_0000006,True,176.94357722129,farthest,0.23894931326264232,329.12611961364746,10
5.11424776384774,False,0.16269736261159784,True,8.97970355913824,0000006.txt,ob_0000006,True,179.40316984791045,farthest,0.18252229206755674,328.22465896606445,10
4.5098921052621606,False,0.2637842597135888,True,8.97970355913824,0000007.txt,ob_0000006,True,85.06502355080812,farthest,0.34255544861158566,326.3585567474365,10
6.252633226146408,False,0.17035070221487786,True,8.97970355913824,0000008.txt,ob_0000006,True,139.47810242455427,farthest,0.1761329286705097,322.62182235717773,10
0.9545887829623632,False,0.2763848228911286,True,8.97970355913824,0000009.txt,ob_0000006,True,15.335273118230894,farthest,0.37259517548321014,339.17236328125,10
4.791201582420876,False,0.15051252723901493,True,8.97970355913824,0000010.txt,ob_0000006,True,92.11114099272392,farthest,0.14990195728701708,350.0654697418213,10
5.7148505911337635,False,0.2341833155612159,True,8.97970355913824,0000011.txt,ob_0000006,True,118.44973191883363,farthest,0.3311613801332898,335.6454372406006,10
0.36493940544861775,True,0.22842572204424016,True,8.97970355913824,0000012.txt,ob_0000006,True,4.602137712449711,farthest,0.2707840141258963,363.71850967407227,10
5.201659691874139,False,0.31162425639696245,True,8.97970355913824,0000013.txt,ob_0000006,True,179.5804754738362,farthest,0.4039236654624594,330.9040069580078,10
5.2677520921637315,False,0.2240085416199256,True,8.97970355913824,0000014.txt,ob_0000006,True,179.53974605019198,farthest,0.1473606038980119,339.9214744567871,10
5.082154259002537,False,0.2388018903525063,True,8.97970355913824,0000015.txt,ob_0000006,True,177.92455902861093,farthest,0.4987113636750823,354.07423973083496,10
0.26758093283571766,True,0.1598108808294923,True,8.97970355913824,0000000.txt,ob_0000006,True,2.084950954677381,farthest,0.25588816640819917,523.5264301300049,20
0.774488027384806,True,0.2883640612134066,True,8.97970355913824,0000001.txt,ob_0000006,True,11.48909724568383,farthest,0.452536490012204,482.95044898986816,20
2.983718148456472,False,0.20308594084550766,True,8.97970355913824,0000002.txt,ob_0000006,True,53.122614460905055,farthest,0.37922738902967645,477.24008560180664,20
5.63418368446963,False,0.20025810648105477,True,8.97970355913824,0000003.txt,ob_0000006,True,115.5426437386626,farthest,0.2093585480432708,481.1232089996338,20
0.27509351084750755,True,0.1723267965702751,True,8.97970355913824,0000004.txt,ob_0000006,True,3.513282859248748,farthest,0.19243876981433616,484.5454692840576,20
5.046641403717584,False,0.20736691872643823,True,8.97970355913824,0000005.txt,ob_0000006,True,178.58254899399142,farthest,0.25898207826486747,486.3433837890625,20
5.20394835009651,False,0.1637556202125077,True,8.97970355913824,0000006.txt,ob_0000006,True,179.5311027713526,farthest,0.18515872621146964,501.90019607543945,20
0.32912563828788777,True,0.24621572428126762,True,8.97970355913824,0000007.txt,ob_0000006,True,1.9152455647937625,farthest,0.3097569672789738,489.1839027404785,20
6.245521680726818,False,0.1626494330170722,True,8.97970355913824,0000008.txt,ob_0000006,True,139.19482866293737,farthest,0.15367945853307405,511.81554794311523,20
0.9649940595863096,False,0.2707940813602881,True,8.97970355913824,0000009.txt,ob_0000006,True,15.607620238812162,farthest,0.36099216684398255,494.840145111084,20
0.18991021296809202,True,0.12610557078369336,True,8.97970355913824,0000010.txt,ob_0000006,True,2.7693228347158882,farthest,0.13954007103523527,489.0298843383789,20
0.33384427298163927,True,0.21136726282221346,True,8.97970355913824,0000011.txt,ob_0000006,True,3.3881756136953425,farthest,0.3092072103640608,487.6081943511963,20
0.3674884576792965,True,0.2288845762752866,True,8.97970355913824,0000012.txt,ob_0000006,True,4.628975952703826,farthest,0.2716143768767319,479.6614646911621,20
0.39848035925739644,True,0.20861226484494452,True,8.97970355913824,0000013.txt,ob_0000006,True,3.004933521937236,farthest,0.37960992183520303,481.7187786102295,20
0.21505437219843715,True,0.16539222587692418,True,8.97970355913824,0000014.txt,ob_0000006,True,3.7086860610025734,farthest,0.1783048749267653,482.5127124786377,20
0.5028229440642892,True,0.2169825131691469,True,8.97970355913824,0000015.txt,ob_0000006,True,3.8783541155316352,farthest,0.4633091096483216,511.78693771362305,20
0.26758093283571766,True,0.1598108808294923,True,8.97970355913824,0000000.txt,ob_0000006,True,2.084950954677381,farthest,0.25588816640819917,1054.7897815704346,50
0.774488027384806,True,0.2883640612134066,True,8.97970355913824,0000001.txt,ob_0000006,True,11.48909724568383,farthest,0.452536490012204,1016.8952941894531,50
0.38625337147912286,True,0.19650811260601592,True,8.97970355913824,0000002.txt,ob_0000006,True,2.4796557593615765,farthest,0.3786505751485434,1000.114917755127,50
5.63418368446963,False,0.20025810648105477,True,8.97970355913824,0000003.txt,ob_0000006,True,115.5426437386626,farthest,0.2093585480432708,993.6795234680176,50
0.2752815768528352,True,0.17255181440674333,True,8.97970355913824,0000004.txt,ob_0000006,True,3.5131496115181835,farthest,0.19272424780992325,988.8806343078613,50
5.198283837115371,False,0.20625358400989152,True,8.97970355913824,0000005.txt,ob_0000006,True,177.1487733517674,farthest,0.24762938263330597,993.217945098877,50
0.13949953013214275,True,0.12218354116420216,True,8.97970355913824,0000006.txt,ob_0000006,True,1.1351378037248745,farthest,0.12607806498913546,1000.1277923583984,50
0.32912563828788777,True,0.24621572428126762,True,8.97970355913824,0000007.txt,ob_0000006,True,1.9152455647937625,farthest,0.3097569672789738,1011.2731456756592,50
6.245521680726818,False,0.1626494330170722,True,8.97970355913824,0000008.txt,ob_0000006,True,139.19482866293737,farthest,0.15367945853307405,1002.1791458129883,50
0.8423435728369849,True,0.3271528041988032,True,8.97970355913824,0000009.txt,ob_0000006,True,12.641155203532564,farthest,0.46280991877915506,1013.023853302002,50
0.1899361118325793,True,0.12609771227602096,True,8.97970355913824,0000010.txt,ob_0000006,True,2.7698226119789733,farthest,0.13953054809034232,1019.310712814331,50
0.3338449626982926,True,0.2113673797398749,True,8.97970355913824,0000011.txt,ob_0000006,True,3.388226252208579,farthest,0.3092072103640608,1005.6173801422119,50
0.36748988289113094,True,0.22888569433389927,True,8.97970355913824,0000012.txt,ob_0000006,True,4.628975952703826,farthest,0.2716164177426278,992.4306869506836,50
0.40690207032936454,True,0.2152432430504789,True,8.97970355913824,0000013.txt,ob_0000006,True,3.2773109768205146,farthest,0.3812791976702329,993.211030960083,50
0.21505437219843715,True,0.16539222587692418,True,8.97970355913824,0000014.txt,ob_0000006,True,3.7086860610025734,farthest,0.1783048749267653,1022.1755504608154,50
0.5028229440642892,True,0.2169825131691469,True,8.97970355913824,0000015.txt,ob_0000006,True,3.8783541155316352,farthest,0.4633091096483216,1014.7008895874023,50
6.917887316657613,False,0.6068873574841108,True,14.254349040205238,0000000.txt,ob_0000007,True,177.98406052950443,random,0.3358460609810995,464.42675590515137,1
9.219096683844285,False,3.610770260093177,False,14.254349040205238,0000001.txt,ob_0000007,True,147.82909958922033,random,6.065648014057793,317.523717880249,1
6.9975968778935815,False,0.6490215286927216,True,14.254349040205238,0000002.txt,ob_0000007,True,174.3183341424787,random,0.6951208271125935,258.2578659057617,1
7.358777364399794,False,1.505425849314593,False,14.254349040205238,0000003.txt,ob_0000007,True,172.48753068099234,random,2.593723521770187,275.50411224365234,1
9.42704107612249,False,3.675257590569811,False,14.254349040205238,0000004.txt,ob_0000007,True,115.63760574920414,random,6.371634745096559,301.01895332336426,1
8.131231158621627,False,3.708467535518858,False,14.254349040205238,0000005.txt,ob_0000007,True,108.51306741360148,random,5.465210464579091,293.49303245544434,1
6.907990039530492,False,0.6927479700134296,True,14.254349040205238,0000006.txt,ob_0000007,True,90.51189452094272,random,0.8711821235463105,268.9700126647949,1
9.989922622430978,False,2.9420326490235738,False,14.254349040205238,0000007.txt,ob_0000007,True,178.9009868396929,random,4.6229686840121795,275.32124519348145,1
7.670888218082195,False,2.947679822784024,False,14.254349040205238,0000008.txt,ob_0000007,True,102.95790013429595,random,4.350940076967958,279.88362312316895,1
6.671539765099328,False,0.32374739607437636,True,14.254349040205238,0000009.txt,ob_0000007,True,179.8713816113403,random,0.5950121810447938,281.9027900695801,1
6.77085130098262,False,0.6210239779180341,True,14.254349040205238,0000010.txt,ob_0000007,True,88.23248069260518,random,0.9303914973231094,289.14451599121094,1
8.149604888751073,False,1.173804135688708,True,14.254349040205238,0000011.txt,ob_0000007,True,178.5636188981489,random,1.8823743522041005,317.6615238189697,1
9.936908634878943,False,4.849499971582636,False,14.254349040205238,0000012.txt,ob_0000007,True,147.01783137801849,random,7.405905721905394,329.30827140808105,1
7.442421654031414,False,3.0043139290278096,False,14.254349040205238,0000013.txt,ob_0000007,True,107.93185308651935,random,5.204046217261405,308.3677291870117,1
9.704041168116973,False,0.4795144516664765,True,14.254349040205238,0000014.txt,ob_0000007,True,179.95736913741862,random,0.7996072795725944,307.6491355895996,1
6.920040776509699,False,2.3292132798686103,False,14.254349040205238,0000015.txt,ob_0000007,True,117.16926082404234,random,3.020459012581279,286.2069606781006,1
7.867437839034089,False,0.3179972065942671,True,14.254349040205238,0000000.txt,ob_0000007,True,178.117502576067,random,0.5162790648223012,310.6348514556885,3
9.062358884651434,False,4.5651191439029475,False,14.254349040205238,0000001.txt,ob_0000007,True,123.27240227667518,random,6.710034837748808,309.6601963043213,3
0.22450549611677953,True,0.1659422841700909,True,14.254349040205238,0000002.txt,ob_0000007,True,1.5738169910146493,random,0.2023322571738089,274.355411529541,3
8.01297438920809,False,2.105870060038968,False,14.254349040205238,0000003.txt,ob_0000007,True,131.3672343004039,random,2.87095575653786,274.5802402496338,3
7.0333604999095805,False,0.5932670074203349,True,14.254349040205238,0000004.txt,ob_0000007,True,178.3701387662097,random,0.7025060372286898,262.44306564331055,3
9.219435817523161,False,2.287251416756261,False,14.254349040205238,0000005.txt,ob_0000007,True,178.12247755426716,random,3.756570183547149,264.6186351776123,3
6.91250353223582,False,0.6896768712914368,True,14.254349040205238,0000006.txt,ob_0000007,True,90.61901319439808,random,0.846120094267663,264.5728588104248,3
6.263621813883498,False,3.0531435539338947,False,14.254349040205238,0000007.txt,ob_0000007,True,96.51878410135734,random,4.39470164910097,319.50950622558594,3
6.729316297804202,False,0.558682161517178,True,14.254349040205238,0000008.txt,ob_0000007,True,87.482678442778,random,1.010338060593894,279.33597564697266,3
6.846627141075973,False,0.66403637779601,True,14.254349040205238,0000009.txt,ob_0000007,True,89.75007400681041,random,0.9285987512562828,251.8775463104248,3
9.67585057560252,False,0.2353966920020158,True,14.254349040205238,0000010.txt,ob_0000007,True,178.75163411929282,random,0.31906359018617586,294.6333885192871,3
8.247795755178144,False,1.3325454416217444,True,14.254349040205238,0000011.txt,ob_0000007,True,178.81212918953744,random,2.1345987228912233,350.9225845336914,3
9.671958214596023,False,2.7905441874831687,False,14.254349040205238,0000012.txt,ob_0000007,True,122.06634642173896,random,4.458744593207677,312.01648712158203,3
6.665206452866491,False,0.20375463101506508,True,14.254349040205238,0000013.txt,ob_0000007,True,177.49020463944393,random,0.2243899551122925,321.2606906890869,3
0.7946941263606739,True,0.4747997276718268,True,14.254349040205238,0000014.txt,ob_0000007,True,2.146744018138729,random,0.7831467688688778,295.32933235168457,3
0.5256159359671878,True,0.269046841827776,True,14.254349040205238,0000015.txt,ob_0000007,True,3.864749558264972,random,0.4592040924485944,260.78176498413086,3
9.459962880636771,False,2.0302803951037225,False,14.254349040205238,0000000.txt,ob_0000007,True,177.6425486880744,random,3.5589202077759174,275.0072479248047,5
10.372289915814212,False,3.3780804579470636,False,14.254349040205238,0000001.txt,ob_0000007,True,178.13254058341937,random,4.876276145950471,266.5891647338867,5
0.23645691719687015,True,0.17343600266807901,True,14.254349040205238,0000002.txt,ob_0000007,True,1.8604130561630026,random,0.208317775986983,277.78172492980957,5
7.123540934296098,False,0.7277263201597278,True,14.254349040205238,0000003.txt,ob_0000007,True,176.95386443038063,random,1.3057275751496447,261.732816696167,5
0.21653094616222354,True,0.17024279249575933,True,14.254349040205238,0000004.txt,ob_0000007,True,1.8652617952651749,random,0.19560928280429163,247.16663360595703,5
0.4124739666142213,True,0.24151199685847266,True,14.254349040205238,0000005.txt,ob_0000007,True,2.666979363716196,random,0.37347915128701475,274.00779724121094,5
7.868716173776466,False,0.33063646617634557,True,14.254349040205238,0000006.txt,ob_0000007,True,177.97410120443757,random,0.5002852699808814,299.29208755493164,5
7.900935601295231,False,0.45823494228880574,True,14.254349040205238,0000007.txt,ob_0000007,True,175.3752117530452,random,0.830526202772133,271.7475891113281,5
7.850765024822673,False,0.25357761497486087,True,14.254349040205238,0000008.txt,ob_0000007,True,178.7954011716725,random,0.453439021506338,257.56025314331055,5
0.3962598075185761,True,0.24188540613644463,True,14.254349040205238,0000009.txt,ob_0000007,True,2.627161442354767,random,0.34971719704034554,261.00945472717285,5
9.675842897643927,False,0.23551260723117326,True,14.254349040205238,0000010.txt,ob_0000007,True,178.75007213182198,random,0.31932909718294583,260.2860927581787,5
1.7431360566099359,False,0.989170933727018,True,14.254349040205238,0000011.txt,ob_0000007,True,20.442175647714706,random,1.557535096229008,253.19337844848633,5
10.382683524747534,False,4.215283200912323,False,14.254349040205238,0000012.txt,ob_0000007,True,153.29102772720194,random,6.61913588896906,242.8126335144043,5
5.6495938172134785,False,2.203359251265538,False,14.254349040205238,0000013.txt,ob_0000007,True,91.44976301006321,random,3.884516131529978,245.28765678405762,5
7.00129568941127,False,0.7478679033522109,True,14.254349040205238,0000014.txt,ob_0000007,True,173.4889913413702,random,0.5469948428802985,264.9271488189697,5
0.506484096424116,True,0.26095753116473736,True,14.254349040205238,0000015.txt,ob_0000007,True,3.4826302682951877,random,0.4545177319707566,248.36468696594238,5
6.975610076676865,False,0.6179934281480234,True,14.254349040205238,0000000.txt,ob_0000007,True,178.12145886801855,random,0.5469542756895094,314.8050308227539,10
0.2962391894560021,True,0.22251453290002107,True,14.254349040205238,0000001.txt,ob_0000007,True,1.6536746307329127,random,0.2804243420175321,320.9414482116699,10
0.6140421047086344,True,0.35584076087552385,True,14.254349040205238,0000002.txt,ob_0000007,True,7.910213593819745,random,0.3605229008964764,318.8927173614502,10
9.696338883972016,False,2.8512438250364616,False,14.254349040205238,0000003.txt,ob_0000007,True,171.01785598610053,random,4.216579573126466,326.3847827911377,10
0.22522779360565634,True,0.1762387803550339,True,14.254349040205238,0000004.txt,ob_0000007,True,1.8034156495478681,random,0.20439249332340112,311.2518787384033,10
0.412114249900764,True,0.24144516720856413,True,14.254349040205238,0000005.txt,ob_0000007,True,2.6721760489397357,random,0.3727985797540521,325.96611976623535,10
0.4547811052140524,True,0.3238134985489837,True,14.254349040205238,0000006.txt,ob_0000007,True,2.152284447301097,random,0.43984555603366815,328.98974418640137,10
6.69215477592677,False,0.41955395961976216,True,14.254349040205238,0000007.txt,ob_0000007,True,179.84215535488252,random,0.9178339381142913,340.9597873687744,10
0.5527014610349229,True,0.27768955013516733,True,14.254349040205238,0000008.txt,ob_0000007,True,2.4003541502645787,random,0.5264792007997293,336.8668556213379,10
0.4004992567716507,True,0.24379975567395246,True,14.254349040205238,0000009.txt,ob_0000007,True,2.6158102207552294,random,0.3552557038308995,346.94433212280273,10
0.24261482359843362,True,0.1871421951417221,True,14.254349040205238,0000010.txt,ob_0000007,True,0.9970292107035194,random,0.2334257642069786,324.80597496032715,10
7.860601757009475,False,0.34349859850823466,True,14.254349040205238,0000011.txt,ob_0000007,True,177.86793253343112,random,0.46025989466739947,332.1516513824463,10
7.115645761755511,False,0.7414128324026286,True,14.254349040205238,0000012.txt,ob_0000007,True,94.35210206862502,random,0.8095068978156196,349.0872383117676,10
9.677385801149667,False,0.2946080013221914,True,14.254349040205238,0000013.txt,ob_0000007,True,176.23734121038686,random,0.29500124047777243,320.2836513519287,10
0.8546283847317149,True,0.5153572757622882,True,14.254349040205238,0000014.txt,ob_0000007,True,2.3564565768803623,random,0.8425476433197564,337.9251956939697,10
0.5372357829408272,True,0.2762844339680484,True,14.254349040205238,0000015.txt,ob_0000007,True,4.3670785564137535,random,0.45984889089521996,360.02182960510254,10
0.5369324429315442,True,0.27443015734500564,True,14.254349040205238,0000000.txt,ob_0000007,True,3.3880755163606247,random,0.4915690244105958,497.77960777282715,20
6.682952043086232,False,0.29292675459665973,True,14.254349040205238,0000001.txt,ob_0000007,True,178.84315793972584,random,0.41155830725345816,500.11301040649414,20
0.21995687949897388,True,0.16374108456791567,True,14.254349040205238,0000002.txt,ob_0000007,True,1.5753199403103693,random,0.19668067429956324,465.4347896575928,20
5.384300829682197,False,1.8534249565599656,False,14.254349040205238,0000003.txt,ob_0000007,True,55.07108126515523,random,2.9818812284506224,477.4932861328125,20
0.2228911556807742,True,0.17482978409963662,True,14.254349040205238,0000004.txt,ob_0000007,True,1.7770152258175766,random,0.2022697223982844,465.81077575683594,20
7.866892545792852,False,0.3204318839327892,True,14.254349040205238,0000005.txt,ob_0000007,True,177.66081890535145,random,0.48601506268810396,480.5755615234375,20
0.47346594351228477,True,0.33447257515833945,True,14.254349040205238,0000006.txt,ob_0000007,True,2.149103216751785,random,0.4582094146314941,475.170373916626,20
3.202979213217598,False,1.797363097169538,False,14.254349040205238,0000007.txt,ob_0000007,True,31.559240497188533,random,2.907190132799412,492.95830726623535,20
6.69249935477273,False,0.3075423335841645,True,14.254349040205238,0000008.txt,ob_0000007,True,178.70831232981647,random,0.6069449553304586,488.5828495025635,20
0.3916140628535364,True,0.24047723148934355,True,14.254349040205238,0000009.txt,ob_0000007,True,2.5945051319768795,random,0.3467476114240917,501.65367126464844,20
0.24507294357930962,True,0.18849165531467296,True,14.254349040205238,0000010.txt,ob_0000007,True,1.012235087279746,random,0.23391069471122788,464.0798568725586,20
9.682634189943268,False,0.3317110814747578,True,14.254349040205238,0000011.txt,ob_0000007,True,179.52484356605544,random,0.5001860343443812,478.44696044921875,20
0.35343977533748633,True,0.22846168630974215,True,14.254349040205238,0000012.txt,ob_0000007,True,3.0004016620070044,random,0.30026711383964666,455.92379570007324,20
6.673208852672483,False,0.2426828634194213,True,14.254349040205238,0000013.txt,ob_0000007,True,177.97932428441763,random,0.343821109860526,462.54801750183105,20
0.8552988581360342,True,0.5018243464118489,True,14.254349040205238,0000014.txt,ob_0000007,True,1.285631815663216,random,0.8484512034648414,468.6603546142578,20
7.866655188500839,False,0.30750112772377897,True,14.254349040205238,0000015.txt,ob_0000007,True,178.5829968317862,random,0.5001192926096015,460.005521774292,20
0.5516221579636253,True,0.2793751479936608,True,14.254349040205238,0000000.txt,ob_0000007,True,3.4510331855712004,random,0.5058659152242035,992.3646450042725,50
0.29716800742496163,True,0.2238781761154988,True,14.254349040205238,0000001.txt,ob_0000007,True,1.798673508401313,random,0.2784773494393684,999.5377063751221,50
0.22045984897023194,True,0.16391631714696525,True,14.254349040205238,0000002.txt,ob_0000007,True,1.5842322496631815,random,0.19695599922486495,998.5692501068115,50
0.9175802134200843,True,0.5380392098173555,True,14.254349040205238,0000003.txt,ob_0000007,True,4.857916819287072,random,0.8846542809480776,1005.1414966583252,50
0.22831988934815173,True,0.17867279664801583,True,14.254349040205238,0000004.txt,ob_0000007,True,1.8057076387355315,random,0.20944228374975762,997.6382255554199,50
0.41427765112400344,True,0.24176979611438162,True,14.254349040205238,0000005.txt,ob_0000007,True,2.653109163356416,random,0.3757108272498649,1025.8004665374756,50
0.4767320643842602,True,0.3356937295889054,True,14.254349040205238,0000006.txt,ob_0000007,True,2.2483433675889177,random,0.45971248251972796,1009.8235607147217,50
0.8230723128133922,True,0.3652199369818016,True,14.254349040205238,0000007.txt,ob_0000007,True,2.857058962062507,random,0.8049580115220214,1021.5404033660889,50
0.5371053248070332,True,0.2715801203188216,True,14.254349040205238,0000008.txt,ob_0000007,True,2.5748978916822916,random,0.5056521347938489,1046.8528270721436,50
0.40377741736338607,True,0.24415572116932913,True,14.254349040205238,0000009.txt,ob_0000007,True,2.67682587293324,random,0.3553741492281634,1025.8712768554688,50
0.24526834118259178,True,0.18828802398993225,True,14.254349040205238,0000010.txt,ob_0000007,True,0.9864199985416994,random,0.2349125487053229,1021.5370655059814,50
6.680310980813534,False,0.32461694521204065,True,14.254349040205238,0000011.txt,ob_0000007,True,174.89142628786925,random,0.45895515914490964,1033.1454277038574,50
0.35787821142037235,True,0.23007715343040702,True,14.254349040205238,0000012.txt,ob_0000007,True,3.0184203611661586,random,0.30439707517019,1016.1798000335693,50
7.857787246352942,False,0.2287353327685213,True,14.254349040205238,0000013.txt,ob_0000007,True,179.8089641885981,random,0.20605459720116473,1020.0324058532715,50
0.7737909972857158,True,0.4592558461503116,True,14.254349040205238,0000014.txt,ob_0000007,True,2.0690755047856904,random,0.7613540950545058,1038.4986400604248,50
0.5340378606643598,True,0.27317794663446776,True,14.254349040205238,0000015.txt,ob_0000007,True,3.9016853002296528,random,0.46930585132445174,1046.6892719268799,50
9.573775919569147,False,2.1322195714996384,False,14.254349040205238,0000000.txt,ob_0000007,True,175.94426414519387,farthest,3.807725259718901,333.5309028625488,1
10.28037228269098,False,6.084135990382233,False,14.254349040205238,0000001.txt,ob_0000007,True,95.34539177452511,farthest,9.112059086615517,232.34820365905762,1
6.668425205859194,False,0.2218253328480481,True,14.254349040205238,0000002.txt,ob_0000007,True,179.35496954690018,farthest,0.3144428786507373,245.44453620910645,1
8.17189624097352,False,2.5110414670797385,False,14.254349040205238,0000003.txt,ob_0000007,True,121.29694773362351,farthest,4.751592462821519,263.55934143066406,1
6.672240150433353,False,0.23566957199361582,True,14.254349040205238,0000004.txt,ob_0000007,True,179.1612030700175,farthest,0.38040863038690115,245.94879150390625,1
9.679898920447332,False,0.2603315715719069,True,14.254349040205238,0000005.txt,ob_0000007,True,179.9501397427522,farthest,0.3131123742493965,258.2581043243408,1
6.686793460064832,False,0.31444773378846125,True,14.254349040205238,0000006.txt,ob_0000007,True,179.0127788985122,farthest,0.4895274115937391,237.5049591064453,1
9.521718723014597,False,2.5338648245857036,False,14.254349040205238,0000007.txt,ob_0000007,True,170.28244975393343,farthest,3.85900723002998,240.92698097229004,1
9.675775090568939,False,0.30949902010445685,True,14.254349040205238,0000008.txt,ob_0000007,True,176.69593345522992,farthest,0.6374396280408345,239.26854133605957,1
9.67741674883222,False,0.30237303549677363,True,14.254349040205238,0000009.txt,ob_0000007,True,179.57261697499504,farthest,0.5264117046052956,305.39822578430176,1
6.674563168060092,False,0.288789382537713,True,14.254349040205238,0000010.txt,ob_0000007,True,179.4900534938052,farthest,0.4460022265037679,310.50872802734375,1
10.409295223263952,False,3.8406993507916107,False,14.254349040205238,0000011.txt,ob_0000007,True,137.36614550819172,farthest,6.629880742138934,274.9297618865967,1
9.41648710721967,False,4.139776747158583,False,14.254349040205238,0000012.txt,ob_0000007,True,90.0108200347167,farthest,7.024568040634048,278.83172035217285,1
8.479178655192563,False,2.957992579795856,False,14.254349040205238,0000013.txt,ob_0000007,True,116.23520275135073,farthest,5.042902966053812,313.43913078308105,1
9.70170942949404,False,0.4564850793258732,True,14.254349040205238,0000014.txt,ob_0000007,True,179.36411167999674,farthest,0.7326689921485029,282.2747230529785,1
8.780801508566633,False,2.5697743012113365,False,14.254349040205238,0000015.txt,ob_0000007,True,150.19004819036823,farthest,3.853097218154765,315.7157897949219,1
5.609628300102982,False,2.1413882735531895,False,14.254349040205238,0000000.txt,ob_0000007,True,92.59785596499748,farthest,3.68594140557061,368.93725395202637,3
11.625646191308995,False,4.93743403169509,False,14.254349040205238,0000001.txt,ob_0000007,True,174.962428041657,farthest,7.63487254530226,268.70250701904297,3
7.849229892427183,False,0.21309430001512836,True,14.254349040205238,0000002.txt,ob_0000007,True,179.38055559747394,farthest,0.14513449159609668,267.03524589538574,3
7.981995294895176,False,2.892306654904463,False,14.254349040205238,0000003.txt,ob_0000007,True,90.82287337699665,farthest,5.83293545061,263.1714344024658,3
7.8552897044265695,False,0.2319877193160919,True,14.254349040205238,0000004.txt,ob_0000007,True,178.80105184835128,farthest,0.2504262850721445,257.52758979797363,3
0.40682498078685586,True,0.23458097537692363,True,14.254349040205238,0000005.txt,ob_0000007,True,2.5261562950910914,farthest,0.36936083608761217,253.2174587249756,3
7.866997990871505,False,0.320007829252957,True,14.254349040205238,0000006.txt,ob_0000007,True,178.13665096978536,farthest,0.4776488122292104,262.09449768066406,3
9.641994908073938,False,2.520741136935929,False,14.254349040205238,0000007.txt,ob_0000007,True,172.24325657770754,farthest,4.028758518530471,271.6054916381836,3
0.5440663452934141,True,0.26744289078660755,True,14.254349040205238,0000008.txt,ob_0000007,True,2.150357748672785,farthest,0.5219570061635481,280.9176445007324,3
0.41453816307283275,True,0.2468216314471947,True,14.254349040205238,0000009.txt,ob_0000007,True,2.631532514169062,farthest,0.36927738185517434,267.4136161804199,3
7.8479780631937075,False,0.26102223876340935,True,14.254349040205238,0000010.txt,ob_0000007,True,178.54860901161848,farthest,0.2762796129312189,308.135986328125,3
9.772113989439989,False,3.2928378838488217,False,14.254349040205238,0000011.txt,ob_0000007,True,137.81368490286732,farthest,5.667539328143679,323.3628273010254,3
10.353134614734817,False,4.3559379680528565,False,14.254349040205238,0000012.txt,ob_0000007,True,158.5925937165961,farthest,6.561521299537206,269.14334297180176,3
8.456329570593883,False,2.916480388345402,False,14.254349040205238,0000013.txt,ob_0000007,True,115.26531631468296,farthest,4.991780558844287,281.9652557373047,3
0.7891659025136191,True,0.47128272566588464,True,14.254349040205238,0000014.txt,ob_0000007,True,1.7673684877021114,farthest,0.7805527250947423,275.8920192718506,3
7.298096341652885,False,1.360324565258511,True,14.254349040205238,0000015.txt,ob_0000007,True,94.23562764869236,farthest,1.8918779819400056,293.8036918640137,3
0.5535727238179649,True,0.2811081039786527,True,14.254349040205238,0000000.txt,ob_0000007,True,3.516792252863577,farthest,0.5064854736558904,357.9394817352295,5
7.126593071127574,False,0.7461032521291019,True,14.254349040205238,0000001.txt,ob_0000007,True,94.82355683291,farthest,0.6892997566601055,279.93011474609375,5
7.849285221114179,False,0.21295754077851714,True,14.254349040205238,0000002.txt,ob_0000007,True,179.40083296273224,farthest,0.14586505206913447,271.5334892272949,5
9.690886006333793,False,0.43807673441997086,True,14.254349040205238,0000003.txt,ob_0000007,True,178.5629698012758,farthest,0.6592465135997208,275.67386627197266,5
0.2152466126708124,True,0.1703794211168644,True,14.254349040205238,0000004.txt,ob_0000007,True,1.770863467456611,farthest,0.19536250330754856,257.8401565551758,5
0.40345049046523523,True,0.23339999554518148,True,14.254349040205238,0000005.txt,ob_0000007,True,2.57474032378769,farthest,0.3639200322070382,260.2696418762207,5
7.867279332496273,False,0.32276571298676787,True,14.254349040205238,0000006.txt,ob_0000007,True,178.0738157713009,farthest,0.48319448847526586,250.3197193145752,5
6.523947184470629,False,0.5865934387814181,True,14.254349040205238,0000007.txt,ob_0000007,True,84.54464653288575,farthest,0.7859764817194593,320.0500011444092,5
0.5454928175731619,True,0.26836367032922037,True,14.254349040205238,0000008.txt,ob_0000007,True,2.1758768928521124,farthest,0.5229939820262166,322.54528999328613,5
0.4138047820153452,True,0.2465295023707489,True,14.254349040205238,0000009.txt,ob_0000007,True,2.6135823701140195,farthest,0.3691535044411959,290.93003273010254,5
7.847858527087875,False,0.2584091650887924,True,14.254349040205238,0000010.txt,ob_0000007,True,178.47628393153155,farthest,0.2639633789700271,266.76440238952637,5
9.681546889012107,False,0.30582436302773475,True,14.254349040205238,0000011.txt,ob_0000007,True,179.81568967974033,farthest,0.3915848986237527,254.99486923217773,5
9.695194988296112,False,0.40192260920199446,True,14.254349040205238,0000012.txt,ob_0000007,True,179.20642566790374,farthest,0.5297357227094929,251.81055068969727,5
6.8513414577120795,False,0.6750664419869888,True,14.254349040205238,0000013.txt,ob_0000007,True,90.11731521775864,farthest,0.49687207747848344,255.40542602539062,5
0.7863213742620577,True,0.4684534223165307,True,14.254349040205238,0000014.txt,ob_0000007,True,1.8046674799256253,farthest,0.7769729103691397,262.90416717529297,5
0.505638520719299,True,0.2609339575018927,True,14.254349040205238,0000015.txt,ob_0000007,True,3.468010675100133,farthest,0.4541831085824908,268.41044425964355,5
0.5535727238179649,True,0.2811081039786527,True,14.254349040205238,0000000.txt,ob_0000007,True,3.516792252863577,farthest,0.5064854736558904,366.63246154785156,10
7.860470965870892,False,0.25564628607684214,True,14.254349040205238,0000001.txt,ob_0000007,True,179.27854336073105,farthest,0.3435663151318161,324.88536834716797,10
7.849285221114179,False,0.21295754077851714,True,14.254349040205238,0000002.txt,ob_0000007,True,179.40083296273224,farthest,0.14586505206913447,371.7830181121826,10
9.690886006333793,False,0.43807673441997086,True,14.254349040205238,0000003.txt,ob_0000007,True,178.5629698012758,farthest,0.6592465135997208,363.6338710784912,10
0.2152466126708124,True,0.1703794211168644,True,14.254349040205238,0000004.txt,ob_0000007,True,1.770863467456611,farthest,0.19536250330754856,332.05580711364746,10
0.40345049046523523,True,0.23339999554518148,True,14.254349040205238,0000005.txt,ob_0000007,True,2.57474032378769,farthest,0.3639200322070382,341.27187728881836,10
7.867279332496273,False,0.32276571298676787,True,14.254349040205238,0000006.txt,ob_0000007,True,178.0738157713009,farthest,0.48319448847526586,309.01074409484863,10
6.523947184470629,False,0.5865934387814181,True,14.254349040205238,0000007.txt,ob_0000007,True,84.54464653288575,farthest,0.7859764817194593,330.075740814209,10
0.5454928175731619,True,0.26836367032922037,True,14.254349040205238,0000008.txt,ob_0000007,True,2.1758768928521124,farthest,0.5229939820262166,348.19698333740234,10
0.4138047820153452,True,0.2465295023707489,True,14.254349040205238,0000009.txt,ob_0000007,True,2.6135823701140195,farthest,0.3691535044411959,319.5483684539795,10
0.24156659284784365,True,0.18650827136025,True,14.254349040205238,0000010.txt,ob_0000007,True,0.8608487468338412,farthest,0.23344953862761403,318.7129497528076,10
0.39283430651372864,True,0.21002886191745632,True,14.254349040205238,0000011.txt,ob_0000007,True,0.8663105492823598,farthest,0.38997402389664637,324.86534118652344,10
0.356522308148096,True,0.22945707369210638,True,14.254349040205238,0000012.txt,ob_0000007,True,3.012509087714172,farthest,0.30300471009384994,344.3624973297119,10
7.857621833918624,False,0.22967653781933473,True,14.254349040205238,0000013.txt,ob_0000007,True,179.3961482543876,farthest,0.2110109401363139,377.4690628051758,10
0.7863213742620577,True,0.4684534223165307,True,14.254349040205238,0000014.txt,ob_0000007,True,1.8046674799256253,farthest,0.7769729103691397,343.54233741760254,10
0.505638520719299,True,0.2609339575018927,True,14.254349040205238,0000015.txt,ob_0000007,True,3.468010675100133,farthest,0.4541831085824908,361.0677719116211,10
0.5369324429315442,True,0.27443015734500564,True,14.254349040205238,0000000.txt,ob_0000007,True,3.3880755163606247,farthest,0.4915690244105958,495.4488277435303,20
0.30106454575928165,True,0.2251448558265167,True,14.254349040205238,0000001.txt,ob_0000007,True,1.8105193282091434,farthest,0.2814932812155473,462.3064994812012,20
7.848946735216758,False,0.21369172594218666,True,14.254349040205238,0000002.txt,ob_0000007,True,179.36669514744403,farthest,0.14395693603400045,450.0298500061035,20
0.9299486960385128,True,0.5465923678246098,True,14.254349040205238,0000003.txt,ob_0000007,True,4.861507679921139,farthest,0.8983576799053917,457.74054527282715,20
0.2137134123945816,True,0.1698835732431705,True,14.254349040205238,0000004.txt,ob_0000007,True,1.745498163691585,farthest,0.19497880059924802,476.74036026000977,20
0.4118228097612235,True,0.23787989551925978,True,14.254349040205238,0000005.txt,ob_0000007,True,2.692884133308744,farthest,0.36997394023781893,483.67786407470703,20
0.44216361202528964,True,0.3173750211053606,True,14.254349040205238,0000006.txt,ob_0000007,True,2.0067977858173656,farthest,0.43013076861550875,476.1519432067871,20
0.8202328962146668,True,0.36631900383605376,True,14.254349040205238,0000007.txt,ob_0000007,True,2.927123287108237,farthest,0.8015696868173825,494.15063858032227,20
0.5453054273405228,True,0.26777033262215466,True,14.254349040205238,0000008.txt,ob_0000007,True,2.1676820049649597,farthest,0.5229407222998285,497.37071990966797,20
0.40603989352594905,True,0.24415642293962575,True,14.254349040205238,0000009.txt,ob_0000007,True,2.5774036865085383,farthest,0.3621144191528174,452.8229236602783,20
0.24017716399179048,True,0.18555554237967453,True,14.254349040205238,0000010.txt,ob_0000007,True,0.8062357205978945,farthest,0.23300387481361434,465.67726135253906,20
0.39290821609379517,True,0.21004701350539542,True,14.254349040205238,0000011.txt,ob_0000007,True,0.8681701837650387,farthest,0.3900313262548835,465.76380729675293,20
0.35658851946458786,True,0.2294869567802167,True,14.254349040205238,0000012.txt,ob_0000007,True,3.0137528511451133,farthest,0.3030334148000012,465.803861618042,20
0.23683422881704339,True,0.17127908487461138,True,14.254349040205238,0000013.txt,ob_0000007,True,3.5171024878403103,farthest,0.11427795244144268,484.8783016204834,20
0.7880111790957519,True,0.4702886716250928,True,14.254349040205238,0000014.txt,ob_0000007,True,1.7867660797158258,farthest,0.7791072484195721,472.18823432922363,20
0.5054518350899433,True,0.26086629069960304,True,14.254349040205238,0000015.txt,ob_0000007,True,3.467813171968955,farthest,0.4539773270620851,466.1707878112793,20
0.5369324429315442,True,0.27443015734500564,True,14.254349040205238,0000000.txt,ob_0000007,True,3.3880755163606247,farthest,0.4915690244105958,1005.5265426635742,50
0.30106454575928165,True,0.2251448558265167,True,14.254349040205238,0000001.txt,ob_0000007,True,1.8105193282091434,farthest,0.2814932812155473,986.3801002502441,50
0.21732268965713092,True,0.16233005375872214,True,14.254349040205238,0000002.txt,ob_0000007,True,1.526415077330224,farthest,0.19561445856987933,985.6240749359131,50
0.9299486960385128,True,0.5465923678246098,True,14.254349040205238,0000003.txt,ob_0000007,True,4.861507679921139,farthest,0.8983576799053917,983.5948944091797,50
0.2137134123945816,True,0.1698835732431705,True,14.254349040205238,0000004.txt,ob_0000007,True,1.745498163691585,farthest,0.19497880059924802,978.2271385192871,50
0.4118228097612235,True,0.23787989551925978,True,14.254349040205238,0000005.txt,ob_0000007,True,2.692884133308744,farthest,0.36997394023781893,986.5975379943848,50
0.4751870412546293,True,0.3351905401086681,True,14.254349040205238,0000006.txt,ob_0000007,True,2.213464505556654,farthest,0.4583514151628182,974.6007919311523,50
0.8199719581343619,True,0.3662799413323981,True,14.254349040205238,0000007.txt,ob_0000007,True,2.926862274362178,farthest,0.8013099713882808,992.2034740447998,50
0.5451364082039102,True,0.26776582045983305,True,14.254349040205238,0000008.txt,ob_0000007,True,2.1647656081173223,farthest,0.5228242590624288,998.9120960235596,50
0.39005308373602066,True,0.239919023652563,True,14.254349040205238,0000009.txt,ob_0000007,True,2.575278908303111,farthest,0.34581731099756613,1016.9050693511963,50
0.2466709533839471,True,0.18938047597357044,True,14.254349040205238,0000010.txt,ob_0000007,True,0.9844941483271586,farthest,0.23624644895329813,1004.3292045593262,50
0.39290821609379517,True,0.21004701350539542,True,14.254349040205238,0000011.txt,ob_0000007,True,0.8681701837650387,farthest,0.3900313262548835,991.074800491333,50
0.35658742287201134,True,0.22948884487507945,True,14.254349040205238,0000012.txt,ob_0000007,True,3.0141644009831015,farthest,0.3030166288365051,1001.6319751739502,50
0.2368559198002693,True,0.17129356472540327,True,14.254349040205238,0000013.txt,ob_0000007,True,3.516946366100184,farthest,0.11434103444464276,1088.9227390289307,50
0.7880002535321158,True,0.47028253513714086,True,14.254349040205238,0000014.txt,ob_0000007,True,1.7867660797158258,farthest,0.7790962161031119,985.7380390167236,50
0.5054903653685187,True,0.260869745086186,True,14.254349040205238,0000015.txt,ob_0000007,True,3.4677336977010262,farthest,0.4540222403695846,998.2016086578369,50
5.716051016711092,False,0.5950490209796564,True,11.40533451372646,0000000.txt,ob_0000008,True,175.1879892811373,random,1.1260457789224496,301.5475273132324,1
5.512529479433388,False,0.39100149187024436,True,11.40533451372646,0000001.txt,ob_0000008,True,178.66339599388868,random,0.41538872863922094,263.2136344909668,1
6.640855491857556,False,2.3863020535149713,False,11.40533451372646,0000002.txt,ob_0000008,True,107.64548157057322,random,3.971905661660926,255.77306747436523,1
6.668208324345179,False,2.421350142264998,False,11.40533451372646,0000003.txt,ob_0000008,True,167.11935622027977,random,3.627065597811005,259.9458694458008,1
5.986082787607531,False,2.8633216854802868,False,11.40533451372646,0000004.txt,ob_0000008,True,70.26896453837762,random,5.36231897884444,294.82579231262207,1
0.26663425756821063,True,0.1610389467813608,True,11.40533451372646,0000005.txt,ob_0000008,True,1.5357767208822728,random,0.2553933087839584,251.4345645904541,1
5.74764777688548,False,0.7506180752913233,True,11.40533451372646,0000006.txt,ob_0000008,True,178.37431039113073,random,1.4593512793103944,258.81218910217285,1
5.347369132431028,False,0.40759461500570654,True,11.40533451372646,0000007.txt,ob_0000008,True,91.18810031398132,random,0.5031243289799574,281.8746566772461,1
8.084233420508422,False,4.2211707861968994,False,11.40533451372646,0000008.txt,ob_0000008,True,157.53030474564318,random,6.315208328302339,316.4098262786865,1
5.2027814530761916,False,0.3939125597835825,True,11.40533451372646,0000009.txt,ob_0000008,True,87.44648482762635,random,0.6058115344841019,269.9306011199951,1
6.104253665249849,False,0.17672596905392732,True,11.40533451372646,0000010.txt,ob_0000008,True,179.46214406285796,random,0.21156026873491826,336.2443447113037,1
5.510168231436679,False,0.4409316855264663,True,11.40533451372646,0000011.txt,ob_0000008,True,176.32850327274977,random,0.8164238493834935,322.0705986022949,1
7.1194558941127415,False,2.759611725021323,False,11.40533451372646,0000012.txt,ob_0000008,True,158.79986299885095,random,4.360285593184868,284.1024398803711,1
5.781158722942046,False,1.3115863022627123,False,11.40533451372646,0000013.txt,ob_0000008,True,178.98053091611703,random,1.5872849194756595,335.61229705810547,1
4.6859574370831245,False,2.8055815972621034,False,11.40533451372646,0000014.txt,ob_0000008,True,60.2961421419935,random,4.177378682979274,273.09274673461914,1
7.840375573046235,False,3.9205486985706224,False,11.40533451372646,0000015.txt,ob_0000008,True,116.47267156389839,random,6.512182571692754,279.06227111816406,1
5.479258699228024,False,0.4352419573332141,True,11.40533451372646,0000000.txt,ob_0000008,True,178.5861878764992,random,0.4447478715814337,299.70598220825195,3
5.476818625334743,False,0.6069086033728412,True,11.40533451372646,0000001.txt,ob_0000008,True,93.35906682800625,random,0.8801553402259408,280.19118309020996,3
5.599969265102313,False,0.5135779339388528,True,11.40533451372646,0000002.txt,ob_0000008,True,176.38624479112588,random,0.9854784570984534,296.43726348876953,3
5.378916155704445,False,0.3664217730901148,True,11.40533451372646,0000003.txt,ob_0000008,True,91.32406300421398,random,0.7377356419431236,256.79636001586914,3
0.3423081146074031,True,0.2513548356362772,True,11.40533451372646,0000004.txt,ob_0000008,True,3.223977477428245,random,0.32287104612325285,273.0412483215332,3
6.103826289920423,False,0.1830232422106148,True,11.40533451372646,0000005.txt,ob_0000008,True,179.95946417512047,random,0.286188152503875,296.0214614868164,3
5.7477768718039615,False,0.7641197898608814,True,11.40533451372646,0000006.txt,ob_0000008,True,176.8738204910969,random,1.4602522107546567,291.0745143890381,3
7.4940355363466065,False,0.15286755260033577,True,11.40533451372646,0000007.txt,ob_0000008,True,179.77656572569967,random,0.08787650933433333,284.03711318969727,3
5.685097225415638,False,0.7815957500184103,True,11.40533451372646,0000008.txt,ob_0000008,True,177.9794954421064,random,1.5870908936635417,309.7965717315674,3
5.25163263018362,False,0.2024433537982766,True,11.40533451372646,0000009.txt,ob_0000008,True,177.6255707081207,random,0.3809119621698859,274.0511894226074,3
0.5998433247199022,True,0.29501876233303503,True,11.40533451372646,0000010.txt,ob_0000008,True,8.739778561402028,random,0.38234443150496683,293.2901382446289,3
5.52137425261262,False,0.4211799267790411,True,11.40533451372646,0000011.txt,ob_0000008,True,178.38088952300765,random,0.7782334165339047,272.174596786499,3
6.135474750491615,False,2.2079463862859363,False,11.40533451372646,0000012.txt,ob_0000008,True,99.56032722344119,random,3.1646616981740436,262.17007637023926,3
5.7367837683272755,False,1.5940569890623053,False,11.40533451372646,0000013.txt,ob_0000008,True,122.26021875976004,random,2.1082059989957567,262.91394233703613,3
6.110934856183663,False,0.2243121673370564,True,11.40533451372646,0000014.txt,ob_0000008,True,178.56779890606012,random,0.4092229151508981,304.70895767211914,3
7.497948522631794,False,0.2054822442585905,True,11.40533451372646,0000015.txt,ob_0000008,True,179.49046534947388,random,0.19112172137812802,254.89544868469238,3
5.0202551424678425,False,0.3966705997224428,True,11.40533451372646,0000000.txt,ob_0000008,True,84.21068006098531,random,0.038121090484408926,271.12293243408203,5
5.2470443211833615,False,0.17376611669183856,True,11.40533451372646,0000001.txt,ob_0000008,True,179.3761793355106,random,0.28636007761461524,257.5099468231201,5
0.5662338465971831,True,0.3047620299776272,True,11.40533451372646,0000002.txt,ob_0000008,True,0.9571933373103949,random,0.5653234994297069,302.05416679382324,5
5.262768557896134,False,0.24703335710779062,True,11.40533451372646,0000003.txt,ob_0000008,True,176.53392826091047,random,0.4582562896378673,267.6370143890381,5
0.3514355844870578,True,0.2501420783616622,True,11.40533451372646,0000004.txt,ob_0000008,True,3.4801038696793265,random,0.32652455910740014,280.7035446166992,5
5.513915757869771,False,0.38281059540142676,True,11.40533451372646,0000005.txt,ob_0000008,True,178.29365848050986,random,0.2395976637736378,278.2566547393799,5
5.3493676688943035,False,0.7939176098031788,True,11.40533451372646,0000006.txt,ob_0000008,True,86.3413686991206,random,1.6245122218489352,274.0957736968994,5
7.493881603999775,False,0.1516370395361645,True,11.40533451372646,0000007.txt,ob_0000008,True,179.7904694627137,random,0.08425989229875276,260.59627532958984,5
5.546943746735538,False,0.7705123608738685,True,11.40533451372646,0000008.txt,ob_0000008,True,93.19639988972479,random,1.515636223854324,264.09101486206055,5
5.401822583785351,False,0.3909475019743636,True,11.40533451372646,0000009.txt,ob_0000008,True,179.41393561053226,random,0.7444968472010733,248.3978271484375,5
5.256657623033866,False,0.19641428645044376,True,11.40533451372646,0000010.txt,ob_0000008,True,177.98538648008315,random,0.32968566464762084,283.73122215270996,5
5.271647206890791,False,0.25833409584556627,True,11.40533451372646,0000011.txt,ob_0000008,True,177.78914354979858,random,0.466108962271943,260.24580001831055,5
0.1789082599267557,True,0.13786552268521543,True,11.40533451372646,0000012.txt,ob_0000008,True,1.793871052848081,random,0.15578593946428257,244.63248252868652,5
5.511377373109562,False,1.5976108443766894,False,11.40533451372646,0000013.txt,ob_0000008,True,117.29914487200334,random,2.178039050064921,258.35108757019043,5
5.055963518663307,False,1.9877253348320658,False,11.40533451372646,0000014.txt,ob_0000008,True,88.51243395065366,random,3.6149672525004277,275.97808837890625,5
5.414548701532986,False,0.5543296294118877,True,11.40533451372646,0000015.txt,ob_0000008,True,91.49318033146423,random,0.7123643633094591,248.84033203125,5
6.117380660349802,False,0.23571325347322655,True,11.40533451372646,0000000.txt,ob_0000008,True,178.3823621660776,random,0.42174070590735563,333.62460136413574,10
7.494464473779631,False,0.22667535571989006,True,11.40533451372646,0000001.txt,ob_0000008,True,179.34518101770078,random,0.25406519032774766,351.29666328430176,10
0.571335149340883,True,0.308990788999202,True,11.40533451372646,0000002.txt,ob_0000008,True,0.9841062331703424,random,0.5700577808698328,365.65160751342773,10
0.6464300222442015,True,0.27299187468964176,True,11.40533451372646,0000003.txt,ob_0000008,True,3.392478704872749,random,0.6169329967342245,329.6842575073242,10
0.34595610968499874,True,0.2531968286064507,True,11.40533451372646,0000004.txt,ob_0000008,True,3.265484914766883,random,0.32605330863362103,322.88384437561035,10
6.103594817627881,False,0.18005005631939833,True,11.40533451372646,0000005.txt,ob_0000008,True,179.86608932896925,random,0.27312690337390877,330.8606147766113,10
5.144193890623656,False,0.6633009193211868,True,11.40533451372646,0000006.txt,ob_0000008,True,84.30534636938133,random,1.2066192179383124,327.64697074890137,10
0.13795413223575806,True,0.1162336499927642,True,11.40533451372646,0000007.txt,ob_0000008,True,2.154071301078192,random,0.10527927615803122,329.3426036834717,10
1.1439255735368414,False,0.4802692107267653,True,11.40533451372646,0000008.txt,ob_0000008,True,5.701256436819717,random,1.118992141440817,344.16794776916504,10
0.2857707733130419,True,0.18877190783700684,True,11.40533451372646,0000009.txt,ob_0000008,True,2.8016397695711666,random,0.2669118255319665,333.3001136779785,10
5.253814049369068,False,0.19509555152571362,True,11.40533451372646,0000010.txt,ob_0000008,True,178.5148238886708,random,0.2956185998048867,340.0759696960449,10
7.504312917598381,False,0.253223985091685,True,11.40533451372646,0000011.txt,ob_0000008,True,179.13790158938167,random,0.4422173103193361,355.90338706970215,10
0.16088234629540282,True,0.1293674766998451,True,11.40533451372646,0000012.txt,ob_0000008,True,1.4146696183929812,random,0.14407649856682472,336.4262580871582,10
0.2701590777419121,True,0.19531986431520942,True,11.40533451372646,0000013.txt,ob_0000008,True,2.280887991077839,random,0.2378708746038643,341.763973236084,10
5.4843638391756695,False,0.4148873111610477,True,11.40533451372646,0000014.txt,ob_0000008,True,178.46548799801704,random,0.40507230219725066,337.5124931335449,10
7.497021232798782,False,0.2017740928206295,True,11.40533451372646,0000015.txt,ob_0000008,True,179.43187208563415,random,0.17796114716054265,319.3540573120117,10
5.265452361835158,False,0.23038535006658306,True,11.40533451372646,0000000.txt,ob_0000008,True,177.70597826916375,random,0.3982217310078361,455.9938907623291,20
5.246690265956215,False,0.1697909332085357,True,11.40533451372646,0000001.txt,ob_0000008,True,179.9381500365838,random,0.27091478296565863,498.11506271362305,20
0.5611312814045833,True,0.30196517365526526,True,11.40533451372646,0000002.txt,ob_0000008,True,1.0973512422128158,random,0.559757924290986,484.7393035888672,20
0.6499746591770883,True,0.2740033136129402,True,11.40533451372646,0000003.txt,ob_0000008,True,3.3689881010902427,random,0.6208180916324877,460.1716995239258,20
0.3028764274123697,True,0.22691769429505163,True,11.40533451372646,0000004.txt,ob_0000008,True,2.7094656947818474,random,0.2862003776953394,491.9016361236572,20
0.26663936371308666,True,0.16291535151829695,True,11.40533451372646,0000005.txt,ob_0000008,True,1.8834989192946474,random,0.24917320317887942,494.77362632751465,20
5.6146503004928245,False,0.7763783719395538,True,11.40533451372646,0000006.txt,ob_0000008,True,176.91225832940884,random,1.4860746441354833,490.85307121276855,20
0.1278738829924678,True,0.11115237979772051,True,11.40533451372646,0000007.txt,ob_0000008,True,1.7636701073078813,random,0.1073832084881304,476.6724109649658,20
1.1459803828806907,False,0.480088858423558,True,11.40533451372646,0000008.txt,ob_0000008,True,5.682297980107933,random,1.1212573854068704,512.0124816894531,20
0.29091642122208916,True,0.1916137097590463,True,11.40533451372646,0000009.txt,ob_0000008,True,2.7458481368171506,random,0.273381729470816,480.8521270751953,20
0.39326418490106696,True,0.2212953402820603,True,11.40533451372646,0000010.txt,ob_0000008,True,3.2928987847504763,random,0.35278513613981793,467.9980278015137,20
0.44132459647501604,True,0.2520123358890554,True,11.40533451372646,0000011.txt,ob_0000008,True,3.936015537224144,random,0.3937958378103759,463.8335704803467,20
0.17526194596022837,True,0.13622727239411847,True,11.40533451372646,0000012.txt,ob_0000008,True,1.7819752568447158,random,0.15232685326489706,474.78485107421875,20
0.2833018978525419,True,0.2000107052377594,True,11.40533451372646,0000013.txt,ob_0000008,True,2.5973048940039334,random,0.24030811890627832,466.5257930755615,20
0.21717939041020246,True,0.17545511778634576,True,11.40533451372646,0000014.txt,ob_0000008,True,0.7385923833546314,random,0.2137076145149116,486.10615730285645,20
5.25187179123191,False,0.19195762082678205,True,11.40533451372646,0000015.txt,ob_0000008,True,176.4562077925018,random,0.26733434407213835,465.0900363922119,20
0.3958069289596551,True,0.21705652590854763,True,11.40533451372646,0000000.txt,ob_0000008,True,3.037837715013228,random,0.36353612818341197,962.0699882507324,50
0.15075202988337466,True,0.12524157217582121,True,11.40533451372646,0000001.txt,ob_0000008,True,2.459094615949929,random,0.07172634200643872,969.3074226379395,50
0.5673234916159348,True,0.3073201641704482,True,11.40533451372646,0000002.txt,ob_0000008,True,1.1057090835455559,random,0.5650912942933825,976.5832424163818,50
0.6036059610480269,True,0.26211028522650476,True,11.40533451372646,0000003.txt,ob_0000008,True,2.8563340290381465,random,0.5810981405315183,974.1780757904053,50
7.492747863123409,False,0.2416154791145594,True,11.40533451372646,0000004.txt,ob_0000008,True,179.48515699787168,random,0.32712322723434595,977.4587154388428,50
0.2688291927180579,True,0.16352737865034528,True,11.40533451372646,0000005.txt,ob_0000008,True,1.8805401138873625,random,0.2514746380094781,959.5198631286621,50
1.098968262431138,True,0.44478048653388585,True,11.40533451372646,0000006.txt,ob_0000008,True,3.051665417989636,random,1.0919805542127812,968.8851833343506,50
0.1285171013983583,True,0.10996043721325063,True,11.40533451372646,0000007.txt,ob_0000008,True,2.017811772465493,random,0.10280712610033432,997.7543354034424,50
1.1450041842959067,False,0.4803145726189697,True,11.40533451372646,0000008.txt,ob_0000008,True,5.718807696751496,random,1.1199825655770654,982.4306964874268,50
0.28948096283113023,True,0.19221096646817806,True,11.40533451372646,0000009.txt,ob_0000008,True,2.6310135597818385,random,0.2741523885638224,1009.850025177002,50
0.391925255099851,True,0.21232359260752198,True,11.40533451372646,0000010.txt,ob_0000008,True,2.447010797644551,random,0.36751648525577085,1028.8853645324707,50
0.43511495669864764,True,0.24856261562767873,True,11.40533451372646,0000011.txt,ob_0000008,True,3.5856633126886814,random,0.39415279093069944,987.018346786499,50
0.17703109067881312,True,0.1373645171611197,True,11.40533451372646,0000012.txt,ob_0000008,True,1.8285870058648168,random,0.1524182338403901,1043.9763069152832,50
0.26753916237223313,True,0.19407661443185897,True,11.40533451372646,0000013.txt,ob_0000008,True,2.1791943527631332,random,0.23819256031006372,1026.7620086669922,50
0.21719734191516113,True,0.17545916979024612,True,11.40533451372646,0000014.txt,ob_0000008,True,0.7393487931179525,random,0.21372082667065204,1031.2838554382324,50
0.3479520276757899,True,0.203028696780164,True,11.40533451372646,0000015.txt,ob_0000008,True,3.141459725406079,random,0.3188975458024149,1018.8271999359131,50
5.876513680200629,False,2.33929696512627,False,11.40533451372646,0000000.txt,ob_0000008,True,102.80756223943459,farthest,3.478057664826938,350.8458137512207,1
6.584569986227745,False,2.8576137199130542,False,11.40533451372646,0000001.txt,ob_0000008,True,114.50762100974151,farthest,4.033665047874509,252.60567665100098,1
6.715071330910924,False,2.7055552426755414,False,11.40533451372646,0000002.txt,ob_0000008,True,121.2481103210743,farthest,3.829939199346767,263.3078098297119,1
5.735173409131605,False,3.107695620494331,False,11.40533451372646,0000003.txt,ob_0000008,True,97.09666702954385,farthest,4.757955487379939,239.63642120361328,1
5.2141292067990985,False,0.4863224188798031,True,11.40533451372646,0000004.txt,ob_0000008,True,87.92038410256741,farthest,0.6928842099691874,263.08250427246094,1
5.1612476527423485,False,0.3857426349104672,True,11.40533451372646,0000005.txt,ob_0000008,True,87.19079945243998,farthest,0.27481553020230426,242.90919303894043,1
1.128600481288965,True,0.45870374792864554,True,11.40533451372646,0000006.txt,ob_0000008,True,3.019370485496042,farthest,1.122396828816063,244.3861961364746,1
5.412363944064578,False,0.42440498867569143,True,11.40533451372646,0000007.txt,ob_0000008,True,176.7518321198472,farthest,0.5692969834637085,245.29743194580078,1
5.288855335620468,False,0.4817361677670922,True,11.40533451372646,0000008.txt,ob_0000008,True,177.03781650239458,farthest,1.1541869691929434,266.8592929840088,1
5.400686789955061,False,0.39062397853154585,True,11.40533451372646,0000009.txt,ob_0000008,True,179.5601839411252,farthest,0.7574843785268052,268.60499382019043,1
6.490317770874195,False,2.178458491654603,False,11.40533451372646,0000010.txt,ob_0000008,True,107.34143085486971,farthest,3.341536445371311,250.75006484985352,1
5.455794853751509,False,0.4716842383048126,True,11.40533451372646,0000011.txt,ob_0000008,True,92.78156802870204,farthest,0.893981657453307,246.4909553527832,1
7.074408019270277,False,2.596037968611387,False,11.40533451372646,0000012.txt,ob_0000008,True,116.23071573114764,farthest,4.265466815803314,254.08196449279785,1
6.992989291782156,False,1.4295473762234554,False,11.40533451372646,0000013.txt,ob_0000008,True,173.28740048779673,farthest,1.033925420295961,293.5056686401367,1
7.052134502601269,False,3.672201044686717,False,11.40533451372646,0000014.txt,ob_0000008,True,87.07212912180285,farthest,5.294440608141928,278.4593105316162,1
7.73003895237144,False,3.4079615969435526,False,11.40533451372646,0000015.txt,ob_0000008,True,144.97395202727384,farthest,4.724844802795873,259.31525230407715,1
5.874587621178533,False,2.330202720760774,False,11.40533451372646,0000000.txt,ob_0000008,True,102.66254711345455,farthest,3.4816321387276195,370.63145637512207,3
5.743984789841605,False,0.779955672140532,True,11.40533451372646,0000001.txt,ob_0000008,True,99.84450864000883,farthest,0.865526444556659,289.4141674041748,3
6.7218018060211895,False,2.7592806756698556,False,11.40533451372646,0000002.txt,ob_0000008,True,121.05440520180801,farthest,3.8755672842753546,269.6967124938965,3
6.6264366724011685,False,2.911533708896361,False,11.40533451372646,0000003.txt,ob_0000008,True,109.62921148419849,farthest,4.527025443725636,271.03161811828613,3
5.408244715768991,False,0.4335519107515321,True,11.40533451372646,0000004.txt,ob_0000008,True,91.69545576354773,farthest,0.6782643630683796,289.57438468933105,3
6.105136784492298,False,0.17778226157410004,True,11.40533451372646,0000005.txt,ob_0000008,True,178.86396983678546,farthest,0.26120057426773874,264.33825492858887,3
1.1250038244934157,True,0.4520276187784945,True,11.40533451372646,0000006.txt,ob_0000008,True,3.157992624275153,farthest,1.1176519570804395,296.1604595184326,3
0.13476608887264874,True,0.11481278902373468,True,11.40533451372646,0000007.txt,ob_0000008,True,2.0631894181684363,farthest,0.10604873599412837,262.38179206848145,3
5.287694394689381,False,0.48259944271702726,True,11.40533451372646,0000008.txt,ob_0000008,True,176.9375330390414,farthest,1.133242674225483,282.42993354797363,3
5.400590957484324,False,0.3909379034028468,True,11.40533451372646,0000009.txt,ob_0000008,True,179.5585086979668,farthest,0.7585504661469269,245.27215957641602,3
6.104904208645075,False,0.1989528035332694,True,11.40533451372646,0000010.txt,ob_0000008,True,179.44725170415327,farthest,0.24220737903118283,280.6832790374756,3
5.503944205834783,False,0.457463064940539,True,11.40533451372646,0000011.txt,ob_0000008,True,175.4629255992174,farthest,0.8053075021686356,262.41135597229004,3
2.3026827888959467,False,1.2830841041295302,False,11.40533451372646,0000012.txt,ob_0000008,True,29.084602875289306,farthest,2.108219908829735,282.5911045074463,3
6.527300197783796,False,1.3098543460599563,False,11.40533451372646,0000013.txt,ob_0000008,True,150.65806975387818,farthest,1.4345039629296659,271.91877365112305,3
7.97770275234051,False,3.1929510403615224,False,11.40533451372646,0000014.txt,ob_0000008,True,174.72651770902345,farthest,4.300527582742174,282.67431259155273,3
3.793924559781491,False,1.891633936715735,False,11.40533451372646,0000015.txt,ob_0000008,True,39.087405070737134,farthest,3.522511416953099,296.28729820251465,3
5.123425748438513,False,0.42524333539607945,True,11.40533451372646,0000000.txt,ob_0000008,True,85.90969916318288,farthest,0.37874194072951967,368.33834648132324,5
0.1497927843555028,True,0.12495389864436168,True,11.40533451372646,0000001.txt,ob_0000008,True,2.412913104202879,farthest,0.07567223578551567,300.7018566131592,5
7.520594011027598,False,0.32475301197183704,True,11.40533451372646,0000002.txt,ob_0000008,True,179.1479832262415,farthest,0.48534504302250503,259.91106033325195,5
0.6348877873795994,True,0.28224691363516524,True,11.40533451372646,0000003.txt,ob_0000008,True,2.998176824385907,farthest,0.6113055942090387,269.23632621765137,5
5.551062076980863,False,0.46205272951989756,True,11.40533451372646,0000004.txt,ob_0000008,True,179.45748286136345,farthest,0.8150869260948721,258.6658000946045,5
0.27605799178027035,True,0.16489932623089115,True,11.40533451372646,0000005.txt,ob_0000008,True,1.8870036445106841,farthest,0.2592078587267359,256.7629814147949,5
1.1246768438063426,True,0.4518736187421497,True,11.40533451372646,0000006.txt,ob_0000008,True,3.1516777053974945,farthest,1.1173495902919748,275.18272399902344,5
0.13813433388772622,True,0.11671518217862796,True,11.40533451372646,0000007.txt,ob_0000008,True,2.2305789772966835,farthest,0.10395272557423817,265.545129776001,5
5.289650969972187,False,0.48426549764857246,True,11.40533451372646,0000008.txt,ob_0000008,True,177.01765511825545,farthest,1.1696068860330744,250.4127025604248,5
5.456739482045574,False,0.3929471779340131,True,11.40533451372646,0000009.txt,ob_0000008,True,93.3467225104963,farthest,0.7201325049724737,258.94784927368164,5
5.2550735174048535,False,0.21414907577459716,True,11.40533451372646,0000010.txt,ob_0000008,True,177.51721611986187,farthest,0.33332534186673113,246.03581428527832,5
5.197239376432337,False,0.4119313837868424,True,11.40533451372646,0000011.txt,ob_0000008,True,86.72933104737652,farthest,0.7445415048804006,238.00277709960938,5
6.0781249117905265,False,2.179860376051845,False,11.40533451372646,0000012.txt,ob_0000008,True,98.50191705606694,farthest,3.122056408331993,329.3149471282959,5
6.521938257103716,False,2.075469462683953,False,11.40533451372646,0000013.txt,ob_0000008,True,152.6598205947121,farthest,3.6738173600408612,287.93859481811523,5
5.427827093247592,False,0.7973666890532071,True,11.40533451372646,0000014.txt,ob_0000008,True,90.02518720853215,farthest,1.261245674697069,322.9191303253174,5
5.409749617954565,False,0.5377868653808491,True,11.40533451372646,0000015.txt,ob_0000008,True,91.38389914735605,farthest,0.6790156452846757,270.5512046813965,5
5.262903459966093,False,0.21054776681676968,True,11.40533451372646,0000000.txt,ob_0000008,True,178.39438960198237,farthest,0.3869031489139674,439.424991607666,10
0.1497927843555028,True,0.12495389864436168,True,11.40533451372646,0000001.txt,ob_0000008,True,2.412913104202879,farthest,0.07567223578551567,342.20194816589355,10
0.5658683808058202,True,0.3046040196274,True,11.40533451372646,0000002.txt,ob_0000008,True,1.001290433495156,farthest,0.5647897261117681,324.94044303894043,10
0.6348877873795994,True,0.28224691363516524,True,11.40533451372646,0000003.txt,ob_0000008,True,2.998176824385907,farthest,0.6113055942090387,339.2641544342041,10
7.499560964650237,False,0.4604011032907367,True,11.40533451372646,0000004.txt,ob_0000008,True,178.99231294045106,farthest,0.7209744361912767,318.61305236816406,10
0.27605799178027035,True,0.16489932623089115,True,11.40533451372646,0000005.txt,ob_0000008,True,1.8870036445106841,farthest,0.2592078587267359,324.91183280944824,10
1.1246768438063426,True,0.4518736187421497,True,11.40533451372646,0000006.txt,ob_0000008,True,3.1516777053974945,farthest,1.1173495902919748,327.6247978210449,10
0.1284268327011172,True,0.11083050207235151,True,11.40533451372646,0000007.txt,ob_0000008,True,1.8774408978058612,farthest,0.10612633112508252,326.9352912902832,10
5.289650969972187,False,0.48426549764857246,True,11.40533451372646,0000008.txt,ob_0000008,True,177.01765511825545,farthest,1.1696068860330744,338.4370803833008,10
6.106895778581695,False,0.1995734278187708,True,11.40533451372646,0000009.txt,ob_0000008,True,179.73060975518726,farthest,0.28820996325880854,327.59571075439453,10
5.2550735174048535,False,0.21414907577459716,True,11.40533451372646,0000010.txt,ob_0000008,True,177.51721611986187,farthest,0.33332534186673113,328.7794589996338,10
1.4810571917440787,False,0.8327985463139447,True,11.40533451372646,0000011.txt,ob_0000008,True,19.795470688733968,farthest,1.3050342871546219,354.6595573425293,10
5.555355725399093,False,0.4761845714425632,True,11.40533451372646,0000012.txt,ob_0000008,True,179.273034549726,farthest,0.7615826667453486,366.0581111907959,10
4.684739844599047,False,1.718016168611759,False,11.40533451372646,0000013.txt,ob_0000008,True,98.874845358981,farthest,2.708588978785815,347.6688861846924,10
5.427827093247592,False,0.7973666890532071,True,11.40533451372646,0000014.txt,ob_0000008,True,90.02518720853215,farthest,1.261245674697069,327.0270824432373,10
5.253796126096546,False,0.19570079012598127,True,11.40533451372646,0000015.txt,ob_0000008,True,176.81455512018798,farthest,0.2819637602046943,313.8880729675293,10
0.4024316962686259,True,0.22011952926557005,True,11.40533451372646,0000000.txt,ob_0000008,True,3.1120491602201694,farthest,0.3690597709187736,535.1986885070801,20
0.17696780531453918,True,0.14057199070162904,True,11.40533451372646,0000001.txt,ob_0000008,True,2.6921806965547947,farthest,0.10209645072788444,457.6895236968994,20
0.565730174170208,True,0.3044881514895079,True,11.40533451372646,0000002.txt,ob_0000008,True,1.0170313432346534,farthest,0.5645224691883607,465.5179977416992,20
0.6366791028950815,True,0.2827012433411947,True,11.40533451372646,0000003.txt,ob_0000008,True,3.04018232780164,farthest,0.6125954117086291,457.6728343963623,20
0.33661843277829107,True,0.24640284878426488,True,11.40533451372646,0000004.txt,ob_0000008,True,3.190241799971164,farthest,0.3162537244314629,476.5594005584717,20
0.26523238474482236,True,0.16179413876673443,True,11.40533451372646,0000005.txt,ob_0000008,True,1.7984090464857572,farthest,0.24920818516679283,463.1490707397461,20
1.129111796014316,True,0.45896060359569096,True,11.40533451372646,0000006.txt,ob_0000008,True,3.0245740050871674,farthest,1.1228888660037448,463.05346488952637,20
0.12860057883408735,True,0.11110433407418438,True,11.40533451372646,0000007.txt,ob_0000008,True,1.9097369352450912,farthest,0.10220878162322286,510.4844570159912,20
5.2875049770158284,False,0.48087540454381206,True,11.40533451372646,0000008.txt,ob_0000008,True,176.98624018116217,farthest,1.1339545637317041,468.1384563446045,20
0.2909425121055572,True,0.1919710039825835,True,11.40533451372646,0000009.txt,ob_0000008,True,2.666127338702221,farthest,0.27486775049215323,469.0866470336914,20
0.38151607146416505,True,0.2081158377725815,True,11.40533451372646,0000010.txt,ob_0000008,True,2.315740792660867,farthest,0.36007981640562964,478.61647605895996,20
6.112324401601992,False,0.2457498067033327,True,11.40533451372646,0000011.txt,ob_0000008,True,178.04844181371845,farthest,0.4996326055974048,472.10001945495605,20
0.1787763084804327,True,0.13776703307506777,True,11.40533451372646,0000012.txt,ob_0000008,True,1.814589829304109,farthest,0.1548953279786959,468.9292907714844,20
5.2444016808327705,False,0.19753437684598574,True,11.40533451372646,0000013.txt,ob_0000008,True,179.57802068809812,farthest,0.09211672494860805,473.37794303894043,20
0.2186986579410267,True,0.1763275657445112,True,11.40533451372646,0000014.txt,ob_0000008,True,0.717425850828291,farthest,0.21543738671352822,468.16039085388184,20
0.34300829763406415,True,0.20096974636088213,True,11.40533451372646,0000015.txt,ob_0000008,True,3.1326679475702033,farthest,0.3124385316743442,464.6944999694824,20
0.4024316962686259,True,0.22011952926557005,True,11.40533451372646,0000000.txt,ob_0000008,True,3.1120491602201694,farthest,0.3690597709187736,1033.2558155059814,50
0.1497390002480944,True,0.12492223117213035,True,11.40533451372646,0000001.txt,ob_0000008,True,2.4119025050484715,farthest,0.07565274849234983,992.4783706665039,50
0.565730174170208,True,0.3044881514895079,True,11.40533451372646,0000002.txt,ob_0000008,True,1.0170313432346534,farthest,0.5645224691883607,1006.537675857544,50
0.6366791028950815,True,0.2827012433411947,True,11.40533451372646,0000003.txt,ob_0000008,True,3.04018232780164,farthest,0.6125954117086291,992.8007125854492,50
0.33661843277829107,True,0.24640284878426488,True,11.40533451372646,0000004.txt,ob_0000008,True,3.190241799971164,farthest,0.3162537244314629,989.264726638794,50
0.26734979989808555,True,0.16338545962460788,True,11.40533451372646,0000005.txt,ob_0000008,True,1.9111847997357596,farthest,0.24945185171329076,1027.1990299224854,50
1.1382316878627912,True,0.4603213070558201,True,11.40533451372646,0000006.txt,ob_0000008,True,3.0399103381524406,farthest,1.1320916021863108,1011.5034580230713,50
0.12860057883408735,True,0.11110433407418438,True,11.40533451372646,0000007.txt,ob_0000008,True,1.9097369352450912,farthest,0.10220878162322286,992.0215606689453,50
1.1431788647560626,False,0.47901337408265976,True,11.40533451372646,0000008.txt,ob_0000008,True,5.731982957622951,farthest,1.1179122445120406,987.1454238891602,50
0.2909425121055572,True,0.1919710039825835,True,11.40533451372646,0000009.txt,ob_0000008,True,2.666127338702221,farthest,0.27486775049215323,1009.1066360473633,50
0.38151607146416505,True,0.2081158377725815,True,11.40533451372646,0000010.txt,ob_0000008,True,2.315740792660867,farthest,0.36007981640562964,1020.0850963592529,50
0.43746130283995055,True,0.25102795936666156,True,11.40533451372646,0000011.txt,ob_0000008,True,3.574165940582579,farthest,0.3988562886277961,981.6300868988037,50
0.1617530424311879,True,0.12983804446370178,True,11.40533451372646,0000012.txt,ob_0000008,True,1.4500099737451542,farthest,0.14420749532306082,1004.9731731414795,50
0.26753916237223313,True,0.19407661443185897,True,11.40533451372646,0000013.txt,ob_0000008,True,2.1791943527631332,farthest,0.23819256031006372,992.8548336029053,50
0.2186986579410267,True,0.1763275657445112,True,11.40533451372646,0000014.txt,ob_0000008,True,0.717425850828291,farthest,0.21543738671352822,988.3415699005127,50
0.34300829763406415,True,0.20096974636088213,True,11.40533451372646,0000015.txt,ob_0000008,True,3.1326679475702033,farthest,0.3124385316743442,970.1991081237793,50
7.726224910885808,False,1.1078775937245307,True,12.953991737684568,0000000.txt,ob_0000009,True,177.32852274733884,random,1.5227432597926618,302.0353317260742,1
7.1790552129299465,False,0.18580351054967506,True,12.953991737684568,0000001.txt,ob_0000009,True,176.7890134996956,random,0.13989053189891495,249.56750869750977,1
7.098152098722778,False,0.34754572195566147,True,12.953991737684568,0000002.txt,ob_0000009,True,178.80266168735332,random,0.7093726423987033,271.3031768798828,1
6.222687166198652,False,0.6817870317176769,True,12.953991737684568,0000003.txt,ob_0000009,True,93.50947212555252,random,0.7248100777756317,270.8718776702881,1
0.3143344271705977,True,0.22711806150837924,True,12.953991737684568,0000004.txt,ob_0000009,True,2.165662443609352,random,0.28979962768632456,260.72001457214355,1
7.327887164054974,False,1.4964747065678061,False,12.953991737684568,0000005.txt,ob_0000009,True,130.9749610085152,random,2.8356852495647016,285.3560447692871,1
8.172085026246865,False,1.3138494946008765,False,12.953991737684568,0000006.txt,ob_0000009,True,179.12954526084067,random,2.0811335167241007,258.3930492401123,1
5.99867119264154,False,0.9546355798525358,True,12.953991737684568,0000007.txt,ob_0000009,True,87.33054150783285,random,1.6574819925188637,250.99515914916992,1
8.626723083591276,False,0.5820645416535871,True,12.953991737684568,0000008.txt,ob_0000009,True,179.91172200804684,random,0.9492434171967264,245.14031410217285,1
5.251643624090501,False,1.2998467150052258,False,12.953991737684568,0000009.txt,ob_0000009,True,93.54126793851731,random,1.8793336373291862,247.33829498291016,1
7.0364588762177425,False,1.3005471289866644,False,12.953991737684568,0000010.txt,ob_0000009,True,176.0896469801254,random,2.795530005419698,239.9451732635498,1
7.568026064701892,False,2.261638593618467,False,12.953991737684568,0000011.txt,ob_0000009,True,129.01254572636876,random,4.462214629233403,262.9847526550293,1
6.984807287835254,False,1.7738119093684532,False,12.953991737684568,0000012.txt,ob_0000009,True,120.215927448857,random,2.8261726549765473,249.65620040893555,1
8.41640565499441,False,2.3712072337215724,False,12.953991737684568,0000013.txt,ob_0000009,True,168.52153450221246,random,3.468932942492496,252.76732444763184,1
7.046123309271597,False,0.28012226043980726,True,12.953991737684568,0000014.txt,ob_0000009,True,177.72636582537123,random,0.22478404938788576,239.82954025268555,1
6.408501191725921,False,0.8243093241952878,True,12.953991737684568,0000015.txt,ob_0000009,True,94.79654561509575,random,1.0951527264573764,248.34609031677246,1
5.488147033905612,False,1.1589226619316426,True,12.953991737684568,0000000.txt,ob_0000009,True,92.90504032048935,random,2.0900791860824843,283.2450866699219,3
5.748771696928044,False,0.5208436383640774,True,12.953991737684568,0000001.txt,ob_0000009,True,85.15655276444572,random,0.5495075107686259,270.7557678222656,3
7.166975637551921,False,0.276688340716845,True,12.953991737684568,0000002.txt,ob_0000009,True,173.8624750483597,random,0.4583646632125282,256.8211555480957,3
7.042067998776756,False,0.26832493443500904,True,12.953991737684568,0000003.txt,ob_0000009,True,179.78449858872742,random,0.2060283648262711,257.04121589660645,3
6.456133457767599,False,1.0899195005847397,True,12.953991737684568,0000004.txt,ob_0000009,True,110.52041535178242,random,1.8072785815414143,306.4696788787842,3
6.918938815728322,False,0.5352679603400223,True,12.953991737684568,0000005.txt,ob_0000009,True,179.88872698874223,random,0.5066292600089337,272.34768867492676,3
7.182955273518256,False,0.2025860782455776,True,12.953991737684568,0000006.txt,ob_0000009,True,179.4729335887178,random,0.1793797842790214,268.1851387023926,3
0.24774473529106086,True,0.17861160188115072,True,12.953991737684568,0000007.txt,ob_0000009,True,3.319310500180819,random,0.1515721465947019,251.43718719482422,3
1.0282027340689046,True,0.5358821168108805,True,12.953991737684568,0000008.txt,ob_0000009,True,13.0015680206571,random,0.880358766094542,299.55101013183594,3
6.907361186783245,False,0.6857282075543256,True,12.953991737684568,0000009.txt,ob_0000009,True,176.56261392257923,random,1.241966927741846,275.867223739624,3
7.167598565214591,False,0.27380009309317094,True,12.953991737684568,0000010.txt,ob_0000009,True,178.63151846856323,random,0.33295739379431927,252.35342979431152,3
7.6904566235787275,False,2.7144561063378525,False,12.953991737684568,0000011.txt,ob_0000009,True,116.628406305658,random,4.542449236763832,266.495943069458,3
0.3365169736330722,True,0.22813018608574925,True,12.953991737684568,0000012.txt,ob_0000009,True,2.9090146545226596,random,0.27935167828378255,264.0531063079834,3
8.641786450945183,False,2.640696316844454,False,12.953991737684568,0000013.txt,ob_0000009,True,171.24494131911612,random,4.02508782858517,242.39063262939453,3
0.45998466779549063,True,0.29028526387358794,True,12.953991737684568,0000014.txt,ob_0000009,True,2.430596618531177,random,0.45042282157794655,247.00427055358887,3
7.035928788000177,False,0.43199807241258426,True,12.953991737684568,0000015.txt,ob_0000009,True,177.40831392989992,random,0.5765456080629654,267.7140235900879,3
8.123671767816397,False,1.1541517808127633,True,12.953991737684568,0000000.txt,ob_0000009,True,164.76843841802867,random,2.2802674405845083,272.2611427307129,5
7.88433967660955,False,0.978831086855015,True,12.953991737684568,0000001.txt,ob_0000009,True,173.49546933750383,random,1.806658495097004,260.03170013427734,5
0.5864869878699821,True,0.263952004807124,True,12.953991737684568,0000002.txt,ob_0000009,True,7.609374373640433,random,0.36984050018920833,264.9040222167969,5
6.027707299238998,False,0.7454265294538649,True,12.953991737684568,0000003.txt,ob_0000009,True,88.6212479298801,random,1.0199020510783423,322.2672939300537,5
7.169082966781722,False,0.23302942084940415,True,12.953991737684568,0000004.txt,ob_0000009,True,178.62977617636244,random,0.2123030830333816,252.42328643798828,5
7.1788477422986015,False,0.2068581856959406,True,12.953991737684568,0000005.txt,ob_0000009,True,179.465836198482,random,0.26657658634817877,301.09405517578125,5
5.430238806334741,False,1.2713235968871992,True,12.953991737684568,0000006.txt,ob_0000009,True,95.89077326047361,random,2.022534102294589,293.11347007751465,5
7.034377561637878,False,0.24263464828691686,True,12.953991737684568,0000007.txt,ob_0000009,True,179.82759674479775,random,0.12806391437081208,291.92471504211426,5
6.8904428146938965,False,0.8147240528145898,True,12.953991737684568,0000008.txt,ob_0000009,True,176.02240885136564,random,1.1140959265464205,274.4922637939453,5
7.2774955267531976,False,1.771124096278125,False,12.953991737684568,0000009.txt,ob_0000009,True,133.65792419543584,random,2.9790654145108864,291.22185707092285,5
7.167582723368699,False,0.27476968913272337,True,12.953991737684568,0000010.txt,ob_0000009,True,178.63187515188187,random,0.3350860457923947,280.4265022277832,5
7.059589684458778,False,0.29193481618412737,True,12.953991737684568,0000011.txt,ob_0000009,True,176.2754359664999,random,0.3204541718156843,274.8217582702637,5
6.21265684850203,False,0.5228019349050778,True,12.953991737684568,0000012.txt,ob_0000009,True,92.97454946317741,random,0.42427281748552365,260.90192794799805,5
6.0920189199062955,False,0.5396277960227692,True,12.953991737684568,0000013.txt,ob_0000009,True,90.94123811469477,random,0.2871503659967256,253.92746925354004,5
7.179341358843248,False,0.3128927923225632,True,12.953991737684568,0000014.txt,ob_0000009,True,178.4597806342862,random,0.44107753253256443,253.35192680358887,5
6.089626096300502,False,0.7728326298455637,True,12.953991737684568,0000015.txt,ob_0000009,True,89.06437089862403,random,0.9732731582894567,260.9288692474365,5
8.553164627226959,False,0.3433939043770586,True,12.953991737684568,0000000.txt,ob_0000009,True,179.81911029453136,random,0.4059334667792701,316.4389133453369,10
8.540821055963848,False,0.23815364972141578,True,12.953991737684568,0000001.txt,ob_0000009,True,178.26740107946677,random,0.10882483599054826,305.6912422180176,10
7.166567262900358,False,0.2736744076989934,True,12.953991737684568,0000002.txt,ob_0000009,True,173.74354501357593,random,0.439762203317443,337.94689178466797,10
0.35870543143603645,True,0.2233428126994258,True,12.953991737684568,0000003.txt,ob_0000009,True,4.533621483448515,random,0.2514372494982931,353.6832332611084,10
7.1690572201763265,False,0.2340476791652518,True,12.953991737684568,0000004.txt,ob_0000009,True,178.5094446940745,random,0.21472228187296136,335.43992042541504,10
6.803982517913658,False,1.5571027748597481,False,12.953991737684568,0000005.txt,ob_0000009,True,112.03104672105898,random,2.839848353927987,309.889554977417,10
8.124683565385618,False,1.2420076826124002,True,12.953991737684568,0000006.txt,ob_0000009,True,178.19402799587556,random,1.8653264636030613,345.3993797302246,10
0.26408465878035264,True,0.18601148138678852,True,12.953991737684568,0000007.txt,ob_0000009,True,3.6150648517914568,random,0.15288373316296616,339.280366897583,10
7.095195913954251,False,0.6277455802731458,True,12.953991737684568,0000008.txt,ob_0000009,True,169.33883093937123,random,1.0238725915298101,308.3369731903076,10
7.0301753651021555,False,1.7706424723360827,False,12.953991737684568,0000009.txt,ob_0000009,True,112.67182821168709,random,3.0892392418226953,311.5873336791992,10
0.3962317292391018,True,0.2619584424548223,True,12.953991737684568,0000010.txt,ob_0000009,True,3.018823096064303,random,0.3444302253605376,342.44751930236816,10
8.569125675740159,False,0.293583348049999,True,12.953991737684568,0000011.txt,ob_0000009,True,177.50189507587308,random,0.34090249239995307,308.8388442993164,10
8.52405403258376,False,0.3128556797709097,True,12.953991737684568,0000012.txt,ob_0000009,True,177.4286252074317,random,0.3185267158298352,314.4404888153076,10
7.052442160769896,False,0.3748297620150254,True,12.953991737684568,0000013.txt,ob_0000009,True,179.41384833896518,random,0.48754393538198726,329.30684089660645,10
0.47023423534683084,True,0.29455367558029427,True,12.953991737684568,0000014.txt,ob_0000009,True,2.251248554940065,random,0.46279992135413295,310.6231689453125,10
7.175721766376582,False,0.24404023516833473,True,12.953991737684568,0000015.txt,ob_0000009,True,179.90926616794806,random,0.259932135868687,333.2653045654297,10
0.3732565038551037,True,0.22829991629450033,True,12.953991737684568,0000000.txt,ob_0000009,True,4.734968034045654,random,0.3026605584400598,489.67647552490234,20
7.182111386086206,False,0.18682517156037903,True,12.953991737684568,0000001.txt,ob_0000009,True,178.13646864201752,random,0.1729594349024223,480.12638092041016,20
0.5835397154854878,True,0.2640395322333672,True,12.953991737684568,0000002.txt,ob_0000009,True,7.399468852580873,random,0.38241961701688043,486.255407333374,20
0.4002246199053793,True,0.23853932334115163,True,12.953991737684568,0000003.txt,ob_0000009,True,5.003332630394307,random,0.2706694623357043,481.2893867492676,20
7.169106374633498,False,0.23194287724372506,True,12.953991737684568,0000004.txt,ob_0000009,True,179.0379948455714,random,0.20857655957899,458.2035541534424,20
0.2364670668132204,True,0.17781605009118392,True,12.953991737684568,0000005.txt,ob_0000009,True,2.236316094313376,random,0.19125780117518246,451.188325881958,20
0.3119882625733688,True,0.2009282589400057,True,12.953991737684568,0000006.txt,ob_0000009,True,3.4748079443074107,random,0.24202333142650956,474.107027053833,20
0.26839585019603984,True,0.18777427755975892,True,12.953991737684568,0000007.txt,ob_0000009,True,3.732042161071008,random,0.1493288890607332,462.0554447174072,20
1.0273798651239572,True,0.5326332474196365,True,12.953991737684568,0000008.txt,ob_0000009,True,13.168411395294212,random,0.8687467286661998,445.3999996185303,20
7.387832109410125,False,1.7509043060559875,False,12.953991737684568,0000009.txt,ob_0000009,True,138.7735782836172,random,2.963045161043228,462.62621879577637,20
0.3842981604758856,True,0.2560871155319029,True,12.953991737684568,0000010.txt,ob_0000009,True,2.9563557521151,random,0.33194060263002595,479.2523384094238,20
0.3764331542011577,True,0.2328471210951983,True,12.953991737684568,0000011.txt,ob_0000009,True,4.690318522968712,random,0.249296548597859,446.3825225830078,20
8.52869383735879,False,0.28689817319985866,True,12.953991737684568,0000012.txt,ob_0000009,True,177.93352897010124,random,0.2553696256467423,458.40907096862793,20
7.0556906751687505,False,0.34999480640437086,True,12.953991737684568,0000013.txt,ob_0000009,True,179.23615116471956,random,0.47172687422481224,480.3299903869629,20
0.4681770454184397,True,0.2932517927019752,True,12.953991737684568,0000014.txt,ob_0000009,True,2.3423869774464556,random,0.45963923097138615,480.8940887451172,20
0.35166724485588996,True,0.2246033493576966,True,12.953991737684568,0000015.txt,ob_0000009,True,4.342394217190324,random,0.23891496370852472,458.85396003723145,20
7.171321937634152,False,0.25546317809794816,True,12.953991737684568,0000000.txt,ob_0000009,True,178.27724279061923,random,0.29509274293075993,965.3308391571045,50
0.44077845461537024,True,0.2170319422545884,True,12.953991737684568,0000001.txt,ob_0000009,True,6.991882945442922,random,0.08957128433514758,966.6006565093994,50
0.5822890378357923,True,0.2608460655663252,True,12.953991737684568,0000002.txt,ob_0000009,True,7.596511019664112,random,0.36707924829430955,982.3660850524902,50
0.4130403847581497,True,0.24065709746017117,True,12.953991737684568,0000003.txt,ob_0000009,True,5.2907064860736,random,0.2708141303694631,986.9611263275146,50
0.3153380797718181,True,0.2265247714115262,True,12.953991737684568,0000004.txt,ob_0000009,True,2.4564330747262133,random,0.28276932237472263,1000.732421875,50
0.23013746249898034,True,0.17527909862478458,True,12.953991737684568,0000005.txt,ob_0000009,True,2.1560889119626885,random,0.1868429396310515,1043.9844131469727,50
0.3114545011532227,True,0.19976157955489812,True,12.953991737684568,0000006.txt,ob_0000009,True,3.43331964677887,random,0.24510417336954432,1010.9415054321289,50
0.26599322963393407,True,0.18693290106100277,True,12.953991737684568,0000007.txt,ob_0000009,True,3.6473676584501793,random,0.15154237964832792,1027.2345542907715,50
1.0349212191284276,True,0.5374394019048379,True,12.953991737684568,0000008.txt,ob_0000009,True,13.150958637368074,random,0.882210299917703,1012.5875473022461,50
7.179148052405865,False,0.20476278223236435,True,12.953991737684568,0000009.txt,ob_0000009,True,178.68988736139704,random,0.18334922155309658,1020.322322845459,50
0.3644843475274056,True,0.23002309559206818,True,12.953991737684568,0000010.txt,ob_0000009,True,3.9506409121033674,random,0.2952635564684267,1050.5454540252686,50
0.3781679157952009,True,0.23032939096408822,True,12.953991737684568,0000011.txt,ob_0000009,True,4.669447063638896,random,0.25868662172192713,1014.0185356140137,50
8.523519797555304,False,0.31421754814196007,True,12.953991737684568,0000012.txt,ob_0000009,True,178.02387639590594,random,0.32521512038855055,1045.5045700073242,50
0.6872291070981875,True,0.3385214236202091,True,12.953991737684568,0000013.txt,ob_0000009,True,6.296176576481508,random,0.5598533272410632,1063.4820461273193,50
0.4681770454184397,True,0.2932517927019752,True,12.953991737684568,0000014.txt,ob_0000009,True,2.3423869774464556,random,0.45963923097138615,1032.0014953613281,50
0.3427352003381696,True,0.22021600822718476,True,12.953991737684568,0000015.txt,ob_0000009,True,4.224166866817392,random,0.2353836439274335,1024.4207382202148,50
8.205205247228205,False,1.35510426295251,False,12.953991737684568,0000000.txt,ob_0000009,True,167.19196235588032,farthest,2.6396998578163244,376.1935234069824,1
7.963504395605132,False,1.2110423076466124,True,12.953991737684568,0000001.txt,ob_0000009,True,175.5102514324322,farthest,2.2256248682649153,240.0228977203369,1
7.205134967389086,False,0.8420006163969556,True,12.953991737684568,0000002.txt,ob_0000009,True,175.53682872603795,farthest,1.9251127944682294,268.95856857299805,1
6.745997277990338,False,0.6590435844148916,True,12.953991737684568,0000003.txt,ob_0000009,True,176.42998669331018,farthest,0.6163046935387204,248.79860877990723,1
5.50870771596748,False,1.0877475065996285,True,12.953991737684568,0000004.txt,ob_0000009,True,95.57913373115134,farthest,1.791213470113141,239.34602737426758,1
6.85031737591374,False,1.5911523062839252,False,12.953991737684568,0000005.txt,ob_0000009,True,112.64805073015371,farthest,2.9458347789656556,273.33736419677734,1
7.802149732225335,False,1.039698015445402,True,12.953991737684568,0000006.txt,ob_0000009,True,173.77885231225633,farthest,1.9239590928580366,287.2622013092041,1
6.853795684562828,False,0.9460884631407165,True,12.953991737684568,0000007.txt,ob_0000009,True,175.93159445794063,farthest,1.5822917054507006,239.73655700683594,1
7.251677123456549,False,1.6458064062072244,False,12.953991737684568,0000008.txt,ob_0000009,True,164.64882970353514,farthest,3.022407391670921,250.85926055908203,1
7.247055075981238,False,1.7528292000064432,False,12.953991737684568,0000009.txt,ob_0000009,True,133.21137696571807,farthest,2.9435221914354113,249.50885772705078,1
6.835880893500821,False,0.7344996506026862,True,12.953991737684568,0000010.txt,ob_0000009,True,178.36477022411032,farthest,1.1449192893417015,287.1556282043457,1
6.906694045193679,False,1.9626626643900795,False,12.953991737684568,0000011.txt,ob_0000009,True,119.16892740090212,farthest,3.4211367430906066,242.21205711364746,1
6.7566335646251625,False,0.7147033838450993,True,12.953991737684568,0000012.txt,ob_0000009,True,172.30234548758514,farthest,0.9339267568088832,254.6851634979248,1
8.100902656692302,False,1.3956503125848496,False,12.953991737684568,0000013.txt,ob_0000009,True,179.98251788005427,farthest,2.061141545363697,250.9312629699707,1
7.046291276171216,False,0.2748938806134567,True,12.953991737684568,0000014.txt,ob_0000009,True,177.7736803991867,farthest,0.21376111957583144,290.210485458374,1
6.942129886849161,False,0.8282939188829805,True,12.953991737684568,0000015.txt,ob_0000009,True,179.94172042596267,farthest,1.10027622006213,250.69737434387207,1
5.310745726337829,False,1.1468750427596037,True,12.953991737684568,0000000.txt,ob_0000009,True,88.53933831581834,farthest,2.0691364043262555,352.7379035949707,3
5.28117945538082,False,1.0630346653865121,True,12.953991737684568,0000001.txt,ob_0000009,True,95.69792593595415,farthest,2.216575967492988,288.9246940612793,3
7.228897096955316,False,0.8715798163523953,True,12.953991737684568,0000002.txt,ob_0000009,True,175.6954308619301,farthest,1.9989400895282277,302.3405075073242,3
6.746123609283885,False,0.6335317220116645,True,12.953991737684568,0000003.txt,ob_0000009,True,175.93314420928107,farthest,0.5413608760101576,298.9087104797363,3
7.885130572029355,False,1.3031170342051037,False,12.953991737684568,0000004.txt,ob_0000009,True,173.16540816362053,farthest,1.4117535299350548,280.4560661315918,3
6.830097779949476,False,1.603450498787311,False,12.953991737684568,0000005.txt,ob_0000009,True,111.68391265145884,farthest,2.970251094069223,285.39085388183594,3
7.789696569979419,False,1.0211826087404705,True,12.953991737684568,0000006.txt,ob_0000009,True,174.56865282869583,farthest,1.798794393616478,262.6230716705322,3
6.8747504849413374,False,1.0193583357819878,True,12.953991737684568,0000007.txt,ob_0000009,True,176.10088909699408,farthest,1.7430166940215135,285.02798080444336,3
6.925093589754495,False,0.9252754030803412,True,12.953991737684568,0000008.txt,ob_0000009,True,176.73314898830486,farthest,1.3941907649407184,352.37574577331543,3
7.239800921356421,False,1.7668226045380122,False,12.953991737684568,0000009.txt,ob_0000009,True,131.9211044637734,farthest,2.973180098441225,350.6817817687988,3
6.050986178324584,False,0.680993523130226,True,12.953991737684568,0000010.txt,ob_0000009,True,89.52472364451997,farthest,0.8192734967896153,284.0743064880371,3
7.015039565209874,False,1.9051476331409019,False,12.953991737684568,0000011.txt,ob_0000009,True,122.85561631072933,farthest,3.3541491196791404,306.60152435302734,3
6.745270503917711,False,0.71709460290545,True,12.953991737684568,0000012.txt,ob_0000009,True,170.2470927443831,farthest,0.9378334327893537,289.66379165649414,3
5.493122793565277,False,1.8337971706616891,False,12.953991737684568,0000013.txt,ob_0000009,True,85.17269319750753,farthest,2.76132341221843,281.2678813934326,3
7.178672723114064,False,0.3023960606740458,True,12.953991737684568,0000014.txt,ob_0000009,True,178.74857310829515,farthest,0.40930339674798855,287.23764419555664,3
6.772022910446142,False,0.754764709333487,True,12.953991737684568,0000015.txt,ob_0000009,True,177.70300880337848,farthest,0.8973693757917449,274.56164360046387,3
5.3321577154284014,False,1.1369697442036684,True,12.953991737684568,0000000.txt,ob_0000009,True,89.58477502381535,farthest,1.997965949983728,379.7769546508789,5
4.865226185078565,False,1.0265973099946026,True,12.953991737684568,0000001.txt,ob_0000009,True,86.94266560456792,farthest,1.2967115327663261,282.8707695007324,5
7.217682858633568,False,0.8602484018334031,True,12.953991737684568,0000002.txt,ob_0000009,True,175.28618672568993,farthest,1.9632339077874155,317.7342414855957,5
6.04851561112644,False,0.7804781067708676,True,12.953991737684568,0000003.txt,ob_0000009,True,88.61510534660152,farthest,1.1031352090321818,330.1107883453369,5
7.855551945869127,False,1.3073536212065833,False,12.953991737684568,0000004.txt,ob_0000009,True,172.24467725003575,farthest,1.484556510361338,315.4327869415283,5
0.23475535297670397,True,0.17728063511132422,True,12.953991737684568,0000005.txt,ob_0000009,True,2.1968492532773745,farthest,0.18897449539882835,259.25731658935547,5
8.179449483764186,False,1.2897784161309178,True,12.953991737684568,0000006.txt,ob_0000009,True,178.26771541967918,farthest,2.1964023551026925,281.5859317779541,5
5.999021453883845,False,0.9035528404683026,True,12.953991737684568,0000007.txt,ob_0000009,True,87.76393224877155,farthest,1.5459250069399453,268.07332038879395,5
1.0333175276909172,True,0.5378975044030885,True,12.953991737684568,0000008.txt,ob_0000009,True,13.049218766996361,farthest,0.8844440789187108,293.2448387145996,5
0.3447361676948771,True,0.21215845807732786,True,12.953991737684568,0000009.txt,ob_0000009,True,4.499652020211819,farthest,0.2054096163321045,277.31943130493164,5
6.058630386227386,False,0.7016587462184956,True,12.953991737684568,0000010.txt,ob_0000009,True,89.35750585744962,farthest,0.985306644274671,275.4998207092285,5
0.37669791287957655,True,0.23064279799392415,True,12.953991737684568,0000011.txt,ob_0000009,True,4.579787931278695,farthest,0.26399199700929477,255.8293342590332,5
0.3345813672349511,True,0.22759324224162006,True,12.953991737684568,0000012.txt,ob_0000009,True,2.8220047929769025,farthest,0.2783854905378134,324.0694999694824,5
8.844981667295933,False,2.8810718793502654,False,12.953991737684568,0000013.txt,ob_0000009,True,172.82417710612233,farthest,4.464994188391831,251.83677673339844,5
0.4658582192070877,True,0.2933334399074319,True,12.953991737684568,0000014.txt,ob_0000009,True,2.361067053567628,farthest,0.4576062770607838,252.85696983337402,5
6.782939064774126,False,0.7887133968125499,True,12.953991737684568,0000015.txt,ob_0000009,True,178.2596533058111,farthest,0.985257688263552,292.896032333374,5
5.3321577154284014,False,1.1369697442036684,True,12.953991737684568,0000000.txt,ob_0000009,True,89.58477502381535,farthest,1.997965949983728,424.4811534881592,10
5.751430221849448,False,0.5212775810046846,True,12.953991737684568,0000001.txt,ob_0000009,True,85.17752599287938,farthest,0.5334054201990592,340.3027057647705,10
8.555436989422354,False,0.34814334253753676,True,12.953991737684568,0000002.txt,ob_0000009,True,179.39652701069207,farthest,0.6857749813132814,372.88808822631836,10
0.32509816425931165,True,0.20916589714565667,True,12.953991737684568,0000003.txt,ob_0000009,True,4.173441171021568,farthest,0.21584329981437167,357.4807643890381,10
6.313282131835848,False,0.5402831266069072,True,12.953991737684568,0000004.txt,ob_0000009,True,93.90060238972133,farthest,0.6212401227113432,363.37924003601074,10
0.23475535297670397,True,0.17728063511132422,True,12.953991737684568,0000005.txt,ob_0000009,True,2.1968492532773745,farthest,0.18897449539882835,324.57518577575684,10
0.3172050455928567,True,0.20245147060701274,True,12.953991737684568,0000006.txt,ob_0000009,True,3.56739359930019,farthest,0.24385204478677233,343.4464931488037,10
0.2666942631476864,True,0.18693773510600975,True,12.953991737684568,0000007.txt,ob_0000009,True,3.676142895218882,farthest,0.15304545773093894,348.0663299560547,10
1.0333175276909172,True,0.5378975044030885,True,12.953991737684568,0000008.txt,ob_0000009,True,13.049218766996361,farthest,0.8844440789187108,338.6495113372803,10
0.3447361676948771,True,0.21215845807732786,True,12.953991737684568,0000009.txt,ob_0000009,True,4.499652020211819,farthest,0.2054096163321045,326.07054710388184,10
1.787691354117339,False,0.8728065059866875,True,12.953991737684568,0000010.txt,ob_0000009,True,16.463937645230047,farthest,1.6370092048413842,332.52596855163574,10
0.37669791287957655,True,0.23064279799392415,True,12.953991737684568,0000011.txt,ob_0000009,True,4.579787931278695,farthest,0.26399199700929477,325.2396583557129,10
0.3345813672349511,True,0.22759324224162006,True,12.953991737684568,0000012.txt,ob_0000009,True,2.8220047929769025,farthest,0.2783854905378134,321.5303421020508,10
8.844981667295933,False,2.8810718793502654,False,12.953991737684568,0000013.txt,ob_0000009,True,172.82417710612233,farthest,4.464994188391831,323.4062194824219,10
0.4658582192070877,True,0.2933334399074319,True,12.953991737684568,0000014.txt,ob_0000009,True,2.361067053567628,farthest,0.4576062770607838,339.3819332122803,10
7.033117100145067,False,0.4328418232526119,True,12.953991737684568,0000015.txt,ob_0000009,True,177.63707686632043,farthest,0.5702355354221773,331.6974639892578,10
0.3736490327114621,True,0.2290024222537184,True,12.953991737684568,0000000.txt,ob_0000009,True,4.737566083192452,farthest,0.302322817695796,541.3503646850586,20
0.34658729880796624,True,0.19898770903507354,True,12.953991737684568,0000001.txt,ob_0000009,True,5.14336421166142,farthest,0.16875732773381902,459.13004875183105,20
7.172875481493493,False,0.2327175462090551,True,12.953991737684568,0000002.txt,ob_0000009,True,177.93353564060936,farthest,0.4030823953206083,462.2235298156738,20
0.3267198730731148,True,0.21128762884187113,True,12.953991737684568,0000003.txt,ob_0000009,True,4.117755333076097,farthest,0.2225001799544838,464.4606113433838,20
0.3144420577520479,True,0.2271197961384187,True,12.953991737684568,0000004.txt,ob_0000009,True,2.166524178528379,farthest,0.2893636515016676,478.3484935760498,20
0.23672827859737158,True,0.17831297413831482,True,12.953991737684568,0000005.txt,ob_0000009,True,2.184990241376934,farthest,0.19193944770658158,468.05357933044434,20
0.31876593838158895,True,0.20319406903142725,True,12.953991737684568,0000006.txt,ob_0000009,True,3.566253959652959,farthest,0.24600527210427042,468.24097633361816,20
0.26184399551073756,True,0.18527260540078358,True,12.953991737684568,0000007.txt,ob_0000009,True,3.5528189182318832,farthest,0.154826196119817,466.98808670043945,20
1.0334458507372735,True,0.5372643078793202,True,12.953991737684568,0000008.txt,ob_0000009,True,13.087831312999885,farthest,0.8827983223988087,476.7906665802002,20
0.34475069318536333,True,0.21219560097196616,True,12.953991737684568,0000009.txt,ob_0000009,True,4.4980069672535805,farthest,0.20559633142505904,451.7545700073242,20
0.39311486177867827,True,0.2595895182657835,True,12.953991737684568,0000010.txt,ob_0000009,True,3.0657329583590918,farthest,0.33866642199787084,466.15147590637207,20
0.37673896393541106,True,0.2306495866562151,True,12.953991737684568,0000011.txt,ob_0000009,True,4.582308351407656,farthest,0.26387292344113217,493.9866065979004,20
0.33751961661631236,True,0.22816132230146757,True,12.953991737684568,0000012.txt,ob_0000009,True,2.9282027153044337,farthest,0.2785330090684509,488.9867305755615,20
0.6979899842475231,True,0.3433933555255891,True,12.953991737684568,0000013.txt,ob_0000009,True,6.4828429081366306,farthest,0.564076559889442,496.4747428894043,20
0.4658231859846043,True,0.2933245212280774,True,12.953991737684568,0000014.txt,ob_0000009,True,2.3602429406312844,farthest,0.4575838590611409,473.6785888671875,20
7.037813375487429,False,0.43164224350400116,True,12.953991737684568,0000015.txt,ob_0000009,True,177.36896074594065,farthest,0.5770064060647891,470.08442878723145,20
0.37365508219250043,True,0.22900411862693643,True,12.953991737684568,0000000.txt,ob_0000009,True,4.737700307823279,farthest,0.302322817695796,1040.4982566833496,50
0.34880458627881306,True,0.1989424494603403,True,12.953991737684568,0000001.txt,ob_0000009,True,5.209170743109313,farthest,0.16448270362103445,977.4866104125977,50
0.5909315891743969,True,0.2653142278775884,True,12.953991737684568,0000002.txt,ob_0000009,True,7.684150948743024,farthest,0.3712683717522249,998.9101886749268,50
0.401726477320414,True,0.23803608131548085,True,12.953991737684568,0000003.txt,ob_0000009,True,5.092532692530753,farthest,0.2673626808082597,989.2075061798096,50
0.3144420577520479,True,0.2271197961384187,True,12.953991737684568,0000004.txt,ob_0000009,True,2.166524178528379,farthest,0.2893636515016676,971.3101387023926,50
0.23672827859737158,True,0.17831297413831482,True,12.953991737684568,0000005.txt,ob_0000009,True,2.184990241376934,farthest,0.19193944770658158,991.5812015533447,50
0.3119882625733688,True,0.2009282589400057,True,12.953991737684568,0000006.txt,ob_0000009,True,3.4748079443074107,farthest,0.24202333142650956,988.661527633667,50
0.26184399551073756,True,0.18527260540078358,True,12.953991737684568,0000007.txt,ob_0000009,True,3.5528189182318832,farthest,0.154826196119817,978.7821769714355,50
1.0330923429379073,True,0.5379628216459437,True,12.953991737684568,0000008.txt,ob_0000009,True,13.030754059853257,farthest,0.8846703196352393,964.9746417999268,50
0.34475078970314527,True,0.21219562623929336,True,12.953991737684568,0000009.txt,ob_0000009,True,4.49801241836881,farthest,0.20559633142505904,975.3897190093994,50
0.3931149855804922,True,0.25958954755754043,True,12.953991737684568,0000010.txt,ob_0000009,True,3.0657597619105292,farthest,0.33866642199787084,984.8108291625977,50
0.3768225904980566,True,0.23068056785951518,True,12.953991737684568,0000011.txt,ob_0000009,True,4.584081441511699,farthest,0.26389489225968177,967.5226211547852,50
0.3375198845721365,True,0.22816138560804014,True,12.953991737684568,0000012.txt,ob_0000009,True,2.9282143065645396,farthest,0.2785330090684509,965.7671451568604,50
0.6979899842475231,True,0.3433933555255891,True,12.953991737684568,0000013.txt,ob_0000009,True,6.4828429081366306,farthest,0.564076559889442,965.6007289886475,50
0.46608288031339584,True,0.2927090378915312,True,12.953991737684568,0000014.txt,ob_0000009,True,2.30154637918814,farthest,0.4573190011523586,955.2726745605469,50
0.3542408171552381,True,0.22557868010811372,True,12.953991737684568,0000015.txt,ob_0000009,True,4.35428262261871,farthest,0.24190710508787175,961.733341217041,50
11.71961130622077,False,5.2047253406241,False,19.772486369953576,0000000.txt,ob_0000010,True,178.20748474441712,random,6.117834182805966,855.334997177124,1
10.847681444465392,False,1.5171791703297999,True,19.772486369953576,0000001.txt,ob_0000010,True,167.57223472711186,random,2.018937661787792,277.4839401245117,1
10.526452470219905,False,0.42831918397505614,True,19.772486369953576,0000002.txt,ob_0000010,True,178.74662322698353,random,0.987331268974908,257.0948600769043,1
13.246811001436223,False,6.152980813673649,False,19.772486369953576,0000003.txt,ob_0000010,True,112.84561531724913,random,8.73044257540238,265.470027923584,1
0.1827419419489228,True,0.14974025908896266,True,19.772486369953576,0000004.txt,ob_0000010,True,1.935481151374052,random,0.13795513821043998,264.60909843444824,1
4.4793561774196915,False,1.8173612731495918,True,19.772486369953576,0000005.txt,ob_0000010,True,115.12572105331898,random,6.176765288901907,251.51634216308594,1
11.860703175016948,False,3.4940615492867098,False,19.772486369953576,0000006.txt,ob_0000010,True,137.1124162393658,random,6.3027140099082235,258.3169937133789,1
0.8591963590372018,True,0.32134328930321476,True,19.772486369953576,0000007.txt,ob_0000010,True,22.529160994435323,random,0.9641553671056995,263.90528678894043,1
11.956814923537396,False,4.40948430265604,False,19.772486369953576,0000008.txt,ob_0000010,True,170.83557889364812,random,6.835106231458966,261.0499858856201,1
10.408100048775163,False,0.36690710559236756,True,19.772486369953576,0000009.txt,ob_0000010,True,177.26083610798673,random,0.9916541651649162,300.74405670166016,1
17.214876211555723,False,12.292361049331252,False,19.772486369953576,0000010.txt,ob_0000010,True,166.79868854838156,random,12.019835301325092,371.4747428894043,1
0.4312286293667754,True,0.26165023577792423,True,19.772486369953576,0000011.txt,ob_0000010,True,10.282865474598335,random,0.18629259633473572,403.05328369140625,1
14.841185381863218,False,5.368026767026417,False,19.772486369953576,0000012.txt,ob_0000010,True,109.67123805164277,random,8.807831608719074,369.6320056915283,1
10.562775247978122,False,0.6762823738488679,True,19.772486369953576,0000013.txt,ob_0000010,True,176.2994309157421,random,1.464230822046025,305.04322052001953,1
10.432978576511868,False,0.585162715597643,True,19.772486369953576,0000014.txt,ob_0000010,True,175.29327143345154,random,2.1846572284283305,307.88469314575195,1
12.858433051853124,False,5.6676629772490825,False,19.772486369953576,0000015.txt,ob_0000010,True,144.87831558744136,random,6.332328043444857,306.51330947875977,1
13.637982795866677,False,10.47028793008476,False,19.772486369953576,0000000.txt,ob_0000010,True,175.0709031956339,random,14.372366376772003,325.26278495788574,3
1.1674508524624756,True,0.462122178668665,True,19.772486369953576,0000001.txt,ob_0000010,True,31.99545007400492,random,1.244095870635633,328.2597064971924,3
0.3235286695406767,True,0.16382118618958397,True,19.772486369953576,0000002.txt,ob_0000010,True,3.7593699544453787,random,0.22271293108139353,275.38132667541504,3
1.8096499833787794,True,0.5149591862175089,True,19.772486369953576,0000003.txt,ob_0000010,True,25.01529329184024,random,1.6305550824797386,259.810209274292,3
10.349822425364076,False,0.3348951199989778,True,19.772486369953576,0000004.txt,ob_0000010,True,178.4164613539293,random,1.9147159382189378,265.8381462097168,3
10.427264651395888,False,0.3818264892518499,True,19.772486369953576,0000005.txt,ob_0000010,True,179.5324117116626,random,1.5059978650466674,321.8402862548828,3
0.717543111201652,True,0.3904497749100498,True,19.772486369953576,0000006.txt,ob_0000010,True,6.348770369184874,random,0.6020106391892847,346.64249420166016,3
10.419295407634829,False,0.5824622220294856,True,19.772486369953576,0000007.txt,ob_0000010,True,179.80177566568918,random,2.299408109333083,304.4593334197998,3
11.243231906724068,False,5.000004826727611,False,19.772486369953576,0000008.txt,ob_0000010,True,147.1650222995705,random,2.5698841171081392,391.7834758758545,3
0.732616942048921,True,0.26708463975487645,True,19.772486369953576,0000009.txt,ob_0000010,True,12.572952685009618,random,0.7565442374344619,290.0674343109131,3
10.460475716245556,False,0.6408329537141736,True,19.772486369953576,0000010.txt,ob_0000010,True,179.68351982829998,random,1.725621852597032,317.89422035217285,3
0.4467095863277008,True,0.26374111980056153,True,19.772486369953576,0000011.txt,ob_0000010,True,10.823086072149703,random,0.20995976756931042,317.58928298950195,3
11.598863358230698,False,3.8039146818888336,False,19.772486369953576,0000012.txt,ob_0000010,True,177.01197517407016,random,11.281759929267979,300.2662658691406,3
10.734821330808229,False,0.8112175852766699,True,19.772486369953576,0000013.txt,ob_0000010,True,178.67363200059953,random,2.1481773974285967,297.0404624938965,3
10.439996841646265,False,0.3843454774962031,True,19.772486369953576,0000014.txt,ob_0000010,True,179.218613725202,random,0.5741764119758239,332.46302604675293,3
0.2306000304649121,True,0.17384098450300542,True,19.772486369953576,0000015.txt,ob_0000010,True,2.307461338329181,random,0.19979574622194163,301.6343116760254,3
0.5539140615379297,True,0.25549232498342245,True,19.772486369953576,0000000.txt,ob_0000010,True,15.432248703533578,random,0.6185605692390681,291.67842864990234,5
2.619566840610708,False,0.9026321030544101,True,19.772486369953576,0000001.txt,ob_0000010,True,74.03407053865216,random,2.8416325345442845,272.1078395843506,5
0.4414891981819816,True,0.19160498985201352,True,19.772486369953576,0000002.txt,ob_0000010,True,4.6454144520796286,random,0.2687696028357229,272.5493907928467,5
13.66468489285739,False,11.119875216184765,False,19.772486369953576,0000003.txt,ob_0000010,True,117.3180750621357,random,11.66171205461551,302.54054069519043,5
10.37924978059174,False,0.36302026448627417,True,19.772486369953576,0000004.txt,ob_0000010,True,178.51818919241762,random,1.9825534219105923,302.57105827331543,5
11.070962021886267,False,1.2925472861430738,True,19.772486369953576,0000005.txt,ob_0000010,True,178.08774306053908,random,4.983488980958213,286.8309020996094,5
3.3945398769993513,False,0.9593399807793337,True,19.772486369953576,0000006.txt,ob_0000010,True,101.69704703661239,random,3.5114177200698586,312.9587173461914,5
11.05617538656136,False,1.4047655954958564,True,19.772486369953576,0000007.txt,ob_0000010,True,174.59300109170323,random,2.989047344467987,318.7572956085205,5
0.13067729618213997,True,0.10675017705190047,True,19.772486369953576,0000008.txt,ob_0000010,True,2.112886704306888,random,0.11645332652471999,304.6612739562988,5
0.3807019747689645,True,0.21353976336579897,True,19.772486369953576,0000009.txt,ob_0000010,True,3.777412086033846,random,0.22613001340185931,301.7692565917969,5
18.33719350120057,False,11.777765772793385,False,19.772486369953576,0000010.txt,ob_0000010,True,167.63414040481166,random,12.31503556390059,267.4984931945801,5
10.626791087173967,False,0.9392302540358691,True,19.772486369953576,0000011.txt,ob_0000010,True,177.08474582179826,random,4.441905692559524,298.42519760131836,5
0.9437568369583128,True,0.3198158221614385,True,19.772486369953576,0000012.txt,ob_0000010,True,7.073753636008972,random,0.5515103870897344,336.1802101135254,5
1.2158401845041245,True,0.4111312994508992,True,19.772486369953576,0000013.txt,ob_0000010,True,23.414435042430206,random,1.3277945178773194,280.92479705810547,5
10.368893119332881,False,0.5302184313280065,True,19.772486369953576,0000014.txt,ob_0000010,True,175.60294733616314,random,2.1913717458406445,320.0080394744873,5
1.039744326430075,True,0.3320125459015879,True,19.772486369953576,0000015.txt,ob_0000010,True,11.065602430674604,random,0.5996274018971716,270.6787586212158,5
0.24320118667827784,True,0.1730740862738988,True,19.772486369953576,0000000.txt,ob_0000010,True,3.252556093838109,random,0.1667939523552738,328.9198875427246,10
1.372234284221698,True,0.5172681657300412,True,19.772486369953576,0000001.txt,ob_0000010,True,36.40852686403397,random,1.4932418464131123,346.29082679748535,10
0.480895081767548,True,0.22210169415385994,True,19.772486369953576,0000002.txt,ob_0000010,True,10.252414732765434,random,0.48959504283994837,335.24274826049805,10
10.424010558366643,False,0.6930493736865712,True,19.772486369953576,0000003.txt,ob_0000010,True,177.41143802010257,random,2.004955440144452,323.7271308898926,10
0.2594167343179194,True,0.19487273659880994,True,19.772486369953576,0000004.txt,ob_0000010,True,2.3070171882943096,random,0.2681286367182132,326.9927501678467,10
10.4339249583082,False,0.3704059788425264,True,19.772486369953576,0000005.txt,ob_0000010,True,179.56923370363126,random,1.41614962817458,352.59008407592773,10
1.3731846173666362,True,0.6332784027193566,True,19.772486369953576,0000006.txt,ob_0000010,True,26.330448709016462,random,1.596780296894159,343.1243896484375,10
0.9477423648425598,True,0.27893639170135803,True,19.772486369953576,0000007.txt,ob_0000010,True,12.809390955817717,random,0.6567726056954535,320.7242488861084,10
0.2784704242980337,True,0.15695196603639053,True,19.772486369953576,0000008.txt,ob_0000010,True,2.368869084057433,random,0.14469518478275079,333.1592082977295,10
0.9043555867827285,True,0.45555915084296406,True,19.772486369953576,0000009.txt,ob_0000010,True,17.978089776480935,random,1.2347213622778777,325.76584815979004,10
10.563693351677545,False,0.6908262826163927,True,19.772486369953576,0000010.txt,ob_0000010,True,178.83824437352578,random,1.9998221119731658,314.76473808288574,10
1.6926158840928678,True,0.6284701621084124,True,19.772486369953576,0000011.txt,ob_0000010,True,46.90375035320194,random,1.569881373573585,325.7596492767334,10
10.38241838654378,False,0.45541010986717145,True,19.772486369953576,0000012.txt,ob_0000010,True,177.5832578932252,random,1.2833425235522207,323.8248825073242,10
0.38974748805486215,True,0.2157279516903224,True,19.772486369953576,0000013.txt,ob_0000010,True,4.1703922437888385,random,0.3266746655300921,317.1417713165283,10
0.5130725152858162,True,0.3206867526499842,True,19.772486369953576,0000014.txt,ob_0000010,True,4.728292060298875,random,0.467291974376454,327.0225524902344,10
0.27542050868784446,True,0.18657907602096002,True,19.772486369953576,0000015.txt,ob_0000010,True,2.5908525129014226,random,0.13562832838653724,332.14569091796875,10
10.406892242843227,False,0.41113360769704727,True,19.772486369953576,0000000.txt,ob_0000010,True,178.0127605484604,random,1.1458250582778764,470.8974361419678,20
0.430943565862299,True,0.2531618571893701,True,19.772486369953576,0000001.txt,ob_0000010,True,5.048501244043211,random,0.32460793582557546,460.4148864746094,20
0.3842931227604196,True,0.17079736434708956,True,19.772486369953576,0000002.txt,ob_0000010,True,2.7887108594399526,random,0.24242981323549934,461.12513542175293,20
0.20233929207145118,True,0.15444949891239254,True,19.772486369953576,0000003.txt,ob_0000010,True,1.3647013584139338,random,0.14572073159319018,461.2765312194824,20
0.2602014267674353,True,0.1949672928184111,True,19.772486369953576,0000004.txt,ob_0000010,True,1.975493146169779,random,0.25712737780282113,482.6521873474121,20
0.39054284853573384,True,0.24785575468530088,True,19.772486369953576,0000005.txt,ob_0000010,True,2.0331990003842937,random,0.33887480116608093,464.02883529663086,20
0.7131985778668423,True,0.3991558032092688,True,19.772486369953576,0000006.txt,ob_0000010,True,7.015675060058143,random,0.5451053407939135,495.9390163421631,20
0.953483209938372,True,0.2796579007057928,True,19.772486369953576,0000007.txt,ob_0000010,True,12.803817760829773,random,0.6604201246713414,482.832670211792,20
0.13194056835476928,True,0.10803228713104335,True,19.772486369953576,0000008.txt,ob_0000010,True,1.9482829410197886,random,0.118969740465984,482.44309425354004,20
0.3492331937099259,True,0.21372579433963731,True,19.772486369953576,0000009.txt,ob_0000010,True,3.485764541370702,random,0.1660224610752946,487.5609874725342,20
0.2650795190641984,True,0.15544545824495704,True,19.772486369953576,0000010.txt,ob_0000010,True,2.439433739700915,random,0.20928048311723485,476.41444206237793,20
1.7172304532943832,True,0.6370090244160413,True,19.772486369953576,0000011.txt,ob_0000010,True,48.19928903200482,random,1.5956890003533408,477.38075256347656,20
0.6102722345440507,True,0.2352043571221168,True,19.772486369953576,0000012.txt,ob_0000010,True,4.80219444779933,random,0.4372135646826535,516.2501335144043,20
0.349985831069764,True,0.2047523629432083,True,19.772486369953576,0000013.txt,ob_0000010,True,3.446481487472555,random,0.33382921961183354,487.43581771850586,20
0.47329771118362357,True,0.30175595236133157,True,19.772486369953576,0000014.txt,ob_0000010,True,4.55872782566328,random,0.4315337955388015,523.7483978271484,20
0.26117075190657046,True,0.1839990238948713,True,19.772486369953576,0000015.txt,ob_0000010,True,2.392136437170324,random,0.15145384571535642,504.3346881866455,20
0.5426510055679195,True,0.251448059387503,True,19.772486369953576,0000000.txt,ob_0000010,True,15.068741713970715,random,0.6077674734722859,959.7182273864746,50
0.4378170989513635,True,0.2370184892375846,True,19.772486369953576,0000001.txt,ob_0000010,True,5.9632636975183,random,0.3101626268843849,992.0225143432617,50
0.27739235868092266,True,0.16034472823242676,True,19.772486369953576,0000002.txt,ob_0000010,True,1.8707712952604794,random,0.1773785972748096,1006.5529346466064,50
0.2640966189620009,True,0.1725207069429184,True,19.772486369953576,0000003.txt,ob_0000010,True,1.193423479468934,random,0.2163004725047505,1026.547908782959,50
0.24804603486386056,True,0.1840659061787682,True,19.772486369953576,0000004.txt,ob_0000010,True,1.8815311995682724,random,0.20852956358516925,1016.5035724639893,50
0.38389418449578855,True,0.24818416511559363,True,19.772486369953576,0000005.txt,ob_0000010,True,2.266623267971264,random,0.3224758220385285,995.0692653656006,50
0.7619954166839521,True,0.41009129364296854,True,19.772486369953576,0000006.txt,ob_0000010,True,7.405474337197008,random,0.5908911138875367,1108.2801818847656,50
0.35256635699598643,True,0.18506783072561392,True,19.772486369953576,0000007.txt,ob_0000010,True,1.907713818928917,random,0.2521509403838269,1018.1150436401367,50
0.1685553568389664,True,0.12966006567661134,True,19.772486369953576,0000008.txt,ob_0000010,True,2.896496757117759,random,0.14743760691812302,1018.1748867034912,50
0.35709927428933963,True,0.25485241158434757,True,19.772486369953576,0000009.txt,ob_0000010,True,2.6817374348499676,random,0.4005659156539323,1030.242919921875,50
0.2992773254947331,True,0.16147986957007998,True,19.772486369953576,0000010.txt,ob_0000010,True,2.812546319679406,random,0.21979604004632877,1016.2687301635742,50
0.2658526175843598,True,0.20017160920009686,True,19.772486369953576,0000011.txt,ob_0000010,True,3.625797402296896,random,0.17908219849811707,1025.0377655029297,50
0.5850159715621851,True,0.23113006957728222,True,19.772486369953576,0000012.txt,ob_0000010,True,4.927221714336939,random,0.3881462742953294,1020.6866264343262,50
0.4364174876223377,True,0.2365724497622426,True,19.772486369953576,0000013.txt,ob_0000010,True,4.1282089688757555,random,0.3698136607607304,1031.9297313690186,50
0.6358188148283809,True,0.3894902720360595,True,19.772486369953576,0000014.txt,ob_0000010,True,4.9399403704597304,random,0.6160750488919392,1024.7056484222412,50
0.24936953933345005,True,0.18159818359684768,True,19.772486369953576,0000015.txt,ob_0000010,True,2.453151096936674,random,0.1823111283609299,1032.1638584136963,50
14.072052703766168,False,10.721234219054827,False,19.772486369953576,0000000.txt,ob_0000010,True,163.18282382517313,farthest,13.405317772486452,415.61079025268555,1
5.0011901238073175,False,2.0791941662540734,False,19.772486369953576,0000001.txt,ob_0000010,True,145.42589748403563,farthest,2.5905549788483513,257.2810649871826,1
11.581316394099062,False,6.4988177298833065,False,19.772486369953576,0000002.txt,ob_0000010,True,165.9211293515555,farthest,6.254805750850548,296.23937606811523,1
12.57889173637547,False,7.06197228723685,False,19.772486369953576,0000003.txt,ob_0000010,True,176.45980681027174,farthest,6.5118716429589565,285.28785705566406,1
10.666624313250407,False,3.674028228350848,False,19.772486369953576,0000004.txt,ob_0000010,True,123.34194101412734,farthest,5.599347579805264,361.80639266967773,1
4.449007824698528,False,1.3256572820441033,True,19.772486369953576,0000005.txt,ob_0000010,True,151.41491895724064,farthest,5.663258134419479,329.4973373413086,1
6.242396191933022,False,1.6749121772633386,True,19.772486369953576,0000006.txt,ob_0000010,True,149.95899429091148,farthest,6.092661362970596,341.2280082702637,1
4.265257390888429,False,1.0719502915694008,True,19.772486369953576,0000007.txt,ob_0000010,True,73.9487415117659,farthest,3.5800332974191766,249.3274211883545,1
0.8145767238007063,True,0.2619778177703732,True,19.772486369953576,0000008.txt,ob_0000010,True,5.538648008040364,farthest,0.5419682794553108,300.5821704864502,1
8.984350489452094,False,5.027527350759213,False,19.772486369953576,0000009.txt,ob_0000010,True,109.67592097517654,farthest,4.57117234165922,291.7029857635498,1
14.841094785969139,False,9.523914391632408,False,19.772486369953576,0000010.txt,ob_0000010,True,153.22937023618135,farthest,6.6890251336082525,353.17444801330566,1
3.711548873004453,False,1.244846207343286,True,19.772486369953576,0000011.txt,ob_0000010,True,109.67584411557259,farthest,4.347106972226599,268.60857009887695,1
12.43689160152536,False,4.169959908156906,False,19.772486369953576,0000012.txt,ob_0000010,True,155.36768358744106,farthest,3.3390271207438227,277.50587463378906,1
11.387759640769609,False,2.350024821427054,False,19.772486369953576,0000013.txt,ob_0000010,True,177.1876054706899,farthest,3.341802983678805,321.87795639038086,1
10.408601312130871,False,0.6828302486638667,True,19.772486369953576,0000014.txt,ob_0000010,True,172.38977558757938,farthest,2.554813554731346,318.79281997680664,1
7.916874406556175,False,5.808736106649249,False,19.772486369953576,0000015.txt,ob_0000010,True,66.95217990006904,farthest,5.757836009080633,269.40345764160156,1
15.804342804954159,False,12.454430450944622,False,19.772486369953576,0000000.txt,ob_0000010,True,96.2531134426482,farthest,12.823486081613753,363.0094528198242,3
10.62141566484305,False,0.9251137722567421,True,19.772486369953576,0000001.txt,ob_0000010,True,174.74449699444935,farthest,2.1246375298496076,311.4173412322998,3
10.903823314759443,False,1.1112102990434145,True,19.772486369953576,0000002.txt,ob_0000010,True,177.2330664742857,farthest,4.38999475019533,343.64891052246094,3
12.58025963770606,False,7.061821229778406,False,19.772486369953576,0000003.txt,ob_0000010,True,176.42829666521453,farthest,6.501576142447198,279.63852882385254,3
7.760187252115935,False,4.4979865456125685,False,19.772486369953576,0000004.txt,ob_0000010,True,101.02298801741946,farthest,9.647317995706464,330.460786819458,3
0.38907954123440813,True,0.25461841858454953,True,19.772486369953576,0000005.txt,ob_0000010,True,2.0229589006864295,farthest,0.3361741910050752,289.3965244293213,3
10.40275411025668,False,0.7551646091372879,True,19.772486369953576,0000006.txt,ob_0000010,True,170.55733928829545,farthest,1.57283995422648,267.7950859069824,3
4.302756976831443,False,1.078704087759559,True,19.772486369953576,0000007.txt,ob_0000010,True,74.41081294326084,farthest,3.602322889076348,259.42325592041016,3
0.8014876048665092,True,0.25953496544141336,True,19.772486369953576,0000008.txt,ob_0000010,True,5.489926022281406,farthest,0.5377615022951718,256.96253776550293,3
11.999020336845287,False,4.1492962989525255,False,19.772486369953576,0000009.txt,ob_0000010,True,171.57542482324286,farthest,5.850836440511597,258.82530212402344,3
0.36734849043445106,True,0.18463034685316326,True,19.772486369953576,0000010.txt,ob_0000010,True,4.130343830030717,farthest,0.27131293916028154,254.20355796813965,3
3.686775582938974,False,1.2151466545409428,True,19.772486369953576,0000011.txt,ob_0000010,True,110.56113996938662,farthest,4.279388913728866,252.25162506103516,3
0.6592799888932236,True,0.23897093214811996,True,19.772486369953576,0000012.txt,ob_0000010,True,4.7949108866133265,farthest,0.45627186052585095,280.66086769104004,3
8.1881135504671,False,4.154211802046064,False,19.772486369953576,0000013.txt,ob_0000010,True,106.63750335718139,farthest,5.5340075555049335,258.9139938354492,3
10.40666792892952,False,0.6759562595512113,True,19.772486369953576,0000014.txt,ob_0000010,True,172.49126727595652,farthest,2.5360122576591726,256.24966621398926,3
7.716877716839904,False,5.618664699733023,False,19.772486369953576,0000015.txt,ob_0000010,True,65.76501329594296,farthest,5.588577851056586,296.1239814758301,3
6.329673077199494,False,4.015304423090116,False,19.772486369953576,0000000.txt,ob_0000010,True,58.60594423598684,farthest,5.370154729279399,372.58338928222656,5
10.494075473683505,False,0.4096687414079926,True,19.772486369953576,0000001.txt,ob_0000010,True,179.42284102761084,farthest,1.2670132165730477,267.0331001281738,5
0.7241279715793698,True,0.29660127984910006,True,19.772486369953576,0000002.txt,ob_0000010,True,19.342395645524956,farthest,0.6798018083775899,282.84716606140137,5
12.570102015732607,False,9.525567565298596,False,19.772486369953576,0000003.txt,ob_0000010,True,137.90037697327628,farthest,8.908408885222123,273.8456726074219,5
0.2617209435838805,True,0.19609480725838843,True,19.772486369953576,0000004.txt,ob_0000010,True,2.4145716336800818,farthest,0.2724987069327755,252.25472450256348,5
0.38474439171099634,True,0.25237180698154665,True,19.772486369953576,0000005.txt,ob_0000010,True,1.9621683073939842,farthest,0.33564501232416516,261.9321346282959,5
10.371237609836411,False,0.5567721812421915,True,19.772486369953576,0000006.txt,ob_0000010,True,176.92422135507138,farthest,1.8792952849332005,308.1502914428711,5
4.304136732387936,False,1.0813434456179465,True,19.772486369953576,0000007.txt,ob_0000010,True,74.50182873495682,farthest,3.596949620067197,260.4389190673828,5
0.1454287012311826,True,0.11528099028356936,True,19.772486369953576,0000008.txt,ob_0000010,True,2.5164936473258352,farthest,0.13386275783310536,251.22690200805664,5
10.409417581672482,False,0.37531088325545137,True,19.772486369953576,0000009.txt,ob_0000010,True,177.05867374631077,farthest,0.9542008196448073,281.9991111755371,5
0.42077285090905425,True,0.19375979612951325,True,19.772486369953576,0000010.txt,ob_0000010,True,5.057919441473489,farthest,0.28870814062206035,301.15270614624023,5
3.6792948884913357,False,1.2115599760819231,True,19.772486369953576,0000011.txt,ob_0000010,True,110.39656080028695,farthest,4.2670380122120415,261.7664337158203,5
0.6531583248564959,True,0.24263218983815374,True,19.772486369953576,0000012.txt,ob_0000010,True,4.578146191155544,farthest,0.4410821838963971,235.38541793823242,5
11.385958243725055,False,2.342569877436655,False,19.772486369953576,0000013.txt,ob_0000010,True,177.17896396451272,farthest,3.3333140039886127,245.91851234436035,5
10.403865707834893,False,0.6830283552300684,True,19.772486369953576,0000014.txt,ob_0000010,True,172.19406326835363,farthest,2.5547401368528893,251.4498233795166,5
12.60608525848641,False,9.425562670681526,False,19.772486369953576,0000015.txt,ob_0000010,True,100.4744109798077,farthest,8.39183362726412,272.8092670440674,5
10.465340492352482,False,0.39873165056733895,True,19.772486369953576,0000000.txt,ob_0000010,True,176.96368847376493,farthest,1.3875040387130193,345.9343910217285,10
0.8808022651423237,True,0.3943174529141071,True,19.772486369953576,0000001.txt,ob_0000010,True,23.00443207956184,farthest,0.9545921947547362,320.7240104675293,10
0.7241279715793698,True,0.29660127984910006,True,19.772486369953576,0000002.txt,ob_0000010,True,19.342395645524956,farthest,0.6798018083775899,325.0405788421631,10
12.911277988601116,False,8.394282497689892,False,19.772486369953576,0000003.txt,ob_0000010,True,101.67025530935625,farthest,10.077143867059474,307.3606491088867,10
0.2617209435838805,True,0.19609480725838843,True,19.772486369953576,0000004.txt,ob_0000010,True,2.4145716336800818,farthest,0.2724987069327755,323.9905834197998,10
0.38474439171099634,True,0.25237180698154665,True,19.772486369953576,0000005.txt,ob_0000010,True,1.9621683073939842,farthest,0.33564501232416516,348.36316108703613,10
0.7844424159621395,True,0.4279264456757256,True,19.772486369953576,0000006.txt,ob_0000010,True,16.012617302554965,farthest,0.439707617202298,342.95129776000977,10
0.5154906359819679,True,0.21243711856862665,True,19.772486369953576,0000007.txt,ob_0000010,True,5.674674087750727,farthest,0.3497749575244974,320.50061225891113,10
0.1454287012311826,True,0.11528099028356936,True,19.772486369953576,0000008.txt,ob_0000010,True,2.5164936473258352,farthest,0.13386275783310536,314.44311141967773,10
0.34728567081790207,True,0.2133027802430256,True,19.772486369953576,0000009.txt,ob_0000010,True,3.453248674076078,farthest,0.16486367420970358,359.7731590270996,10
0.42077285090905425,True,0.19375979612951325,True,19.772486369953576,0000010.txt,ob_0000010,True,5.057919441473489,farthest,0.28870814062206035,324.4292736053467,10
3.6792948884913357,False,1.2115599760819231,True,19.772486369953576,0000011.txt,ob_0000010,True,110.39656080028695,farthest,4.2670380122120415,315.57416915893555,10
0.6531583248564959,True,0.24263218983815374,True,19.772486369953576,0000012.txt,ob_0000010,True,4.578146191155544,farthest,0.4410821838963971,316.15209579467773,10
0.40752812973090907,True,0.2161088572149261,True,19.772486369953576,0000013.txt,ob_0000010,True,4.384911623713477,farthest,0.34703698463706245,311.01441383361816,10
10.403865707834893,False,0.6830283552300684,True,19.772486369953576,0000014.txt,ob_0000010,True,172.19406326835363,farthest,2.5547401368528893,318.59707832336426,10
0.7724847387885715,True,0.3493547600350201,True,19.772486369953576,0000015.txt,ob_0000010,True,19.57967657467671,farthest,1.0755192399699085,337.1093273162842,10
0.214445510834867,True,0.16455309392515716,True,19.772486369953576,0000000.txt,ob_0000010,True,2.167149538027796,farthest,0.1694853533697836,522.0229625701904,20
0.5894285011937267,True,0.2536175559502691,True,19.772486369953576,0000001.txt,ob_0000010,True,4.2126636897080925,farthest,0.33074388265384813,474.2257595062256,20
0.30127371679109993,True,0.16804949020117116,True,19.772486369953576,0000002.txt,ob_0000010,True,2.3048265433676214,farthest,0.171537382354409,491.44434928894043,20
0.1735938973311311,True,0.144101111927401,True,19.772486369953576,0000003.txt,ob_0000010,True,1.934430463489379,farthest,0.07635589273095433,458.05907249450684,20
0.265809995887449,True,0.19915009875632636,True,19.772486369953576,0000004.txt,ob_0000010,True,2.4794164304801662,farthest,0.27500696013658843,467.49019622802734,20
0.38586869909009947,True,0.2531140733769346,True,19.772486369953576,0000005.txt,ob_0000010,True,1.955344342648493,farthest,0.33505892156924405,456.939697265625,20
0.731984834251464,True,0.40383208495916023,True,19.772486369953576,0000006.txt,ob_0000010,True,6.002286123825632,farthest,0.5926320365264743,462.07380294799805,20
0.5034763607532633,True,0.21052160421508606,True,19.772486369953576,0000007.txt,ob_0000010,True,5.4546971066328975,farthest,0.34402757053026534,470.5390930175781,20
0.1511706389539764,True,0.11804284980811384,True,19.772486369953576,0000008.txt,ob_0000010,True,2.6328433785199197,farthest,0.13669979066392648,487.0309829711914,20
0.3492331937099259,True,0.21372579433963731,True,19.772486369953576,0000009.txt,ob_0000010,True,3.485764541370702,farthest,0.1660224610752946,536.2131595611572,20
0.3304576504477366,True,0.17195534675044932,True,19.772486369953576,0000010.txt,ob_0000010,True,4.20992683202089,farthest,0.23570684337720282,508.61310958862305,20
0.4656048945088082,True,0.2686754048016701,True,19.772486369953576,0000011.txt,ob_0000010,True,11.287805501057528,farthest,0.21924177925615487,478.14035415649414,20
0.5991402339674329,True,0.23595365854158293,True,19.772486369953576,0000012.txt,ob_0000010,True,4.441902363888791,farthest,0.4149641615638432,468.8692092895508,20
0.369968316963069,True,0.20608912980747385,True,19.772486369953576,0000013.txt,ob_0000010,True,3.476720490200768,farthest,0.31452945426446915,475.5697250366211,20
0.5940379776919212,True,0.3709538110630732,True,19.772486369953576,0000014.txt,ob_0000010,True,5.03217998777959,farthest,0.5234519278496297,463.2842540740967,20
0.2501350809042637,True,0.17260270858566676,True,19.772486369953576,0000015.txt,ob_0000010,True,2.365652673538736,farthest,0.14718246583425357,475.87013244628906,20
0.214445510834867,True,0.16455309392515716,True,19.772486369953576,0000000.txt,ob_0000010,True,2.167149538027796,farthest,0.1694853533697836,991.7693138122559,50
0.5066233709266688,True,0.2766614341992194,True,19.772486369953576,0000001.txt,ob_0000010,True,8.054515753770325,farthest,0.46853233504598,1001.0132789611816,50
0.4811047462399169,True,0.19695828246418529,True,19.772486369953576,0000002.txt,ob_0000010,True,3.685453481542173,farthest,0.2522161725814102,994.5385456085205,50
0.1850451183387861,True,0.14646568424619716,True,19.772486369953576,0000003.txt,ob_0000010,True,0.8318585106232448,farthest,0.17832482946549646,985.8417510986328,50
0.13771580206113362,True,0.1199939920916654,True,19.772486369953576,0000004.txt,ob_0000010,True,1.1464475740803035,farthest,0.10734186520172843,983.2303524017334,50
0.38586869909009947,True,0.2531140733769346,True,19.772486369953576,0000005.txt,ob_0000010,True,1.955344342648493,farthest,0.33505892156924405,1000.7200241088867,50
0.7200401469943821,True,0.4024443849566415,True,19.772486369953576,0000006.txt,ob_0000010,True,7.715784681672548,farthest,0.5398201056455447,978.1041145324707,50
0.2412268438245622,True,0.1681394913230426,True,19.772486369953576,0000007.txt,ob_0000010,True,3.0236580188426587,farthest,0.2639071499121179,980.5853366851807,50
0.1511706389539764,True,0.11804284980811384,True,19.772486369953576,0000008.txt,ob_0000010,True,2.6328433785199197,farthest,0.13669979066392648,1005.5475234985352,50
0.3276266486454143,True,0.20075959594014714,True,19.772486369953576,0000009.txt,ob_0000010,True,2.6728709338921726,farthest,0.15807482779816298,983.4492206573486,50
0.382441043733183,True,0.1883794606731253,True,19.772486369953576,0000010.txt,ob_0000010,True,4.217849818453935,farthest,0.2840051506682122,967.9460525512695,50
0.4656048945088082,True,0.2686754048016701,True,19.772486369953576,0000011.txt,ob_0000010,True,11.287805501057528,farthest,0.21924177925615487,1001.192569732666,50
0.5991402339674329,True,0.23595365854158293,True,19.772486369953576,0000012.txt,ob_0000010,True,4.441902363888791,farthest,0.4149641615638432,981.675386428833,50
0.4068479248535456,True,0.21631682304283417,True,19.772486369953576,0000013.txt,ob_0000010,True,4.396146968302582,farthest,0.33051416979955045,994.8000907897949,50
0.5940379776919212,True,0.3709538110630732,True,19.772486369953576,0000014.txt,ob_0000010,True,5.03217998777959,farthest,0.5234519278496297,984.1606616973877,50
0.2501350809042637,True,0.17260270858566676,True,19.772486369953576,0000015.txt,ob_0000010,True,2.365652673538736,farthest,0.14718246583425357,1008.6140632629395,50
19.207574163867836,False,1.6046348405680004,True,25.953406017322656,0000000.txt,ob_0000011,True,179.03611329802567,random,2.162676561731442,311.1252784729004,1
19.386754120611933,False,4.326185950672878,False,25.953406017322656,0000001.txt,ob_0000011,True,170.55494233661804,random,6.560814503063095,266.6211128234863,1
18.65101338285974,False,6.455308274083928,False,25.953406017322656,0000002.txt,ob_0000011,True,141.39741958022586,random,11.063218310773003,264.0204429626465,1
17.01517457908708,False,1.3071548457476103,True,25.953406017322656,0000003.txt,ob_0000011,True,173.88392504060647,random,0.5481490040212618,249.30429458618164,1
8.445811355557579,False,2.8185083990765953,False,25.953406017322656,0000004.txt,ob_0000011,True,68.33071363210242,random,6.680504013147297,248.66652488708496,1
22.939479636467585,False,9.94775315301814,False,25.953406017322656,0000005.txt,ob_0000011,True,123.56755471319536,random,17.281521097081416,258.681058883667,1
19.947746819512975,False,10.673195743165564,False,25.953406017322656,0000006.txt,ob_0000011,True,161.79306527606002,random,15.663813853170305,257.9326629638672,1
16.84716663591017,False,5.28451553753453,False,25.953406017322656,0000007.txt,ob_0000011,True,161.79824183459763,random,6.310975104048404,247.31874465942383,1
19.47853026355165,False,1.4216096212496154,True,25.953406017322656,0000008.txt,ob_0000011,True,174.65836741029923,random,1.773163093276835,249.0217685699463,1
0.7088716086546841,True,0.37664461660980597,True,25.953406017322656,0000009.txt,ob_0000011,True,6.624597439009627,random,0.18915230815791528,267.6584720611572,1
17.033317572376813,False,1.3201124437093428,True,25.953406017322656,0000010.txt,ob_0000011,True,176.8030786864536,random,0.5151496676217474,249.95946884155273,1
17.778849655597494,False,1.4724547809669342,True,25.953406017322656,0000011.txt,ob_0000011,True,171.60774250686103,random,0.7147876182360032,250.3969669342041,1
22.052391847985824,False,8.707215537988473,False,25.953406017322656,0000012.txt,ob_0000011,True,145.14377762120512,random,14.21232180481773,240.13662338256836,1
19.036722607318033,False,3.3560927809714154,False,25.953406017322656,0000013.txt,ob_0000011,True,168.5535010666687,random,5.988697443161094,263.2930278778076,1
25.870961658152993,False,13.683981035759581,False,25.953406017322656,0000014.txt,ob_0000011,True,146.26246457321244,random,18.082641953236607,244.42815780639648,1
17.62563875784905,False,7.159403866454952,False,25.953406017322656,0000015.txt,ob_0000011,True,110.37321376481503,random,14.295239922156004,241.38593673706055,1
22.031061146504648,False,10.63880996608278,False,25.953406017322656,0000000.txt,ob_0000011,True,121.10452550686142,random,17.276984227167862,265.84506034851074,3
11.804199032704348,False,1.0617944454517556,True,25.953406017322656,0000001.txt,ob_0000011,True,139.72673980484123,random,2.1212025961898235,326.3876438140869,3
1.0351547098717573,True,0.45410309347440725,True,25.953406017322656,0000002.txt,ob_0000011,True,9.571175193779096,random,0.10139897195592866,302.4919033050537,3
12.559261457139757,False,4.934466736879081,False,25.953406017322656,0000003.txt,ob_0000011,True,75.21332299121663,random,10.849825519701326,293.2848930358887,3
18.048224801162423,False,1.3963716726679736,True,25.953406017322656,0000004.txt,ob_0000011,True,176.12332724545564,random,0.5444792643479356,277.6658535003662,3
23.021623770570077,False,12.461073926639198,False,25.953406017322656,0000005.txt,ob_0000011,True,126.83032871437581,random,14.689401818113094,259.96994972229004,3
16.876101229689695,False,1.3091914459388339,True,25.953406017322656,0000006.txt,ob_0000011,True,177.86913815042232,random,0.6700938183581542,254.15277481079102,3
19.17935539600034,False,1.538566125961884,True,25.953406017322656,0000007.txt,ob_0000011,True,173.77261902891124,random,1.20152542239608,281.7857265472412,3
12.250127786309838,False,1.0190230059955867,True,25.953406017322656,0000008.txt,ob_0000011,True,163.0447113984416,random,1.681794174930657,255.38063049316406,3
12.200027397770535,False,0.9697166205552986,True,25.953406017322656,0000009.txt,ob_0000011,True,153.53952699749374,random,2.054894793849546,262.8016471862793,3
19.04045450876771,False,1.6393740128099772,True,25.953406017322656,0000010.txt,ob_0000011,True,171.82973237980147,random,1.8917308129222277,251.97720527648926,3
14.292125046598992,False,4.845324070689693,False,25.953406017322656,0000011.txt,ob_0000011,True,79.39542079504776,random,11.130513421073939,245.44334411621094,3
7.353205818051252,False,1.0372877218881065,True,25.953406017322656,0000012.txt,ob_0000011,True,71.45468558029326,random,1.3744044240615225,253.07345390319824,3
16.808375359790382,False,1.4442685608665222,True,25.953406017322656,0000013.txt,ob_0000011,True,178.20815229206562,random,0.8950363346998443,323.1022357940674,3
19.085575217244966,False,8.055467481714908,False,25.953406017322656,0000014.txt,ob_0000011,True,124.0185656172378,random,10.759967894428858,288.8646125793457,3
8.006930367688287,False,1.07650315704407,True,25.953406017322656,0000015.txt,ob_0000011,True,79.07057277559582,random,1.4935556036888322,283.7967872619629,3
12.279198736914967,False,0.9562716726737357,True,25.953406017322656,0000000.txt,ob_0000011,True,157.35278751323742,random,2.043337843160092,398.2234001159668,5
11.810450166444099,False,1.0373870176396853,True,25.953406017322656,0000001.txt,ob_0000011,True,141.3864553514443,random,1.958132543844815,278.8712978363037,5
10.671194442315473,False,1.0328173498325222,True,25.953406017322656,0000002.txt,ob_0000011,True,116.27060144838809,random,1.9147183208974277,282.1848392486572,5
16.013133714363548,False,6.937890029088523,False,25.953406017322656,0000003.txt,ob_0000011,True,75.72490666368938,random,9.232623618525725,272.2156047821045,5
9.292643706383274,False,1.0576981705692263,True,25.953406017322656,0000004.txt,ob_0000011,True,94.90822684668348,random,1.7411369794200868,259.0808868408203,5
12.466444595277991,False,0.8780250068747367,True,25.953406017322656,0000005.txt,ob_0000011,True,174.29455607754304,random,1.952213891348908,265.22183418273926,5
18.758876489879324,False,1.5469591034606074,True,25.953406017322656,0000006.txt,ob_0000011,True,179.74799322473413,random,1.4382138481007558,249.93252754211426,5
0.30786708132011154,True,0.2525624171087011,True,25.953406017322656,0000007.txt,ob_0000011,True,1.9092310908097294,random,0.24240757678660307,255.69891929626465,5
4.970029171700747,False,1.0280154597466447,True,25.953406017322656,0000008.txt,ob_0000011,True,46.86382411671936,random,0.8198788630701895,253.50451469421387,5
0.7237716176133813,True,0.38180680936114586,True,25.953406017322656,0000009.txt,ob_0000011,True,6.769685223616721,random,0.19716020413628263,298.5079288482666,5
23.248113453769644,False,12.87759069828039,False,25.953406017322656,0000010.txt,ob_0000011,True,96.49793438052217,random,18.735777648019763,269.26136016845703,5
18.447574376081274,False,1.7102789015480575,True,25.953406017322656,0000011.txt,ob_0000011,True,173.3961872394588,random,1.61781228188882,297.3484992980957,5
17.891515021050942,False,4.361049995969637,False,25.953406017322656,0000012.txt,ob_0000011,True,149.03017668512092,random,11.193718864540852,284.2822074890137,5
16.940064955520167,False,1.549762346973358,True,25.953406017322656,0000013.txt,ob_0000011,True,176.22646295425517,random,0.7462916352753323,279.36792373657227,5
20.338046023374137,False,7.97361185708991,False,25.953406017322656,0000014.txt,ob_0000011,True,140.8096758071764,random,10.994181966241534,254.43458557128906,5
0.25632786336343416,True,0.21547004336139366,True,25.953406017322656,0000015.txt,ob_0000011,True,1.8533752818199558,random,0.16657908051473308,282.2401523590088,5
19.448204868433,False,1.559808033334364,True,25.953406017322656,0000000.txt,ob_0000011,True,179.03842257229505,random,2.127001288136991,361.9072437286377,10
11.774172064263537,False,1.1208102205016677,True,25.953406017322656,0000001.txt,ob_0000011,True,138.3997694555666,random,2.170762866937161,431.63514137268066,10
1.017861489398399,True,0.44774362307986343,True,25.953406017322656,0000002.txt,ob_0000011,True,9.384470128223848,random,0.10511248255797652,324.1763114929199,10
16.145601216129382,False,7.060627973296279,False,25.953406017322656,0000003.txt,ob_0000011,True,76.39906920128412,random,9.179138313381301,359.67159271240234,10
0.2855378101380212,True,0.23793013485368433,True,25.953406017322656,0000004.txt,ob_0000011,True,1.6258442470791448,random,0.18561855050169745,319.87977027893066,10
20.147119707485746,False,8.282017970859766,False,25.953406017322656,0000005.txt,ob_0000011,True,134.0326153071482,random,11.276670836313933,324.15056228637695,10
18.428584917364805,False,1.507144981835461,True,25.953406017322656,0000006.txt,ob_0000011,True,178.11207799922636,random,1.2623251187717384,338.96589279174805,10
0.31245393470372396,True,0.2576074219767037,True,25.953406017322656,0000007.txt,ob_0000011,True,2.0403110462473237,random,0.25021774726686025,317.97289848327637,10
3.1937554744575194,False,0.9747728547859442,True,25.953406017322656,0000008.txt,ob_0000011,True,29.702872037548165,random,0.48162684841274434,311.92469596862793,10
11.768734108045347,False,1.0174281083622898,True,25.953406017322656,0000009.txt,ob_0000011,True,139.65859682900106,random,2.0141619189754856,314.72015380859375,10
19.618856337123287,False,1.658627124043451,True,25.953406017322656,0000010.txt,ob_0000011,True,173.63071335849617,random,2.294139466879153,327.78358459472656,10
7.064282505333401,False,1.0094485429223448,True,25.953406017322656,0000011.txt,ob_0000011,True,68.19372184554769,random,1.4118413569931316,311.87987327575684,10
12.119715258641497,False,1.0060371430148873,True,25.953406017322656,0000012.txt,ob_0000011,True,150.85860523587806,random,2.059775398568782,317.655086517334,10
12.491857191451034,False,0.8658505365682563,True,25.953406017322656,0000013.txt,ob_0000011,True,177.0854641364258,random,1.9492032804901356,328.10091972351074,10
16.80421413069468,False,1.2365363661155324,True,25.953406017322656,0000014.txt,ob_0000011,True,175.1574558100817,random,0.49037596076146484,316.8373107910156,10
8.296273666166682,False,1.0431645153434068,True,25.953406017322656,0000015.txt,ob_0000011,True,82.55641314543348,random,1.5284898661892297,306.94079399108887,10
17.528299626908627,False,1.5178166518441571,True,25.953406017322656,0000000.txt,ob_0000011,True,175.87557124480708,random,0.9768233769631427,476.776123046875,20
0.24030429998540864,True,0.20745019967177736,True,25.953406017322656,0000001.txt,ob_0000011,True,1.4299822978507715,random,0.16514388344991124,470.61991691589355,20
5.846691252105485,False,1.0439692863541035,True,25.953406017322656,0000002.txt,ob_0000011,True,55.63100075954075,random,0.9894139809141098,470.8566665649414,20
9.745219849998731,False,0.9913044124286405,True,25.953406017322656,0000003.txt,ob_0000011,True,101.72441792761741,random,1.7587567171770437,512.6063823699951,20
0.3626745363765934,True,0.28740999979522736,True,25.953406017322656,0000004.txt,ob_0000011,True,2.4610904732120193,random,0.2807926260815359,453.399658203125,20
0.49984480455660146,True,0.3351889073661228,True,25.953406017322656,0000005.txt,ob_0000011,True,3.933340668996853,random,0.20269057436073354,470.8106517791748,20
3.905943380083326,False,1.103732097535642,True,25.953406017322656,0000006.txt,ob_0000011,True,35.79921941835553,random,0.8792167676262379,455.70993423461914,20
2.1650416436525712,True,0.8356780567464077,True,25.953406017322656,0000007.txt,ob_0000011,True,19.552883949283753,random,0.5521179427133015,461.9011878967285,20
4.061928043937995,False,1.0321781111066481,True,25.953406017322656,0000008.txt,ob_0000011,True,37.77956846468581,random,0.6996252484303215,461.8573188781738,20
11.81843580454788,False,1.019918747869273,True,25.953406017322656,0000009.txt,ob_0000011,True,141.04463267906038,random,2.0283990784163817,462.31889724731445,20
12.423159471700725,False,0.911443742694088,True,25.953406017322656,0000010.txt,ob_0000011,True,165.03684585194776,random,2.096460583900962,479.65049743652344,20
0.37794539236218905,True,0.2948534182491137,True,25.953406017322656,0000011.txt,ob_0000011,True,2.4353655357443666,random,0.35894508089825844,480.98182678222656,20
0.4827952585504575,True,0.32749400601628537,True,25.953406017322656,0000012.txt,ob_0000011,True,3.4862095893135714,random,0.14544243967376777,475.53372383117676,20
17.627073225281887,False,1.675579186720777,True,25.953406017322656,0000013.txt,ob_0000011,True,178.666623077054,random,0.8817821120176607,455.7986259460449,20
0.6930464772470734,True,0.39956442121870195,True,25.953406017322656,0000014.txt,ob_0000011,True,5.842805279907515,random,0.26926732901029776,498.65198135375977,20
0.26302405557457853,True,0.2194611636417098,True,25.953406017322656,0000015.txt,ob_0000011,True,1.9085543059081065,random,0.16822391275232476,458.8172435760498,20
0.18027436700977512,True,0.16240498300434006,True,25.953406017322656,0000000.txt,ob_0000011,True,0.9590692743624571,random,0.08701215688057765,985.3661060333252,50
0.5218849976414994,True,0.3577176370237911,True,25.953406017322656,0000001.txt,ob_0000011,True,4.042276512215834,random,0.21401927203083004,1009.4125270843506,50
5.851654878222157,False,1.043854315438318,True,25.953406017322656,0000002.txt,ob_0000011,True,55.68709756887262,random,0.989050799576942,1015.2590274810791,50
0.3995973464091395,True,0.2878972826347509,True,25.953406017322656,0000003.txt,ob_0000011,True,2.4325309507403094,random,0.2163449356117026,1015.4449939727783,50
0.3113745609907879,True,0.2647625794022623,True,25.953406017322656,0000004.txt,ob_0000011,True,1.4071546926453369,random,0.27433311336693833,994.7245121002197,50
0.4919691452385684,True,0.3322938644048991,True,25.953406017322656,0000005.txt,ob_0000011,True,3.922838267425713,random,0.16843205800403618,1021.3117599487305,50
4.6728815774222765,False,1.0771581403205865,True,25.953406017322656,0000006.txt,ob_0000011,True,43.076438284326265,random,1.0319414949587649,1046.415090560913,50
0.2863671026242459,True,0.24081404246660362,True,25.953406017322656,0000007.txt,ob_0000011,True,1.7140004313546897,random,0.232224962508609,1027.7979373931885,50
3.85140841179303,False,1.0194682560617756,True,25.953406017322656,0000008.txt,ob_0000011,True,35.83238668813403,random,0.6416093814538387,1036.543607711792,50
0.7348997130572261,True,0.3811876421237649,True,25.953406017322656,0000009.txt,ob_0000011,True,6.899514813190292,random,0.18934513734682076,1022.8762626647949,50
0.2719993143363141,True,0.22355292794974582,True,25.953406017322656,0000010.txt,ob_0000011,True,1.5342665140427487,random,0.14707266931972576,1021.0638046264648,50
0.37706051119125183,True,0.29801418928706797,True,25.953406017322656,0000011.txt,ob_0000011,True,2.329382925073047,random,0.36217067999559205,1035.6595516204834,50
0.5085085332269657,True,0.34212153739884954,True,25.953406017322656,0000012.txt,ob_0000011,True,3.5754737206897254,random,0.16798707753679862,1028.106927871704,50
0.28742424581587134,True,0.22213838033267372,True,25.953406017322656,0000013.txt,ob_0000011,True,2.2598097805280184,random,0.128117365449769,1021.6178894042969,50
0.7452567057518541,True,0.4006837449570519,True,25.953406017322656,0000014.txt,ob_0000011,True,6.564246832795855,random,0.2481641151990547,1020.221471786499,50
0.2446640513673699,True,0.20857760492967894,True,25.953406017322656,0000015.txt,ob_0000011,True,1.7773681864892785,random,0.1625266618837947,1023.6856937408447,50
22.887778899859352,False,13.113171743156867,False,25.953406017322656,0000000.txt,ob_0000011,True,126.35855586657745,farthest,15.268287040686262,298.95544052124023,1
20.049766291867773,False,9.972917465817217,False,25.953406017322656,0000001.txt,ob_0000011,True,112.74213172714757,farthest,12.237826208998502,284.3749523162842,1
19.109637845530475,False,1.6888433671116334,True,25.953406017322656,0000002.txt,ob_0000011,True,172.4133282163274,farthest,1.9624158433869467,305.28831481933594,1
20.68880248324855,False,8.668643310922736,False,25.953406017322656,0000003.txt,ob_0000011,True,149.56541473050282,farthest,12.370921235946657,277.99320220947266,1
20.35268100220748,False,7.784493009050402,False,25.953406017322656,0000004.txt,ob_0000011,True,117.97682877214582,farthest,10.701950090188493,227.43511199951172,1
24.01870239402913,False,12.696084704246752,False,25.953406017322656,0000005.txt,ob_0000011,True,114.2665986131913,farthest,16.752315805254618,236.70220375061035,1
19.5254121459202,False,10.9165585579422,False,25.953406017322656,0000006.txt,ob_0000011,True,101.2523867864731,farthest,14.983246299826103,270.1416015625,1
12.835842540161801,False,2.9935591911276314,False,25.953406017322656,0000007.txt,ob_0000011,True,92.6594560252762,farthest,6.13491490783933,253.32140922546387,1
22.024710699774996,False,11.827132957159785,False,25.953406017322656,0000008.txt,ob_0000011,True,90.83106784041937,farthest,17.77878184490565,233.1066131591797,1
19.185582166396415,False,1.7392023499246432,True,25.953406017322656,0000009.txt,ob_0000011,True,173.7115067980147,farthest,2.067635615735554,247.70402908325195,1
21.706763392962,False,10.371850455244545,False,25.953406017322656,0000010.txt,ob_0000011,True,145.03111511468944,farthest,13.214031286272968,244.32682991027832,1
22.74749405002931,False,11.962795714470124,False,25.953406017322656,0000011.txt,ob_0000011,True,117.44347593445006,farthest,16.26063834448079,245.17059326171875,1
25.348942895449678,False,13.645991092482404,False,25.953406017322656,0000012.txt,ob_0000011,True,155.16180975075005,farthest,19.987194857468275,224.1213321685791,1
12.785892740013283,False,5.415323157530594,False,25.953406017322656,0000013.txt,ob_0000011,True,53.169772632772485,farthest,8.132046715891626,247.47323989868164,1
25.78135208036954,False,13.436900438871726,False,25.953406017322656,0000014.txt,ob_0000011,True,154.0643601462548,farthest,17.999171496890686,272.7680206298828,1
21.767865586707764,False,10.182248474489636,False,25.953406017322656,0000015.txt,ob_0000011,True,142.54519246740617,farthest,16.390915031944502,295.6857681274414,1
22.611500392397506,False,11.699181512168108,False,25.953406017322656,0000000.txt,ob_0000011,True,104.55822450740203,farthest,18.107482189967396,323.596715927124,3
20.085253151605816,False,10.021500028658952,False,25.953406017322656,0000001.txt,ob_0000011,True,113.34109147428065,farthest,12.28301141586555,303.67588996887207,3
5.854114383505942,False,1.042591310190189,True,25.953406017322656,0000002.txt,ob_0000011,True,55.733416272174686,farthest,0.985125177797721,276.2870788574219,3
20.732904875579194,False,8.748698228567314,False,25.953406017322656,0000003.txt,ob_0000011,True,149.4181813988418,farthest,12.44019396480739,274.4467258453369,3
18.594042518205388,False,6.726474779698043,False,25.953406017322656,0000004.txt,ob_0000011,True,169.95086626564515,farthest,12.77438784321003,248.06642532348633,3
20.482026232499337,False,7.865828329225533,False,25.953406017322656,0000005.txt,ob_0000011,True,163.59303393550016,farthest,15.110527910844407,246.1833953857422,3
19.57900658525403,False,10.998031852956672,False,25.953406017322656,0000006.txt,ob_0000011,True,100.21126029489344,farthest,15.052545720480232,260.3111267089844,3
18.198218398427947,False,7.6399471401857895,False,25.953406017322656,0000007.txt,ob_0000011,True,134.91866057499558,farthest,9.37869433317766,248.8093376159668,3
19.68430847841293,False,9.642709616612716,False,25.953406017322656,0000008.txt,ob_0000011,True,136.17904705463548,farthest,16.6813707007669,237.39266395568848,3
0.7188787070403013,True,0.38108458856432403,True,25.953406017322656,0000009.txt,ob_0000011,True,6.689272836482614,farthest,0.20160702905027014,246.88315391540527,3
21.736834184368085,False,11.939690015436542,False,25.953406017322656,0000010.txt,ob_0000011,True,103.78841554196339,farthest,17.081821879042156,243.00718307495117,3
18.299258418280694,False,8.003870495746073,False,25.953406017322656,0000011.txt,ob_0000011,True,177.34609787018553,farthest,13.497738978097942,307.9190254211426,3
24.236824094342918,False,13.42998244880868,False,25.953406017322656,0000012.txt,ob_0000011,True,98.76102074150043,farthest,20.845918396707038,292.4673557281494,3
18.406036020683615,False,2.9680110151104,False,25.953406017322656,0000013.txt,ob_0000011,True,135.17969217506888,farthest,6.6766058601285305,260.7920169830322,3
24.7495891346431,False,15.873052782988625,False,25.953406017322656,0000014.txt,ob_0000011,True,89.0178380221677,farthest,19.27303955988002,259.76014137268066,3
23.57357206449975,False,11.695540922355084,False,25.953406017322656,0000015.txt,ob_0000011,True,144.57196354151654,farthest,19.602504373246948,277.42981910705566,3
12.51032619429924,False,0.9679948879770439,True,25.953406017322656,0000000.txt,ob_0000011,True,171.66319429234719,farthest,2.0780355621500926,376.5590190887451,5
12.53699304615908,False,0.9278590640271376,True,25.953406017322656,0000001.txt,ob_0000011,True,179.53466863374936,farthest,2.1427694834409463,295.32933235168457,5
5.85420891420568,False,1.0428920314380676,True,25.953406017322656,0000002.txt,ob_0000011,True,55.73490153132703,farthest,0.985140555816356,302.203893661499,5
3.040731113370497,False,0.9756939299894256,True,25.953406017322656,0000003.txt,ob_0000011,True,27.35956486071,farthest,0.75322168433913,264.2822265625,5
18.54197909974906,False,6.681268285330651,False,25.953406017322656,0000004.txt,ob_0000011,True,169.32214649551136,farthest,12.647924299076275,252.3062229156494,5
0.4985970896021433,True,0.33461895980536865,True,25.953406017322656,0000005.txt,ob_0000011,True,3.935300890290098,farthest,0.19361639173544445,246.5660572052002,5
12.24541011632715,False,0.9556978240562064,True,25.953406017322656,0000006.txt,ob_0000011,True,156.67305380086464,farthest,2.0443395818164887,262.24827766418457,5
0.20394121573900492,True,0.17755041021485732,True,25.953406017322656,0000007.txt,ob_0000011,True,1.2922637698551926,farthest,0.14148884158068034,242.7961826324463,5
12.491748868589013,False,0.8894500916674005,True,25.953406017322656,0000008.txt,ob_0000011,True,170.01434685335877,farthest,2.199921213935956,247.53427505493164,5
0.7256669359463555,True,0.38309783363485433,True,25.953406017322656,0000009.txt,ob_0000011,True,6.747988367588163,farthest,0.20125556673300055,266.2243843078613,5
0.2538897130600406,True,0.2101234328641063,True,25.953406017322656,0000010.txt,ob_0000011,True,1.3499300534207268,farthest,0.14436922644481573,261.7301940917969,5
0.4048192449932571,True,0.3158629656265749,True,25.953406017322656,0000011.txt,ob_0000011,True,2.5662547653460246,farthest,0.37981733647267013,267.35782623291016,5
0.4822058881861345,True,0.3388670762436283,True,25.953406017322656,0000012.txt,ob_0000011,True,3.2449963388491274,farthest,0.18835641036133943,242.00940132141113,5
18.3874479020545,False,2.959240332027972,False,25.953406017322656,0000013.txt,ob_0000011,True,134.95694183077921,farthest,6.6643305876841445,255.13100624084473,5
9.370197061411472,False,1.0701909957045947,True,25.953406017322656,0000014.txt,ob_0000011,True,95.76723796903802,farthest,1.7795614879084585,243.4713840484619,5
12.391374769478816,False,0.8933224458135522,True,25.953406017322656,0000015.txt,ob_0000011,True,166.5639341837747,farthest,1.9253545618723635,261.6150379180908,5
0.18005706409229472,True,0.15965089838428284,True,25.953406017322656,0000000.txt,ob_0000011,True,1.17293275723512,farthest,0.09278047060318564,377.96998023986816,10
12.53699304615908,False,0.9278590640271376,True,25.953406017322656,0000001.txt,ob_0000011,True,179.53466863374936,farthest,2.1427694834409463,324.5577812194824,10
5.85420891420568,False,1.0428920314380676,True,25.953406017322656,0000002.txt,ob_0000011,True,55.73490153132703,farthest,0.985140555816356,323.11344146728516,10
9.728033079641131,False,1.0008359919246703,True,25.953406017322656,0000003.txt,ob_0000011,True,101.35499492430563,farthest,1.8007506284714603,318.33934783935547,10
16.882372409385482,False,1.2859124319049378,True,25.953406017322656,0000004.txt,ob_0000011,True,172.314063284989,farthest,0.5414246572773288,314.6989345550537,10
0.4985970896021433,True,0.33461895980536865,True,25.953406017322656,0000005.txt,ob_0000011,True,3.935300890290098,farthest,0.19361639173544445,322.662353515625,10
0.6060150340975533,True,0.364040372462033,True,25.953406017322656,0000006.txt,ob_0000011,True,3.2811373977569462,farthest,0.3848604891976208,322.69811630249023,10
0.20394121573900492,True,0.17755041021485732,True,25.953406017322656,0000007.txt,ob_0000011,True,1.2922637698551926,farthest,0.14148884158068034,321.2311267852783,10
4.151419694679938,False,1.0231295578553539,True,25.953406017322656,0000008.txt,ob_0000011,True,38.67214505186613,farthest,0.71626738986968,317.781925201416,10
0.7256669359463555,True,0.38309783363485433,True,25.953406017322656,0000009.txt,ob_0000011,True,6.747988367588163,farthest,0.20125556673300055,327.96764373779297,10
0.2538897130600406,True,0.2101234328641063,True,25.953406017322656,0000010.txt,ob_0000011,True,1.3499300534207268,farthest,0.14436922644481573,328.963041305542,10
0.4048192449932571,True,0.3158629656265749,True,25.953406017322656,0000011.txt,ob_0000011,True,2.5662547653460246,farthest,0.37981733647267013,312.8783702850342,10
0.4822058881861345,True,0.3388670762436283,True,25.953406017322656,0000012.txt,ob_0000011,True,3.2449963388491274,farthest,0.18835641036133943,308.5920810699463,10
17.017411867271235,False,1.7131959706546969,True,25.953406017322656,0000013.txt,ob_0000011,True,176.54418417082752,farthest,0.792998732375793,313.0772113800049,10
5.58826201292133,False,1.0760339512903334,True,25.953406017322656,0000014.txt,ob_0000011,True,52.5868076273794,farthest,1.0354749314855587,314.0897750854492,10
0.255785761958535,True,0.2154841309083942,True,25.953406017322656,0000015.txt,ob_0000011,True,1.8545704607200302,farthest,0.1707526562430099,309.4465732574463,10
0.18027436700977512,True,0.16240498300434006,True,25.953406017322656,0000000.txt,ob_0000011,True,0.9590692743624571,farthest,0.08701215688057765,501.861572265625,20
12.53118196759139,False,0.9121658776207747,True,25.953406017322656,0000001.txt,ob_0000011,True,179.0555063840676,farthest,2.1211223641372925,493.59869956970215,20
5.852466361538124,False,1.0426910359631705,True,25.953406017322656,0000002.txt,ob_0000011,True,55.71581114083209,farthest,0.9851081110101146,482.9094409942627,20
0.4271093506614439,True,0.3069796743141787,True,25.953406017322656,0000003.txt,ob_0000011,True,2.601799455501052,farthest,0.2634114608262449,516.5238380432129,20
9.281677375094874,False,1.0072060700051648,True,25.953406017322656,0000004.txt,ob_0000011,True,95.29610507964168,farthest,1.6521142154633097,481.858491897583,20
0.4953860934741478,True,0.33282683732426355,True,25.953406017322656,0000005.txt,ob_0000011,True,3.91541601767297,farthest,0.19202278771761086,472.90539741516113,20
0.6053026966331304,True,0.36279443761924435,True,25.953406017322656,0000006.txt,ob_0000011,True,3.357158151076661,farthest,0.3810124735347238,490.5824661254883,20
0.21549094341733427,True,0.18664040708075358,True,25.953406017322656,0000007.txt,ob_0000011,True,1.2852137209198045,farthest,0.14789193834059472,480.0128936767578,20
4.061928043937995,False,1.0321781111066481,True,25.953406017322656,0000008.txt,ob_0000011,True,37.77956846468581,farthest,0.6996252484303215,476.26781463623047,20
0.7185858696926365,True,0.38098727747046823,True,25.953406017322656,0000009.txt,ob_0000011,True,6.686539041810626,farthest,0.20144134721230084,501.70302391052246,20
0.3489462053342892,True,0.26854567638959875,True,25.953406017322656,0000010.txt,ob_0000011,True,2.205977162535365,farthest,0.2249828889270634,491.75095558166504,20
0.42145211675140004,True,0.3214055256187329,True,25.953406017322656,0000011.txt,ob_0000011,True,2.7948311149301284,farthest,0.38347056745637176,498.2030391693115,20
0.5021214327362163,True,0.34497856304342484,True,25.953406017322656,0000012.txt,ob_0000011,True,3.359868560746053,farthest,0.18713917290870688,481.9450378417969,20
0.17594118519402957,True,0.15709722659567416,True,25.953406017322656,0000013.txt,ob_0000011,True,1.1428646971562966,farthest,0.08978686103827407,476.9260883331299,20
0.7850065181945328,True,0.4255743920097142,True,25.953406017322656,0000014.txt,ob_0000011,True,6.777722079194975,farthest,0.26999236980196056,471.4488983154297,20
0.2576140953577979,True,0.21626724912923145,True,25.953406017322656,0000015.txt,ob_0000011,True,1.8821632912353818,farthest,0.16727813052923363,478.959321975708,20
0.18027436700977512,True,0.16240498300434006,True,25.953406017322656,0000000.txt,ob_0000011,True,0.9590692743624571,farthest,0.08701215688057765,1033.1153869628906,50
12.53118196759139,False,0.9121658776207747,True,25.953406017322656,0000001.txt,ob_0000011,True,179.0555063840676,farthest,2.1211223641372925,1040.1349067687988,50
5.852466361538124,False,1.0426910359631705,True,25.953406017322656,0000002.txt,ob_0000011,True,55.71581114083209,farthest,0.9851081110101146,1014.2953395843506,50
0.42714166082369437,True,0.3069974941255986,True,25.953406017322656,0000003.txt,ob_0000011,True,2.600122424589275,farthest,0.26345958412051734,1018.6517238616943,50
0.3686697885762708,True,0.2905309656594653,True,25.953406017322656,0000004.txt,ob_0000011,True,2.529197074123791,farthest,0.28250996130368194,1003.2758712768555,50
0.4953860934741478,True,0.33282683732426355,True,25.953406017322656,0000005.txt,ob_0000011,True,3.91541601767297,farthest,0.19202278771761086,991.2190437316895,50
0.6053026966331304,True,0.36279443761924435,True,25.953406017322656,0000006.txt,ob_0000011,True,3.357158151076661,farthest,0.3810124735347238,1009.401798248291,50
0.21549094341733427,True,0.18664040708075358,True,25.953406017322656,0000007.txt,ob_0000011,True,1.2852137209198045,farthest,0.14789193834059472,1012.5174522399902,50
4.061928043937995,False,1.0321781111066481,True,25.953406017322656,0000008.txt,ob_0000011,True,37.77956846468581,farthest,0.6996252484303215,1013.7844085693359,50
0.7185858696926365,True,0.38098727747046823,True,25.953406017322656,0000009.txt,ob_0000011,True,6.686539041810626,farthest,0.20144134721230084,997.8406429290771,50
0.3489462053342892,True,0.26854567638959875,True,25.953406017322656,0000010.txt,ob_0000011,True,2.205977162535365,farthest,0.2249828889270634,1008.3568096160889,50
0.42145211675140004,True,0.3214055256187329,True,25.953406017322656,0000011.txt,ob_0000011,True,2.7948311149301284,farthest,0.38347056745637176,989.56298828125,50
0.5021214327362163,True,0.34497856304342484,True,25.953406017322656,0000012.txt,ob_0000011,True,3.359868560746053,farthest,0.18713917290870688,1017.9522037506104,50
0.17594118519402957,True,0.15709722659567416,True,25.953406017322656,0000013.txt,ob_0000011,True,1.1428646971562966,farthest,0.08978686103827407,1016.7078971862793,50
0.7849257567247973,True,0.42555067818530545,True,25.953406017322656,0000014.txt,ob_0000011,True,6.777110408233453,farthest,0.2699351277052385,1005.8064460754395,50
0.2576119482913507,True,0.21626963691784096,True,25.953406017322656,0000015.txt,ob_0000011,True,1.8823874377533407,farthest,0.16738676958771953,1030.9019088745117,50
15.499748335265547,False,1.6888587609401535,True,25.956604819005126,0000000.txt,ob_0000012,True,169.3699596443935,random,2.79800071184243,291.5928363800049,1
15.085721800585727,False,2.011983142432525,True,25.956604819005126,0000001.txt,ob_0000012,True,179.14044579835334,random,3.3492266065893888,250.93936920166016,1
4.118092711112514,False,2.153460059304358,True,25.956604819005126,0000002.txt,ob_0000012,True,41.57796558722354,random,2.4461553438392754,299.80969429016113,1
15.249509071027125,False,4.279942528806314,False,25.956604819005126,0000003.txt,ob_0000012,True,170.6757408484828,random,5.2111281217948395,338.9303684234619,1
4.821403594637442,False,1.2087312783294073,True,25.956604819005126,0000004.txt,ob_0000012,True,81.5488453624869,random,1.0251331498965677,257.83705711364746,1
18.942322693831546,False,8.020774653888571,False,25.956604819005126,0000005.txt,ob_0000012,True,96.06696329805104,random,15.618654851121494,261.4426612854004,1
18.795576374206497,False,12.397554153453381,False,25.956604819005126,0000006.txt,ob_0000012,True,162.06821208714064,random,14.21173575834341,277.0581245422363,1
7.954158965565757,False,2.9714834886783392,False,25.956604819005126,0000007.txt,ob_0000012,True,120.58321550153367,random,4.238700902279141,259.10401344299316,1
15.36707709947162,False,1.446179500803232,True,25.956604819005126,0000008.txt,ob_0000012,True,173.25782425157468,random,1.4324495579766572,258.7289810180664,1
15.253715463023445,False,1.2152060218782523,True,25.956604819005126,0000009.txt,ob_0000012,True,179.75958947420207,random,5.041688014824211,251.65915489196777,1
0.33434749092713395,True,0.24372794253345237,True,25.956604819005126,0000010.txt,ob_0000012,True,2.533694284927753,random,0.30805249359499837,277.04429626464844,1
15.446270335194304,False,3.20460222087215,False,25.956604819005126,0000011.txt,ob_0000012,True,161.13436949354488,random,6.044487065969279,247.11060523986816,1
14.837808921793785,False,6.43723484915858,False,25.956604819005126,0000012.txt,ob_0000012,True,147.10213361851973,random,7.829002916759921,260.51926612854004,1
13.976281489120185,False,5.1236953647684835,False,25.956604819005126,0000013.txt,ob_0000012,True,114.04831630667378,random,4.78185765011609,291.3320064544678,1
19.28906841275997,False,10.53482429343017,False,25.956604819005126,0000014.txt,ob_0000012,True,114.7652901634158,random,16.142481952137576,330.700159072876,1
21.308588931649652,False,12.066615015928475,False,25.956604819005126,0000015.txt,ob_0000012,True,179.88838148756108,random,18.393031563292507,297.8241443634033,1
0.4418070290498644,True,0.2794880685605672,True,25.956604819005126,0000000.txt,ob_0000012,True,2.9992782076101556,random,0.3984629522318789,281.5864086151123,3
0.248719675873183,True,0.20274819219933868,True,25.956604819005126,0000001.txt,ob_0000012,True,2.7055717770155177,random,0.18097215161803823,275.70652961730957,3
14.65857578648695,False,1.268507040956505,True,25.956604819005126,0000002.txt,ob_0000012,True,178.73189395325096,random,1.0162480384145067,292.18602180480957,3
7.176554672974285,False,0.4549055374191142,True,25.956604819005126,0000003.txt,ob_0000012,True,176.4334002914458,random,0.8345189172663423,297.75023460388184,3
12.032089427955803,False,6.77968799437564,False,25.956604819005126,0000004.txt,ob_0000012,True,79.00469867452782,random,12.34147153083942,275.9110927581787,3
14.585202290114548,False,0.8764799917034373,True,25.956604819005126,0000005.txt,ob_0000012,True,178.314841781422,random,2.388032367770867,250.92363357543945,3
15.464985687339523,False,1.1865190252154483,True,25.956604819005126,0000006.txt,ob_0000012,True,179.776018685222,random,1.5991054116751127,302.9468059539795,3
4.76407958048081,False,1.003079722582238,True,25.956604819005126,0000007.txt,ob_0000012,True,83.11284152464238,random,1.202464904302551,263.3793354034424,3
0.6120132546052833,True,0.34182456954104984,True,25.956604819005126,0000008.txt,ob_0000012,True,1.6292460935040216,random,0.5361150773091337,252.32291221618652,3
15.486291644305206,False,6.759610923742833,False,25.956604819005126,0000009.txt,ob_0000012,True,163.2384938037074,random,9.791358929946524,242.6445484161377,3
0.32669008692466905,True,0.23995312214661102,True,25.956604819005126,0000010.txt,ob_0000012,True,2.609978536013325,random,0.297613089409643,294.58022117614746,3
4.910506760174963,False,1.2107534923597105,True,25.956604819005126,0000011.txt,ob_0000012,True,84.03911014195141,random,0.6931021809027325,259.6113681793213,3
0.6028812969168463,True,0.2950743618981026,True,25.956604819005126,0000012.txt,ob_0000012,True,9.478271743884195,random,0.205751101236472,318.1571960449219,3
0.7580056758277621,True,0.41206634991083735,True,25.956604819005126,0000013.txt,ob_0000012,True,2.528294906527286,random,0.7871126168844269,318.36509704589844,3
12.617073297435988,False,7.309383748315786,False,25.956604819005126,0000014.txt,ob_0000012,True,94.24702986642222,random,12.25095618644115,274.1107940673828,3
14.550987719898444,False,0.9415636927364756,True,25.956604819005126,0000015.txt,ob_0000012,True,178.09677893717296,random,1.915307813872177,295.5169677734375,3
0.4355328231313912,True,0.27976416002480187,True,25.956604819005126,0000000.txt,ob_0000012,True,2.679319743122541,random,0.3983928924550074,314.56732749938965,5
0.3153829807808448,True,0.2339976444573119,True,25.956604819005126,0000001.txt,ob_0000012,True,4.153116867921858,random,0.14529515246717142,312.14094161987305,5
14.717666298690741,False,1.2588599269853662,True,25.956604819005126,0000002.txt,ob_0000012,True,179.13283367791766,random,0.9879760369590944,267.380952835083,5
0.47077952223153147,True,0.32499718741475053,True,25.956604819005126,0000003.txt,ob_0000012,True,1.4441932914509534,random,0.4723555933625971,281.9359302520752,5
15.318525638481345,False,1.010801697226268,True,25.956604819005126,0000004.txt,ob_0000012,True,168.78989535194182,random,1.7084711634143261,259.5231533050537,5
0.5941988990739749,True,0.3446412649768065,True,25.956604819005126,0000005.txt,ob_0000012,True,2.9818211189920527,random,0.5613228918634469,269.96779441833496,5
14.612455050065535,False,1.1710626039645704,True,25.956604819005126,0000006.txt,ob_0000012,True,176.38726280207973,random,1.3273140745280136,257.4312686920166,5
0.3035602758224776,True,0.2430252410546572,True,25.956604819005126,0000007.txt,ob_0000012,True,2.408343771730408,random,0.30985833903916865,254.04858589172363,5
0.6559410914004635,True,0.3561520558432675,True,25.956604819005126,0000008.txt,ob_0000012,True,1.795148278905037,random,0.5720704564200961,274.6930122375488,5
15.250026223739246,False,1.2640773354879113,True,25.956604819005126,0000009.txt,ob_0000012,True,177.29254053727183,random,4.177587841620005,265.00582695007324,5
0.3257424037500861,True,0.2391125090907005,True,25.956604819005126,0000010.txt,ob_0000012,True,2.5659276789093624,random,0.29079772879698773,249.8161792755127,5
7.082607667219287,False,0.35993755647300457,True,25.956604819005126,0000011.txt,ob_0000012,True,171.0116966024962,random,1.3156787488802395,251.52158737182617,5
14.579149650207027,False,1.018722544362128,True,25.956604819005126,0000012.txt,ob_0000012,True,179.7811990160498,random,2.1555805293559196,247.83802032470703,5
0.754542322333657,True,0.4098711800618918,True,25.956604819005126,0000013.txt,ob_0000012,True,2.44659304381942,random,0.7838137691145077,265.9604549407959,5
14.002168961917755,False,6.885937090607588,False,25.956604819005126,0000014.txt,ob_0000012,True,120.41097354595631,random,13.060709998025285,265.27929306030273,5
0.24959719675963354,True,0.21155832283322903,True,25.956604819005126,0000015.txt,ob_0000012,True,1.6226657549227355,random,0.19182253770221122,251.79529190063477,5
0.4361141454988509,True,0.27961145873142457,True,25.956604819005126,0000000.txt,ob_0000012,True,2.9720663582611953,random,0.3879142654740531,322.59464263916016,10
4.832484649975535,False,0.9739933453137882,True,25.956604819005126,0000001.txt,ob_0000012,True,83.77537128079882,random,0.06959092549151437,314.37110900878906,10
7.115378696061875,False,0.3508111975167115,True,25.956604819005126,0000002.txt,ob_0000012,True,175.6010695660914,random,1.2846127012629753,327.894926071167,10
0.45657669272888046,True,0.31112513567650324,True,25.956604819005126,0000003.txt,ob_0000012,True,1.326339133282304,random,0.4624529210149617,314.17250633239746,10
0.677441115273597,True,0.37643478520696744,True,25.956604819005126,0000004.txt,ob_0000012,True,4.019899871414451,random,0.5545465866963788,312.2985363006592,10
14.56090978670834,False,1.083878804816684,True,25.956604819005126,0000005.txt,ob_0000012,True,175.448201997374,random,1.9314201698599887,323.2910633087158,10
14.501569596183739,False,1.022429809572851,True,25.956604819005126,0000006.txt,ob_0000012,True,178.4327458176128,random,2.0492665754228447,319.7934627532959,10
7.126317949628147,False,0.35185147089786134,True,25.956604819005126,0000007.txt,ob_0000012,True,179.73920174450157,random,0.929234895182866,314.098596572876,10
0.6439738887557455,True,0.3434790959102048,True,25.956604819005126,0000008.txt,ob_0000012,True,1.9351982178084244,random,0.5489045663741662,322.89695739746094,10
0.23678057123637436,True,0.2029120088649378,True,25.956604819005126,0000009.txt,ob_0000012,True,1.7924349875910788,random,0.20371291439755074,317.89708137512207,10
0.32899439853230306,True,0.24223830493895865,True,25.956604819005126,0000010.txt,ob_0000012,True,2.3428028246168036,random,0.3086364025500673,313.1434917449951,10
15.186698179790586,False,0.9716722823178092,True,25.956604819005126,0000011.txt,ob_0000012,True,172.42376968692489,random,4.346532130383039,310.64534187316895,10
5.205408143142448,False,0.9682836232053013,True,25.956604819005126,0000012.txt,ob_0000012,True,92.66831664569149,random,0.1204517141503532,321.62952423095703,10
15.273593798654646,False,0.9402985038140445,True,25.956604819005126,0000013.txt,ob_0000012,True,178.42751510322154,random,3.264489666757278,313.6453628540039,10
14.500500474079681,False,0.9066728525985871,True,25.956604819005126,0000014.txt,ob_0000012,True,172.65586841038086,random,3.3037633003444213,316.6353702545166,10
15.293630764229032,False,1.2803785332863271,True,25.956604819005126,0000015.txt,ob_0000012,True,166.11265420461174,random,2.179174537731569,328.03893089294434,10
0.491238090489036,True,0.2994444007753555,True,25.956604819005126,0000000.txt,ob_0000012,True,5.533676526425535,random,0.2927822601342823,459.20610427856445,20
0.2798048702392498,True,0.2173042708094431,True,25.956604819005126,0000001.txt,ob_0000012,True,3.1789758747833017,random,0.18644246450722018,470.91221809387207,20
0.2892777202988384,True,0.22555783756136086,True,25.956604819005126,0000002.txt,ob_0000012,True,1.5015263552045268,random,0.27013068413031527,500.7343292236328,20
0.47521735595527465,True,0.3247735657096888,True,25.956604819005126,0000003.txt,ob_0000012,True,1.6389637932535301,random,0.47255211228214367,490.3144836425781,20
0.7179038248480905,True,0.3849850401782091,True,25.956604819005126,0000004.txt,ob_0000012,True,4.3356667417273345,random,0.5901051110892197,463.299036026001,20
7.146711815615363,False,0.37528480275391646,True,25.956604819005126,0000005.txt,ob_0000012,True,177.54879555669038,random,1.198663258743343,458.21285247802734,20
0.3495338044250493,True,0.26153197784128995,True,25.956604819005126,0000006.txt,ob_0000012,True,2.9603949930086095,random,0.2790719782793139,461.79819107055664,20
0.2877157263836672,True,0.24652533654999886,True,25.956604819005126,0000007.txt,ob_0000012,True,1.4489281972027577,random,0.30270345888289746,458.53519439697266,20
0.6282788347993948,True,0.34653725188724704,True,25.956604819005126,0000008.txt,ob_0000012,True,1.6626687722898728,random,0.5508206047357225,477.1580696105957,20
0.1402759959411574,True,0.13540982886191183,True,25.956604819005126,0000009.txt,ob_0000012,True,0.5765613964977473,random,0.14683678821288,498.8439083099365,20
0.3327322276284089,True,0.2435924149898933,True,25.956604819005126,0000010.txt,ob_0000012,True,2.39773391150023,random,0.3146888915613248,489.9280071258545,20
0.30275538862480195,True,0.22684131066756877,True,25.956604819005126,0000011.txt,ob_0000012,True,3.2036126161129244,random,0.16762823649863387,474.45034980773926,20
0.27192341494382716,True,0.21030137151484724,True,25.956604819005126,0000012.txt,ob_0000012,True,3.3375719598928484,random,0.08875019457410264,477.44107246398926,20
0.7575733464296136,True,0.40866581812735436,True,25.956604819005126,0000013.txt,ob_0000012,True,2.7447623010509963,random,0.7873518197819654,480.2229404449463,20
0.19189655951653944,True,0.17153217338040555,True,25.956604819005126,0000014.txt,ob_0000012,True,0.5811650838043262,random,0.16580744034145456,464.0166759490967,20
0.30980249081267164,True,0.24085989473802957,True,25.956604819005126,0000015.txt,ob_0000012,True,1.3458248683785803,random,0.2665050338280692,458.80937576293945,20
0.4228787651928726,True,0.2756193206336005,True,25.956604819005126,0000000.txt,ob_0000012,True,2.8732236211521007,random,0.3780875481715519,987.2162342071533,50
0.2638886763993981,True,0.20980571499389877,True,25.956604819005126,0000001.txt,ob_0000012,True,2.927725818160522,random,0.18404334612787165,984.6076965332031,50
0.2937131588617094,True,0.22510644873108926,True,25.956604819005126,0000002.txt,ob_0000012,True,1.4310130179345146,random,0.2759687631746881,1002.7694702148438,50
0.41123445387237195,True,0.2854658239413439,True,25.956604819005126,0000003.txt,ob_0000012,True,2.167431029454528,random,0.40067424437182575,979.4409275054932,50
0.710457071546032,True,0.37614659154295693,True,25.956604819005126,0000004.txt,ob_0000012,True,4.30614731308612,random,0.5929198186732898,1014.3482685089111,50
0.6056878510927232,True,0.35267027759739433,True,25.956604819005126,0000005.txt,ob_0000012,True,3.070364795457143,random,0.5673261313229077,1010.7579231262207,50
0.3446103200448208,True,0.25289912942847786,True,25.956604819005126,0000006.txt,ob_0000012,True,3.1275332275568,random,0.1798901142526216,1002.2320747375488,50
0.28272485085062626,True,0.243852799741595,True,25.956604819005126,0000007.txt,ob_0000012,True,1.3739636590570754,random,0.2963464065431563,1021.1970806121826,50
0.626115453606894,True,0.3455460603124399,True,25.956604819005126,0000008.txt,ob_0000012,True,1.7584274447194381,random,0.544828986347405,1033.6518287658691,50
0.24148319906298824,True,0.20545080314698455,True,25.956604819005126,0000009.txt,ob_0000012,True,1.8325547794922157,random,0.20353013665558697,1001.6763210296631,50
0.32557939990941875,True,0.2409966860943075,True,25.956604819005126,0000010.txt,ob_0000012,True,2.166195387659507,random,0.3136631538010188,1011.3868713378906,50
0.3348464341043188,True,0.23330067394569656,True,25.956604819005126,0000011.txt,ob_0000012,True,4.078568318476746,random,0.15598829299796435,1009.9756717681885,50
0.24814671170757452,True,0.19772264759074284,True,25.956604819005126,0000012.txt,ob_0000012,True,2.997291434802349,random,0.07081858797552514,1050.9259700775146,50
0.7616739757665766,True,0.4148038486483143,True,25.956604819005126,0000013.txt,ob_0000012,True,2.6651430180837767,random,0.7924508955224138,1034.8095893859863,50
0.19189655951653944,True,0.17153217338040555,True,25.956604819005126,0000014.txt,ob_0000012,True,0.5811650838043262,random,0.16580744034145456,1032.9351425170898,50
0.2951227671165029,True,0.23172615197336435,True,25.956604819005126,0000015.txt,ob_0000012,True,1.034501911557097,random,0.2674160073816048,1040.7240390777588,50
14.499137684939528,False,0.9733315165661175,True,25.956604819005126,0000000.txt,ob_0000012,True,174.9169617442837,farthest,3.1074674140723473,369.59123611450195,1
14.104760159557136,False,5.70810159098627,False,25.956604819005126,0000001.txt,ob_0000012,True,177.81219661279644,farthest,5.55732056686854,319.521427154541,1
0.28739122823186064,True,0.22560865997198135,True,25.956604819005126,0000002.txt,ob_0000012,True,1.460555123762074,farthest,0.2690638142391405,263.1669044494629,1
15.795796542567619,False,3.739338593554589,False,25.956604819005126,0000003.txt,ob_0000012,True,141.5027004772875,farthest,5.081687802419377,274.97386932373047,1
21.74728467941111,False,13.183218795208912,False,25.956604819005126,0000004.txt,ob_0000012,True,124.60494988447779,farthest,18.53878381473784,248.2893466949463,1
19.420062358000383,False,7.945392243212798,False,25.956604819005126,0000005.txt,ob_0000012,True,174.0693713907341,farthest,15.626101713659487,283.9183807373047,1
15.810255225435826,False,8.789414958334241,False,25.956604819005126,0000006.txt,ob_0000012,True,140.73523483822203,farthest,8.832324181703468,248.26478958129883,1
12.01415572977478,False,7.823667934065711,False,25.956604819005126,0000007.txt,ob_0000012,True,78.96322662755355,farthest,8.095909896546392,249.7406005859375,1
15.343763160472887,False,1.0953772954193488,True,25.956604819005126,0000008.txt,ob_0000012,True,170.3007554907416,farthest,1.6273884434827757,267.2410011291504,1
14.23331513454211,False,6.417575573366022,False,25.956604819005126,0000009.txt,ob_0000012,True,103.18591699970625,farthest,7.405162450486087,259.68456268310547,1
15.237753397825344,False,0.9913722711281479,True,25.956604819005126,0000010.txt,ob_0000012,True,167.70104913030343,farthest,2.309494157298227,241.25146865844727,1
21.30609768645273,False,12.253465556552632,False,25.956604819005126,0000011.txt,ob_0000012,True,111.73522669807699,farthest,18.67839847580034,252.86293029785156,1
7.400530154402703,False,4.058123303076379,False,25.956604819005126,0000012.txt,ob_0000012,True,31.491350053711688,farthest,5.895173804607489,317.979097366333,1
7.120595926127243,False,0.4273333436436333,True,25.956604819005126,0000013.txt,ob_0000012,True,179.13079813618057,farthest,1.8899026590843984,266.8452262878418,1
19.414952382051926,False,8.415965715770419,False,25.956604819005126,0000014.txt,ob_0000012,True,138.58973534163283,farthest,16.24733836362689,250.11658668518066,1
21.80573634809109,False,13.160453040282244,False,25.956604819005126,0000015.txt,ob_0000012,True,108.87353504858226,farthest,18.690306716447388,274.1701602935791,1
7.11498385061523,False,0.36966377974552006,True,25.956604819005126,0000000.txt,ob_0000012,True,173.15508295066772,farthest,1.3824568942386926,407.7005386352539,3
12.02497515670112,False,5.6783319240199495,False,25.956604819005126,0000001.txt,ob_0000012,True,176.69715098199367,farthest,5.994126727498212,301.18751525878906,3
0.2872728855255667,True,0.22556895442777167,True,25.956604819005126,0000002.txt,ob_0000012,True,1.4601323041767358,farthest,0.26894250369590705,287.88304328918457,3
16.095972786084502,False,2.59390436663688,True,25.956604819005126,0000003.txt,ob_0000012,True,170.853964376479,farthest,5.260950497748938,262.8326416015625,3
19.667190722629524,False,12.00201523591201,False,25.956604819005126,0000004.txt,ob_0000012,True,121.90148498031651,farthest,17.429536838176066,332.4015140533447,3
18.187642060130347,False,7.179914530565372,False,25.956604819005126,0000005.txt,ob_0000012,True,94.61480985499757,farthest,15.995141548406085,259.56058502197266,3
18.7965553458993,False,12.475124764403574,False,25.956604819005126,0000006.txt,ob_0000012,True,90.49417789220279,farthest,15.098541933288551,275.88963508605957,3
12.043973464171428,False,7.896830905664717,False,25.956604819005126,0000007.txt,ob_0000012,True,77.90829928128625,farthest,8.284790146297285,253.3590793609619,3
0.6146832718778359,True,0.34210017318511704,True,25.956604819005126,0000008.txt,ob_0000012,True,1.6261795227071634,farthest,0.5401560102160339,260.5886459350586,3
14.65139727994053,False,6.112797245384043,False,25.956604819005126,0000009.txt,ob_0000012,True,176.57993137847512,farthest,6.784980104805337,253.770112991333,3
0.33928914314179226,True,0.2463264097833528,True,25.956604819005126,0000010.txt,ob_0000012,True,2.6001176843661002,farthest,0.3072620609625613,272.89628982543945,3
21.977120372166752,False,12.80406505885888,False,25.956604819005126,0000011.txt,ob_0000012,True,132.8177689366746,farthest,19.50239622880294,261.0354423522949,3
7.457125956978919,False,4.10702616953594,False,25.956604819005126,0000012.txt,ob_0000012,True,30.593207268321244,farthest,6.023251572426537,262.91608810424805,3
7.120388225414192,False,0.4296912131088965,True,25.956604819005126,0000013.txt,ob_0000012,True,178.91121830316297,farthest,1.896511847273044,261.6147994995117,3
21.919747590132417,False,13.235420664515289,False,25.956604819005126,0000014.txt,ob_0000012,True,124.00628610544413,farthest,18.732825795969376,276.16333961486816,3
21.670188646527958,False,13.02669130394565,False,25.956604819005126,0000015.txt,ob_0000012,True,108.66576404428544,farthest,18.547220319020834,270.88069915771484,3
0.4274578459545238,True,0.27683965482171113,True,25.956604819005126,0000000.txt,ob_0000012,True,3.2646233551937707,farthest,0.3703585968284715,344.5436954498291,5
0.4007954319145336,True,0.2687091514985979,True,25.956604819005126,0000001.txt,ob_0000012,True,3.718520129129618,farthest,0.131762802537134,265.9494876861572,5
0.28726846282034846,True,0.22555267116443578,True,25.956604819005126,0000002.txt,ob_0000012,True,1.4603722877317478,farthest,0.2689414802231231,260.805606842041,5
9.55601764068732,False,4.574138007218494,False,25.956604819005126,0000003.txt,ob_0000012,True,115.43414081838856,farthest,6.468367223351475,306.37669563293457,5
0.7219864683824646,True,0.3796409419316167,True,25.956604819005126,0000004.txt,ob_0000012,True,4.958272123246985,farthest,0.5863058970653817,258.6984634399414,5
0.7691085054861411,True,0.3525061282591701,True,25.956604819005126,0000005.txt,ob_0000012,True,9.848670115417088,farthest,0.44883805203716814,259.613037109375,5
7.117528253030948,False,0.393352496300019,True,25.956604819005126,0000006.txt,ob_0000012,True,179.50136620681997,farthest,1.1170351491034494,295.37105560302734,5
12.081402586508803,False,7.940500984799812,False,25.956604819005126,0000007.txt,ob_0000012,True,77.38956452782112,farthest,8.41612900833864,294.7523593902588,5
0.6141989964925156,True,0.3417605512696924,True,25.956604819005126,0000008.txt,ob_0000012,True,1.620833110449972,farthest,0.5399296843416879,274.03879165649414,5
14.540014975890372,False,6.089225475057578,False,25.956604819005126,0000009.txt,ob_0000012,True,175.4601378977689,farthest,6.69677759955626,287.17780113220215,5
0.3306785057126182,True,0.2430521868198016,True,25.956604819005126,0000010.txt,ob_0000012,True,2.3874609226569095,farthest,0.3055273733846445,281.2972068786621,5
0.2957563371290361,True,0.22255707624146687,True,25.956604819005126,0000011.txt,ob_0000012,True,2.9834362044336546,farthest,0.14905788385065055,250.3039836883545,5
7.388609682402899,False,4.060298112967006,False,25.956604819005126,0000012.txt,ob_0000012,True,30.39764472598856,farthest,5.952524192241284,255.46646118164062,5
7.1201270159146945,False,0.4310783675389936,True,25.956604819005126,0000013.txt,ob_0000012,True,178.87091527258428,farthest,1.901642033174418,268.02539825439453,5
7.107512533018307,False,0.3388629964523844,True,25.956604819005126,0000014.txt,ob_0000012,True,174.36770845318716,farthest,1.12370844658018,257.4906349182129,5
7.101180855813867,False,0.333553275429591,True,25.956604819005126,0000015.txt,ob_0000012,True,174.45518273571696,farthest,1.3686420095643912,258.69274139404297,5
0.4274578459545238,True,0.27683965482171113,True,25.956604819005126,0000000.txt,ob_0000012,True,3.2646233551937707,farthest,0.3703585968284715,363.35086822509766,10
0.4007954319145336,True,0.2687091514985979,True,25.956604819005126,0000001.txt,ob_0000012,True,3.718520129129618,farthest,0.131762802537134,314.8031234741211,10
0.28726846282034846,True,0.22555267116443578,True,25.956604819005126,0000002.txt,ob_0000012,True,1.4603722877317478,farthest,0.2689414802231231,338.22083473205566,10
0.46601709913875555,True,0.31992644761322864,True,25.956604819005126,0000003.txt,ob_0000012,True,1.6312155390106604,farthest,0.4634684315257004,315.43469429016113,10
0.7219864683824646,True,0.3796409419316167,True,25.956604819005126,0000004.txt,ob_0000012,True,4.958272123246985,farthest,0.5863058970653817,313.6298656463623,10
0.7691085054861411,True,0.3525061282591701,True,25.956604819005126,0000005.txt,ob_0000012,True,9.848670115417088,farthest,0.44883805203716814,368.0293560028076,10
0.3294203501138214,True,0.25094440793404693,True,25.956604819005126,0000006.txt,ob_0000012,True,2.5955422910198163,farthest,0.29013159596099053,332.2579860687256,10
7.121777154345231,False,0.4005892394458819,True,25.956604819005126,0000007.txt,ob_0000012,True,177.17417774815965,farthest,1.1043889775139017,326.016902923584,10
0.6141989964925156,True,0.3417605512696924,True,25.956604819005126,0000008.txt,ob_0000012,True,1.620833110449972,farthest,0.5399296843416879,324.3145942687988,10
0.2710490428025643,True,0.22549869571573145,True,25.956604819005126,0000009.txt,ob_0000012,True,1.802924455959489,farthest,0.24531858624209152,331.8355083465576,10
0.3341597804307294,True,0.24434215170252704,True,25.956604819005126,0000010.txt,ob_0000012,True,2.5292486565710663,farthest,0.31120012604383396,325.7870674133301,10
0.2957563371290361,True,0.22255707624146687,True,25.956604819005126,0000011.txt,ob_0000012,True,2.9834362044336546,farthest,0.14905788385065055,315.60778617858887,10
0.2355475740165571,True,0.19298910040653852,True,25.956604819005126,0000012.txt,ob_0000012,True,2.614570236643691,farthest,0.07824017868775882,319.1947937011719,10
0.7660123966468744,True,0.41065868830805696,True,25.956604819005126,0000013.txt,ob_0000012,True,2.50785127878576,farthest,0.7919600561599991,312.41774559020996,10
0.19257947000163753,True,0.17295795876558223,True,25.956604819005126,0000014.txt,ob_0000012,True,0.6234338554180039,farthest,0.1636780897896731,358.97064208984375,10
0.25788781810158873,True,0.21554678258100882,True,25.956604819005126,0000015.txt,ob_0000012,True,1.0820836281110542,farthest,0.22247230381805533,343.80102157592773,10
0.4199286807595121,True,0.27469046489882565,True,25.956604819005126,0000000.txt,ob_0000012,True,3.113057377351571,farthest,0.36588445453801816,543.865442276001,20
0.2862576345078178,True,0.21792054450543727,True,25.956604819005126,0000001.txt,ob_0000012,True,3.640561096308328,farthest,0.16220122792186625,488.27481269836426,20
0.28731540629916347,True,0.22558782769736946,True,25.956604819005126,0000002.txt,ob_0000012,True,1.4609250295564538,farthest,0.26894056076816,472.69725799560547,20
0.4656547144582411,True,0.31865294710632475,True,25.956604819005126,0000003.txt,ob_0000012,True,1.608489103851002,farthest,0.4633381951278981,468.80245208740234,20
0.7208945887134319,True,0.3790062293112544,True,25.956604819005126,0000004.txt,ob_0000012,True,4.945411528954055,farthest,0.5866055698135584,467.7159786224365,20
0.5702593699493855,True,0.33650956888971145,True,25.956604819005126,0000005.txt,ob_0000012,True,2.715581278875396,farthest,0.5368244759376517,459.4106674194336,20
0.32954436179069163,True,0.25026891899322484,True,25.956604819005126,0000006.txt,ob_0000012,True,2.6867092312563448,farthest,0.2895446053125539,464.2477035522461,20
7.1186344216899275,False,0.38730516699955425,True,25.956604819005126,0000007.txt,ob_0000012,True,176.36002107819772,farthest,1.1369393948825481,484.52281951904297,20
0.6142444428472734,True,0.3417523124330545,True,25.956604819005126,0000008.txt,ob_0000012,True,1.622398516640448,farthest,0.5398732244948901,472.520112991333,20
0.23320523619183428,True,0.20049389282464372,True,25.956604819005126,0000009.txt,ob_0000012,True,1.7553038198472166,farthest,0.2016610073076833,491.7161464691162,20
0.31969509097651017,True,0.23795858712890397,True,25.956604819005126,0000010.txt,ob_0000012,True,2.2716066299563753,farthest,0.3054477186414635,531.5573215484619,20
0.3099974226373781,True,0.22370343602335716,True,25.956604819005126,0000011.txt,ob_0000012,True,3.6112259320665796,farthest,0.1390412715171175,485.5501651763916,20
0.26062761478219704,True,0.20436993627344457,True,25.956604819005126,0000012.txt,ob_0000012,True,3.179044989423847,farthest,0.07747230834426412,471.90237045288086,20
0.7447203163935077,True,0.40912816851027756,True,25.956604819005126,0000013.txt,ob_0000012,True,2.4901034745248705,farthest,0.7752794987301425,487.90860176086426,20
0.18667691761809488,True,0.16811554988406346,True,25.956604819005126,0000014.txt,ob_0000012,True,0.6140022775504231,farthest,0.15957825737919956,467.05150604248047,20
0.2951227671165029,True,0.23172615197336435,True,25.956604819005126,0000015.txt,ob_0000012,True,1.034501911557097,farthest,0.2674160073816048,480.20267486572266,20
0.42040634326521137,True,0.27483298950958973,True,25.956604819005126,0000000.txt,ob_0000012,True,3.0949838214702794,farthest,0.366961274732062,1033.3342552185059,50
0.2862576768379942,True,0.2179205677594387,True,25.956604819005126,0000001.txt,ob_0000012,True,3.6405725596871177,farthest,0.16220122792186625,954.8907279968262,50
0.28731540629916347,True,0.22558782769736946,True,25.956604819005126,0000002.txt,ob_0000012,True,1.4609250295564538,farthest,0.26894056076816,979.1405200958252,50
0.4656539556007092,True,0.31865244995701836,True,25.956604819005126,0000003.txt,ob_0000012,True,1.6084162984422827,farthest,0.4633381951278981,977.6520729064941,50
0.7208945887134319,True,0.3790062293112544,True,25.956604819005126,0000004.txt,ob_0000012,True,4.945411528954055,farthest,0.5866055698135584,973.7205505371094,50
0.5702593699493855,True,0.33650956888971145,True,25.956604819005126,0000005.txt,ob_0000012,True,2.715581278875396,farthest,0.5368244759376517,969.0115451812744,50
0.36762444455392895,True,0.27488794132128486,True,25.956604819005126,0000006.txt,ob_0000012,True,3.061076166778983,farthest,0.2837200940744883,983.7427139282227,50
0.3774630693096481,True,0.3093255251761268,True,25.956604819005126,0000007.txt,ob_0000012,True,1.0686103237206588,farthest,0.3799560371150189,984.3437671661377,50
0.6142039965721794,True,0.3417539970035594,True,25.956604819005126,0000008.txt,ob_0000012,True,1.622047926523184,farthest,0.5398787231475883,1015.3253078460693,50
0.21478784652566213,True,0.1879610810148203,True,25.956604819005126,0000009.txt,ob_0000012,True,1.4664471894668436,farthest,0.19638378508328988,982.8767776489258,50
0.31969509097651017,True,0.23795858712890397,True,25.956604819005126,0000010.txt,ob_0000012,True,2.2716066299563753,farthest,0.3054477186414635,1000.1065731048584,50
0.35374075876802014,True,0.24847000327282492,True,25.956604819005126,0000011.txt,ob_0000012,True,3.919707337718912,farthest,0.16730875319708333,1003.3049583435059,50
0.26253397794880273,True,0.20530363843323057,True,25.956604819005126,0000012.txt,ob_0000012,True,3.188749136768349,farthest,0.0820421987528654,980.8502197265625,50
0.7463074507995889,True,0.4120559525035947,True,25.956604819005126,0000013.txt,ob_0000012,True,2.650695541851286,farthest,0.779164637263809,973.0267524719238,50
0.18667691761809488,True,0.16811554988406346,True,25.956604819005126,0000014.txt,ob_0000012,True,0.6140022775504231,farthest,0.15957825737919956,990.980863571167,50
0.2526102914639483,True,0.2130001496899966,True,25.956604819005126,0000015.txt,ob_0000012,True,1.0500249771833206,farthest,0.21862427515537294,998.9092350006104,50
11.416710542926428,False,1.140871904763543,True,16.19215796365636,0000000.txt,ob_0000013,True,151.63051846157157,random,2.1723297321881425,295.03607749938965,1
12.582996344422773,False,6.168490623453031,False,16.19215796365636,0000001.txt,ob_0000013,True,167.7054195081002,random,10.165288479704667,243.06106567382812,1
6.694336708345439,False,3.2434502319109444,False,16.19215796365636,0000002.txt,ob_0000013,True,75.69904793040293,random,3.6959305681200316,233.98733139038086,1
12.376873599264028,False,6.052328722701511,False,16.19215796365636,0000003.txt,ob_0000013,True,172.23830321025247,random,9.986186127527546,264.2953395843506,1
14.929062136179388,False,6.7864154466877435,False,16.19215796365636,0000004.txt,ob_0000013,True,138.5410091204135,random,11.786533394108384,260.23316383361816,1
14.621590852484276,False,7.153444027774889,False,16.19215796365636,0000005.txt,ob_0000013,True,155.854422443581,random,11.922137457744629,301.81360244750977,1
14.626907674853756,False,7.860698119641572,False,16.19215796365636,0000006.txt,ob_0000013,True,157.63194872961725,random,12.080790368103772,287.51087188720703,1
11.5192009530742,False,2.0056482027918108,False,16.19215796365636,0000007.txt,ob_0000013,True,163.75031013251743,random,2.881264841791395,296.33617401123047,1
7.3977363435393,False,0.24841935312450875,True,16.19215796365636,0000008.txt,ob_0000013,True,76.59780226129833,random,0.3378617250603105,285.142183303833,1
10.624060944961492,False,0.27471596561387684,True,16.19215796365636,0000009.txt,ob_0000013,True,125.85655507962663,random,0.21464486689067355,264.589786529541,1
2.764809266993865,False,0.21882385419214945,True,16.19215796365636,0000010.txt,ob_0000013,True,26.790934495042208,random,0.20333072432251634,261.1849308013916,1
9.838067297221222,False,2.4012339529991893,False,16.19215796365636,0000011.txt,ob_0000013,True,173.04644548950205,random,3.626773138633905,294.039249420166,1
12.10679129015037,False,4.335349414234616,False,16.19215796365636,0000012.txt,ob_0000013,True,176.8101716559648,random,9.025903879352729,257.07197189331055,1
13.024703297343084,False,6.528843049403443,False,16.19215796365636,0000013.txt,ob_0000013,True,116.43040404768557,random,10.689419259871926,243.056058883667,1
11.019151586200879,False,4.9005326247871945,False,16.19215796365636,0000014.txt,ob_0000013,True,133.16956552459595,random,8.21830956780995,276.82018280029297,1
11.283496868087067,False,5.831250665645113,False,16.19215796365636,0000015.txt,ob_0000013,True,116.65271891712483,random,7.956595106159078,286.1309051513672,1
10.163996718731081,False,0.20270907897156376,True,16.19215796365636,0000000.txt,ob_0000013,True,116.98203995926362,random,0.25294705633065045,269.84190940856934,3
12.856730738312669,False,6.099484552098402,False,16.19215796365636,0000001.txt,ob_0000013,True,141.8909847476163,random,9.600167545601563,237.12754249572754,3
9.220670463286933,False,2.590813916340421,False,16.19215796365636,0000002.txt,ob_0000013,True,85.35252159952326,random,6.422470290215938,245.76568603515625,3
10.284123182680576,False,0.40941992865516136,True,16.19215796365636,0000003.txt,ob_0000013,True,118.65886683899083,random,0.637732440872988,305.94801902770996,3
3.7124399044823417,False,0.21605837866302677,True,16.19215796365636,0000004.txt,ob_0000013,True,36.06240599647779,random,0.31554852437507114,305.7234287261963,3
11.800764060302837,False,4.282548527566237,False,16.19215796365636,0000005.txt,ob_0000013,True,178.34010479243517,random,8.014822095371613,319.68188285827637,3
11.679046303244933,False,4.176660675829764,False,16.19215796365636,0000006.txt,ob_0000013,True,172.69256586280562,random,7.841670362822893,282.47547149658203,3
7.920372553545746,False,0.26780806114071054,True,16.19215796365636,0000007.txt,ob_0000013,True,83.32375716060191,random,0.5976658031427668,326.91216468811035,3
2.535690514214812,False,0.21862415935865573,True,16.19215796365636,0000008.txt,ob_0000013,True,24.38239070664177,random,0.23941758078334804,329.29134368896484,3
10.645961840766219,False,0.28941334893496845,True,16.19215796365636,0000009.txt,ob_0000013,True,126.27078227134574,random,0.23550319219213686,325.0772953033447,3
5.155122389231468,False,0.23722669897774826,True,16.19215796365636,0000010.txt,ob_0000013,True,51.153860755879215,random,0.18130656886665297,266.7098045349121,3
10.502621629882974,False,3.095787437849411,False,16.19215796365636,0000011.txt,ob_0000013,True,173.9111147235402,random,4.317109695583155,257.4198246002197,3
10.272950844071005,False,0.2746273315627256,True,16.19215796365636,0000012.txt,ob_0000013,True,118.81129354389061,random,0.39541703974600606,266.10565185546875,3
12.03496803725366,False,5.275744125776722,False,16.19215796365636,0000013.txt,ob_0000013,True,146.31420902895135,random,8.809145262931882,266.4752006530762,3
11.056966407159315,False,5.915568352200559,False,16.19215796365636,0000014.txt,ob_0000013,True,72.16591900662506,random,10.159286141132549,291.46504402160645,3
9.367954916205273,False,3.2514063702592235,False,16.19215796365636,0000015.txt,ob_0000013,True,127.44899032811865,random,4.655727223153178,250.47993659973145,3
11.209038805628461,False,4.361129382827626,False,16.19215796365636,0000000.txt,ob_0000013,True,163.60158771101698,random,6.10059008367799,295.17078399658203,5
11.662934583397222,False,6.2482647388128,False,16.19215796365636,0000001.txt,ob_0000013,True,97.06571550682834,random,10.015427448263372,258.7463855743408,5
11.499785862841053,False,0.23980168231601362,True,16.19215796365636,0000002.txt,ob_0000013,True,149.13701400869084,random,0.27994199059127683,278.53965759277344,5
15.97191845951967,False,9.099374194864387,False,16.19215796365636,0000003.txt,ob_0000013,True,133.1527464207066,random,13.844542022539253,259.52696800231934,5
11.108624552996107,False,0.2404033914940441,True,16.19215796365636,0000004.txt,ob_0000013,True,137.02164737409348,random,0.33204134409424724,253.53550910949707,5
11.237589555852926,False,0.33994676063386897,True,16.19215796365636,0000005.txt,ob_0000013,True,140.0674271896077,random,0.52638845059114,251.08671188354492,5
9.907454759529116,False,2.6752861457865396,False,16.19215796365636,0000006.txt,ob_0000013,True,95.61924922459741,random,4.561830504652517,269.7033882141113,5
4.623372304347758,False,0.2684893142461032,True,16.19215796365636,0000007.txt,ob_0000013,True,45.63782735990381,random,0.5482031771370808,264.9190425872803,5
11.273672018478152,False,0.2960663602131544,True,16.19215796365636,0000008.txt,ob_0000013,True,141.7720412937351,random,0.282876936031815,248.26550483703613,5
11.892385996758886,False,0.29534538153129664,True,16.19215796365636,0000009.txt,ob_0000013,True,170.40888743403943,random,0.2455470637412081,247.84398078918457,5
5.417883528105836,False,0.23080940552338713,True,16.19215796365636,0000010.txt,ob_0000013,True,53.961689885865844,random,0.17706077487930721,269.50764656066895,5
10.357415986303442,False,3.1617589190618336,False,16.19215796365636,0000011.txt,ob_0000013,True,177.33349490547306,random,4.901384619399934,260.7865333557129,5
9.148077228724386,False,2.6220999334574575,False,16.19215796365636,0000012.txt,ob_0000013,True,135.07646363232266,random,2.7882179861514707,246.43826484680176,5
13.51990805662987,False,7.164377403892532,False,16.19215796365636,0000013.txt,ob_0000013,True,122.95475078497111,random,11.30527596834038,245.90325355529785,5
5.236207765079815,False,0.21899832670479255,True,16.19215796365636,0000014.txt,ob_0000013,True,51.97218485119677,random,0.22465950247841995,280.7934284210205,5
10.935612568608297,False,5.720955807892479,False,16.19215796365636,0000015.txt,ob_0000013,True,114.48474129627408,random,7.588706876181184,247.33281135559082,5
11.752519348204093,False,0.2187804114568495,True,16.19215796365636,0000000.txt,ob_0000013,True,160.35916222404077,random,0.3588068261091806,320.0874328613281,10
11.049708368787503,False,0.24849058056045462,True,16.19215796365636,0000001.txt,ob_0000013,True,135.70629614739383,random,0.2962947638947272,331.32362365722656,10
9.080087783875602,False,0.2532136411088036,True,16.19215796365636,0000002.txt,ob_0000013,True,98.93547598658711,random,0.3412162240029199,331.2256336212158,10
10.926174878906398,False,1.1054240686690397,True,16.19215796365636,0000003.txt,ob_0000013,True,132.08536841744083,random,1.6480491066846812,320.85442543029785,10
11.941511999476422,False,0.23682060412187644,True,16.19215796365636,0000004.txt,ob_0000013,True,178.21599497794676,random,0.36283579742020966,317.1119689941406,10
14.44303447832043,False,6.44644365433249,False,16.19215796365636,0000005.txt,ob_0000013,True,172.11811205380457,random,11.413273561931032,329.9899101257324,10
6.49054878113397,False,0.496747736492416,True,16.19215796365636,0000006.txt,ob_0000013,True,65.05079933315288,random,0.865293516986302,324.6619701385498,10
7.859847882552002,False,0.28591140538339715,True,16.19215796365636,0000007.txt,ob_0000013,True,82.49086806697734,random,0.6279604342184968,331.63905143737793,10
3.633870987248269,False,0.23794794310386178,True,16.19215796365636,0000008.txt,ob_0000013,True,35.45060860291898,random,0.23322420275627326,326.39622688293457,10
6.827995868304308,False,0.31578251875887364,True,16.19215796365636,0000009.txt,ob_0000013,True,69.72712943631741,random,0.32418603748210884,311.5658760070801,10
7.022014135259908,False,0.218078193648579,True,16.19215796365636,0000010.txt,ob_0000013,True,72.12984211323605,random,0.18583337061666347,320.8487033843994,10
8.15561920647581,False,0.2978330151772783,True,16.19215796365636,0000011.txt,ob_0000013,True,86.27546096625495,random,0.23496382249416561,344.4697856903076,10
2.704491027106858,False,0.2868544079295231,True,16.19215796365636,0000012.txt,ob_0000013,True,26.127381067430708,random,0.4310215557674764,352.9074192047119,10
0.7039255982752415,True,0.3500264994610651,True,16.19215796365636,0000013.txt,ob_0000013,True,4.2807868837995535,random,0.5561899121752404,331.7861557006836,10
11.122068905213803,False,4.5078308592183784,False,16.19215796365636,0000014.txt,ob_0000013,True,173.96260709324758,random,7.795608883681079,314.6655559539795,10
9.728017252107195,False,3.571548450892946,False,16.19215796365636,0000015.txt,ob_0000013,True,99.13255363982263,random,4.696330019141116,315.8893585205078,10
0.5632524421656081,True,0.21916169518980932,True,16.19215796365636,0000000.txt,ob_0000013,True,4.780172780757179,random,0.29729431979405974,459.94019508361816,20
8.358286100588522,False,0.2529006029454418,True,16.19215796365636,0000001.txt,ob_0000013,True,88.8307057174798,random,0.3389929532426232,466.03894233703613,20
5.464998810178762,False,0.2315058748157519,True,16.19215796365636,0000002.txt,ob_0000013,True,54.429361023101514,random,0.2526424392716911,477.85353660583496,20
2.8439501234063878,False,0.42082302901636104,True,16.19215796365636,0000003.txt,ob_0000013,True,26.668358388277483,random,0.6873052933596799,492.24185943603516,20
9.229857144451785,False,0.2452757385459593,True,16.19215796365636,0000004.txt,ob_0000013,True,101.32241029082769,random,0.30339557222120966,508.00204277038574,20
10.679057802871403,False,0.32548964441428724,True,16.19215796365636,0000005.txt,ob_0000013,True,126.72778153950162,random,0.4972077443752657,499.5124340057373,20
9.38268228439663,False,0.48054371849645183,True,16.19215796365636,0000006.txt,ob_0000013,True,102.93753594790928,random,0.8141531866783556,485.5983257293701,20
4.1982827083617735,False,0.2689000535104901,True,16.19215796365636,0000007.txt,ob_0000013,True,41.225014883901906,random,0.5603350932884335,457.7515125274658,20
10.868146155598982,False,3.7103737657546487,False,16.19215796365636,0000008.txt,ob_0000013,True,146.8564262350293,random,5.857815982881189,477.9078960418701,20
1.2358964939163357,True,0.30211572839181383,True,16.19215796365636,0000009.txt,ob_0000013,True,11.926241857376809,random,0.27444865149580505,475.3420352935791,20
10.489539896767228,False,0.22440114776381428,True,16.19215796365636,0000010.txt,ob_0000013,True,123.06973346149204,random,0.18799857132363293,464.7698402404785,20
0.45744537180853195,True,0.28569219216331937,True,16.19215796365636,0000011.txt,ob_0000013,True,4.045503868688667,random,0.30533773609686465,474.41911697387695,20
11.694349841662667,False,0.29012671797262296,True,16.19215796365636,0000012.txt,ob_0000013,True,156.61892159238215,random,0.41966209183768033,496.02580070495605,20
11.923363523983513,False,0.3662778923866349,True,16.19215796365636,0000013.txt,ob_0000013,True,172.91801078538612,random,0.5800283866518322,521.9736099243164,20
10.146299441409747,False,0.23194409820434114,True,16.19215796365636,0000014.txt,ob_0000013,True,116.38725643719177,random,0.286195988766978,499.0348815917969,20
1.5417071748250102,True,0.2582203763937138,True,16.19215796365636,0000015.txt,ob_0000013,True,14.510062245250518,random,0.37059098802680146,496.5231418609619,20
5.266637510314795,False,0.20733265510174606,True,16.19215796365636,0000000.txt,ob_0000013,True,52.45571028090665,random,0.22624186009285213,994.3215847015381,50
10.705880671915661,False,0.2464359978345083,True,16.19215796365636,0000001.txt,ob_0000013,True,127.78022598036992,random,0.3056750534898427,997.412919998169,50
5.242834841414208,False,0.2477621729253434,True,16.19215796365636,0000002.txt,ob_0000013,True,51.985132849815976,random,0.31465183135870256,1013.6489868164062,50
9.906424382849195,False,0.4492717409775206,True,16.19215796365636,0000003.txt,ob_0000013,True,111.72423267471154,random,0.7409121260071754,1023.0271816253662,50
8.104553695786045,False,0.23678496093700488,True,16.19215796365636,0000004.txt,ob_0000013,True,85.57225853082207,random,0.3420532684077332,1021.249532699585,50
11.327515925218513,False,0.34657856586444385,True,16.19215796365636,0000005.txt,ob_0000013,True,142.59010462438164,random,0.5573870727506015,1021.5878486633301,50
3.146979337619761,False,0.4325933203198417,True,16.19215796365636,0000006.txt,ob_0000013,True,29.600009420584573,random,0.757798018843771,1028.8429260253906,50
7.808760717024736,False,0.2649389518563583,True,16.19215796365636,0000007.txt,ob_0000013,True,81.89964639747201,random,0.5816860045207896,1026.7300605773926,50
7.527137913300802,False,0.24056894943603477,True,16.19215796365636,0000008.txt,ob_0000013,True,78.1611919221831,random,0.3505538821058152,1016.6809558868408,50
3.737741197220063,False,0.28727112137083,True,16.19215796365636,0000009.txt,ob_0000013,True,36.574918809897206,random,0.24144377960902416,1033.2951545715332,50
10.386270201271339,False,0.23020150318169272,True,16.19215796365636,0000010.txt,ob_0000013,True,121.01245972695621,random,0.19569487539903727,1043.5075759887695,50
8.170859747333244,False,0.3104305698224004,True,16.19215796365636,0000011.txt,ob_0000013,True,86.49102942178173,random,0.24853485261901115,1020.9133625030518,50
3.0486042371646134,False,0.2774452322859479,True,16.19215796365636,0000012.txt,ob_0000013,True,29.544161652122412,random,0.3872651981736533,1045.4521179199219,50
7.833874644756139,False,0.3521712719882256,True,16.19215796365636,0000013.txt,ob_0000013,True,81.7204521712439,random,0.5632916937544128,1054.6824932098389,50
11.536893591755309,False,0.21890983351597124,True,16.19215796365636,0000014.txt,ob_0000013,True,150.1501372219929,random,0.22950376501824046,1030.5509567260742,50
7.93530569312688,False,0.26168241421856675,True,16.19215796365636,0000015.txt,ob_0000013,True,83.21882647681697,random,0.325184578605728,1065.2177333831787,50
8.670316560587517,False,3.98444951508166,False,16.19215796365636,0000000.txt,ob_0000013,True,78.15032499021652,farthest,6.2418715990894675,331.4778804779053,1
13.065673194082258,False,6.597627688337983,False,16.19215796365636,0000001.txt,ob_0000013,True,179.80638896600252,farthest,10.013255888847336,265.63334465026855,1
12.700736450055091,False,6.866144562354118,False,16.19215796365636,0000002.txt,ob_0000013,True,150.63527843756816,farthest,8.368786675936478,277.48847007751465,1
13.223345623587948,False,6.805636099039787,False,16.19215796365636,0000003.txt,ob_0000013,True,136.68292610277294,farthest,10.680896934398506,263.64874839782715,1
9.599762438044571,False,2.304185332106422,False,16.19215796365636,0000004.txt,ob_0000013,True,168.54912481840225,farthest,3.4049695712930017,249.48525428771973,1
12.324399646729137,False,5.711045509487372,False,16.19215796365636,0000005.txt,ob_0000013,True,175.36800619650572,farthest,9.827072033144614,319.8504447937012,1
13.872472590886217,False,6.211574704973384,False,16.19215796365636,0000006.txt,ob_0000013,True,143.8753137619652,farthest,10.970081000719075,315.16337394714355,1
0.7820981866270154,True,0.3259998956973372,True,16.19215796365636,0000007.txt,ob_0000013,True,4.772819380588235,farthest,0.630092644235293,293.6372756958008,1
11.272938453886336,False,4.179912734750299,False,16.19215796365636,0000008.txt,ob_0000013,True,149.73792416206834,farthest,6.425771895475162,240.04197120666504,1
13.154165085412671,False,5.834337872718407,False,16.19215796365636,0000009.txt,ob_0000013,True,173.48516273155957,farthest,10.212987495073854,261.0299587249756,1
10.41576379195415,False,3.3562028792679817,False,16.19215796365636,0000010.txt,ob_0000013,True,164.3833834977574,farthest,5.1529533092380975,273.4410762786865,1
0.4481466044542688,True,0.28218266041461854,True,16.19215796365636,0000011.txt,ob_0000013,True,3.8516818340505328,farthest,0.3126937271430043,250.58436393737793,1
12.396828777222458,False,4.855518652826113,False,16.19215796365636,0000012.txt,ob_0000013,True,155.98803310326025,farthest,8.944357579470926,248.2280731201172,1
11.909693501542021,False,5.424120390113747,False,16.19215796365636,0000013.txt,ob_0000013,True,158.3748806440562,farthest,8.676361757318586,258.58211517333984,1
12.081209570295986,False,5.8854113665568075,False,16.19215796365636,0000014.txt,ob_0000013,True,130.3742566359431,farthest,9.342397806885835,262.66932487487793,1
12.825921576623317,False,5.705042489388032,False,16.19215796365636,0000015.txt,ob_0000013,True,176.35853873518582,farthest,8.382861750779593,254.3466091156006,1
12.000204849963477,False,4.552733450419972,False,16.19215796365636,0000000.txt,ob_0000013,True,176.2524963468991,farthest,7.131652942920713,340.2822017669678,3
11.35942922971737,False,4.5640754668692605,False,16.19215796365636,0000001.txt,ob_0000013,True,157.32475882249028,farthest,7.970639841441781,275.03252029418945,3
11.388034778283536,False,5.26344492742767,False,16.19215796365636,0000002.txt,ob_0000013,True,131.40421177481352,farthest,7.3337204032709975,310.11033058166504,3
7.624953775956292,False,2.4529880923163443,False,16.19215796365636,0000003.txt,ob_0000013,True,78.1224017674522,farthest,3.461396046095638,265.3648853302002,3
5.756224095524979,False,0.23927332748869173,True,16.19215796365636,0000004.txt,ob_0000013,True,57.70863524388649,farthest,0.3482418394141587,267.52400398254395,3
12.625295824651092,False,5.945096064212345,False,16.19215796365636,0000005.txt,ob_0000013,True,179.49621697366942,farthest,10.177913869833109,287.3070240020752,3
14.589944299473984,False,6.9148398228640255,False,16.19215796365636,0000006.txt,ob_0000013,True,144.4449169398242,farthest,11.81332013452242,271.69251441955566,3
0.854478396683217,True,0.2934252617781369,True,16.19215796365636,0000007.txt,ob_0000013,True,6.4486772914132935,farthest,0.577200040475662,275.0248908996582,3
10.42810302058617,False,3.9045222030791735,False,16.19215796365636,0000008.txt,ob_0000013,True,132.27940027479235,farthest,5.866840259304127,255.06997108459473,3
14.222005769376569,False,6.567805671576557,False,16.19215796365636,0000009.txt,ob_0000013,True,145.1665879365275,farthest,11.442199218125758,282.146692276001,3
3.6748341240447595,False,0.216435078300856,True,16.19215796365636,0000010.txt,ob_0000013,True,35.88494132154163,farthest,0.17086732630483947,268.88227462768555,3
0.4784536386172333,True,0.28861174686523183,True,16.19215796365636,0000011.txt,ob_0000013,True,4.11725485339133,farthest,0.31747318729145485,294.44169998168945,3
12.30637923715393,False,4.6957921644030325,False,16.19215796365636,0000012.txt,ob_0000013,True,157.46786601889923,farthest,8.76983365500354,239.31193351745605,3
12.2310135664728,False,6.30957562369468,False,16.19215796365636,0000013.txt,ob_0000013,True,91.07702765723336,farthest,10.835584386813164,287.7025604248047,3
11.682001112302775,False,5.352054535177871,False,16.19215796365636,0000014.txt,ob_0000013,True,165.62503782054637,farthest,9.110408240907173,245.74899673461914,3
7.426689534755759,False,4.71406142500914,False,16.19215796365636,0000015.txt,ob_0000013,True,74.92687182574991,farthest,5.52939218405227,262.62784004211426,3
12.002803163058534,False,4.537648471196847,False,16.19215796365636,0000000.txt,ob_0000013,True,175.6116145186758,farthest,7.114361482209258,325.2072334289551,5
5.1341339885808015,False,0.26674198342221983,True,16.19215796365636,0000001.txt,ob_0000013,True,50.97125100814787,farthest,0.3437140767127021,270.2012062072754,5
10.420775913823888,False,3.106431175633477,False,16.19215796365636,0000002.txt,ob_0000013,True,179.2763440783948,farthest,4.931373518263722,249.6168613433838,5
11.869644662657764,False,0.43919949665202695,True,16.19215796365636,0000003.txt,ob_0000013,True,165.59342356378355,farthest,0.6986250463196694,256.5441131591797,5
5.711574248325882,False,0.23919856492806055,True,16.19215796365636,0000004.txt,ob_0000013,True,57.20992136087503,farthest,0.36691779052014667,253.30400466918945,5
8.630345227216658,False,0.3543874475124093,True,16.19215796365636,0000005.txt,ob_0000013,True,92.45181194019564,farthest,0.5514784100769917,248.36230278015137,5
11.793875707896666,False,0.4677727161286133,True,16.19215796365636,0000006.txt,ob_0000013,True,160.07859205376005,farthest,0.8016502909900959,233.86859893798828,5
0.7380679101848254,True,0.29257195104788697,True,16.19215796365636,0000007.txt,ob_0000013,True,4.791519867670937,farthest,0.5779239649967974,241.28484725952148,5
10.465379811504743,False,3.8062269926032504,False,16.19215796365636,0000008.txt,ob_0000013,True,136.59602257086937,farthest,5.725083463739232,251.7247200012207,5
10.132584610885827,False,0.29343480121059295,True,16.19215796365636,0000009.txt,ob_0000013,True,116.31751437981511,farthest,0.24034268627328723,261.5823745727539,5
3.819193096861554,False,0.21390389887040942,True,16.19215796365636,0000010.txt,ob_0000013,True,37.345725525721065,farthest,0.17139844509982813,244.07339096069336,5
0.6005296073031083,True,0.28053458584609925,True,16.19215796365636,0000011.txt,ob_0000013,True,5.351373209806529,farthest,0.31149915652080695,273.1454372406006,5
10.347069575614515,False,0.27894347560620125,True,16.19215796365636,0000012.txt,ob_0000013,True,120.24836302072555,farthest,0.4105547013436418,297.0423698425293,5
10.601518587761431,False,0.34603428836880773,True,16.19215796365636,0000013.txt,ob_0000013,True,125.2722319234949,farthest,0.5407758301252255,291.301965713501,5
8.14482748283221,False,0.21303841707417306,True,16.19215796365636,0000014.txt,ob_0000013,True,85.96630448459405,farthest,0.22541056890330188,240.83471298217773,5
7.368122993702054,False,4.6782746029360585,False,16.19215796365636,0000015.txt,ob_0000013,True,74.37671773952879,farthest,5.515148161618226,252.54535675048828,5
10.040432813832323,False,0.21699604385649676,True,16.19215796365636,0000000.txt,ob_0000013,True,114.56737139078983,farthest,0.3624557612725479,371.83475494384766,10
10.774694857398217,False,0.2673931397610922,True,16.19215796365636,0000001.txt,ob_0000013,True,129.14166304791482,farthest,0.3227539155136697,339.9038314819336,10
10.420775913823888,False,3.106431175633477,False,16.19215796365636,0000002.txt,ob_0000013,True,179.2763440783948,farthest,4.931373518263722,311.373233795166,10
3.177528089612137,False,0.41909781464412954,True,16.19215796365636,0000003.txt,ob_0000013,True,30.07227799038114,farthest,0.6751497904755066,323.27938079833984,10
5.711574248325882,False,0.23919856492806055,True,16.19215796365636,0000004.txt,ob_0000013,True,57.20992136087503,farthest,0.36691779052014667,330.97290992736816,10
7.6260376926804305,False,0.34040655677101306,True,16.19215796365636,0000005.txt,ob_0000013,True,79.03422226283713,farthest,0.5846832172392813,352.01096534729004,10
1.8276723026127972,False,0.4448626897274588,True,16.19215796365636,0000006.txt,ob_0000013,True,15.93577762492093,farthest,0.7737886973748249,348.6764430999756,10
7.95246495868197,False,0.2682159393215582,True,16.19215796365636,0000007.txt,ob_0000013,True,83.74047234204237,farthest,0.6051744884088656,340.3000831604004,10
10.465379811504743,False,3.8062269926032504,False,16.19215796365636,0000008.txt,ob_0000013,True,136.59602257086937,farthest,5.725083463739232,335.0679874420166,10
7.221057941954837,False,0.29349725211987837,True,16.19215796365636,0000009.txt,ob_0000013,True,74.43009114748199,farthest,0.2591091481759584,313.74645233154297,10
10.301852722270487,False,0.2218767022933482,True,16.19215796365636,0000010.txt,ob_0000013,True,119.39055509176502,farthest,0.18842853087130343,328.5050392150879,10
0.6005296073031083,True,0.28053458584609925,True,16.19215796365636,0000011.txt,ob_0000013,True,5.351373209806529,farthest,0.31149915652080695,318.1619644165039,10
6.641145389418675,False,0.27906443737943387,True,16.19215796365636,0000012.txt,ob_0000013,True,67.39608312974194,farthest,0.41886912244389307,322.3268985748291,10
3.895002952754254,False,0.33924146798142435,True,16.19215796365636,0000013.txt,ob_0000013,True,37.63209829325422,farthest,0.5437239257514124,325.11377334594727,10
9.207947722873183,False,0.22498763189926374,True,16.19215796365636,0000014.txt,ob_0000013,True,101.00109409669125,farthest,0.24911424318259925,339.34903144836426,10
10.943982355893421,False,2.652895563516443,False,16.19215796365636,0000015.txt,ob_0000013,True,139.51394371213473,farthest,3.211996375662148,324.695348739624,10
4.578903738504928,False,0.20391270416495844,True,16.19215796365636,0000000.txt,ob_0000013,True,45.01038035106589,farthest,0.28258459183014606,510.7593536376953,20
10.781772813660929,False,0.24655409700774078,True,16.19215796365636,0000001.txt,ob_0000013,True,129.45864993702716,farthest,0.3080005706134797,493.2386875152588,20
8.689038656898484,False,0.24070322987623838,True,16.19215796365636,0000002.txt,ob_0000013,True,93.33865660264289,farthest,0.31942143850612836,511.8284225463867,20
2.888710860688796,False,0.4036534088794279,True,16.19215796365636,0000003.txt,ob_0000013,True,27.16699722383723,farthest,0.6571112865676955,515.6488418579102,20
5.829811406361686,False,0.23355583020812296,True,16.19215796365636,0000004.txt,ob_0000013,True,58.513588596799714,farthest,0.34783381372058897,492.6176071166992,20
11.920212208927024,False,0.3338643388679885,True,16.19215796365636,0000005.txt,ob_0000013,True,171.96662329278956,farthest,0.5075686256145847,489.38512802124023,20
8.116069319682007,False,0.48444354220823416,True,16.19215796365636,0000006.txt,ob_0000013,True,85.07905655086097,farthest,0.868343945404107,473.7417697906494,20
7.819671094418132,False,0.26798548714179726,True,16.19215796365636,0000007.txt,ob_0000013,True,82.03078500428141,farthest,0.588873577166799,474.93839263916016,20
10.06004280400491,False,0.249632236506813,True,16.19215796365636,0000008.txt,ob_0000013,True,114.85404341040419,farthest,0.32118212114768036,476.61590576171875,20
2.17523736456836,False,0.28783982087794535,True,16.19215796365636,0000009.txt,ob_0000013,True,21.124655943157677,farthest,0.24785670768017504,486.03081703186035,20
2.9069607229093744,False,0.2190087590888939,True,16.19215796365636,0000010.txt,ob_0000013,True,28.215570978839793,farthest,0.1693762466218571,468.68300437927246,20
8.246205645576019,False,0.3201376827205627,True,16.19215796365636,0000011.txt,ob_0000013,True,87.50352518237659,farthest,0.2564605149643447,463.78636360168457,20
2.9460111798256663,False,0.28503046801545284,True,16.19215796365636,0000012.txt,ob_0000013,True,28.503553818533945,farthest,0.4553073533510447,464.1761779785156,20
5.5117821782465,False,0.3580538378833781,True,16.19215796365636,0000013.txt,ob_0000013,True,54.80526314079453,farthest,0.5899128921591349,467.0991897583008,20
11.604352484722144,False,0.1958173723414402,True,16.19215796365636,0000014.txt,ob_0000013,True,152.89899089141574,farthest,0.1658839785405168,453.5088539123535,20
5.624666731754783,False,0.2652592940557975,True,16.19215796365636,0000015.txt,ob_0000013,True,56.12438834875003,farthest,0.31249291351661856,468.4896469116211,20
0.5326840921774301,True,0.1986431128459664,True,16.19215796365636,0000000.txt,ob_0000013,True,4.635449897709728,farthest,0.25561180861021326,973.0761051177979,50
6.530524912640281,False,0.253195715058538,True,16.19215796365636,0000001.txt,ob_0000013,True,66.28477149682183,farthest,0.31230795928598937,967.3700332641602,50
10.91665921017779,False,0.24129334732907506,True,16.19215796365636,0000002.txt,ob_0000013,True,132.2717844966722,farthest,0.31583907581959386,990.4496669769287,50
2.8887309182856082,False,0.4036671811225885,True,16.19215796365636,0000003.txt,ob_0000013,True,27.16712577010508,farthest,0.6571430868665837,972.550630569458,50
9.03522164230005,False,0.25084452034155497,True,16.19215796365636,0000004.txt,ob_0000013,True,98.40481088687376,farthest,0.3581708431645394,987.6832962036133,50
11.920212208927024,False,0.3338643388679885,True,16.19215796365636,0000005.txt,ob_0000013,True,171.96662329278956,farthest,0.5075686256145847,990.6177520751953,50
8.116069319682007,False,0.48444354220823416,True,16.19215796365636,0000006.txt,ob_0000013,True,85.07905655086097,farthest,0.868343945404107,1029.1414260864258,50
4.274540749277397,False,0.2709032676895261,True,16.19215796365636,0000007.txt,ob_0000013,True,42.01002127972658,farthest,0.5667143827626344,1008.1093311309814,50
10.06004280400491,False,0.249632236506813,True,16.19215796365636,0000008.txt,ob_0000013,True,114.85404341040419,farthest,0.32118212114768036,989.6323680877686,50
10.254051199741927,False,0.29191808051049356,True,16.19215796365636,0000009.txt,ob_0000013,True,118.54999902784846,farthest,0.24750889847535473,996.9868659973145,50
7.458197362773696,False,0.2180267673024345,True,16.19215796365636,0000010.txt,ob_0000013,True,77.39448066262477,farthest,0.16997738994656705,979.1884422302246,50
8.246205645576019,False,0.3201376827205627,True,16.19215796365636,0000011.txt,ob_0000013,True,87.50352518237659,farthest,0.2564605149643447,977.9160022735596,50
2.9460111798256663,False,0.28503046801545284,True,16.19215796365636,0000012.txt,ob_0000013,True,28.503553818533945,farthest,0.4553073533510447,1039.747714996338,50
6.295229907780738,False,0.3532693390461882,True,16.19215796365636,0000013.txt,ob_0000013,True,63.33225443561158,farthest,0.5414886101285835,1009.0265274047852,50
11.604352484722144,False,0.1958173723414402,True,16.19215796365636,0000014.txt,ob_0000013,True,152.89899089141574,farthest,0.1658839785405168,976.4246940612793,50
9.963313204121535,False,0.30521840624096463,True,16.19215796365636,0000015.txt,ob_0000013,True,112.95125191961374,farthest,0.4238404495221501,982.4600219726562,50
7.88145240348701,False,0.8172596207959968,True,12.498999168733473,0000000.txt,ob_0000014,True,179.89615048760572,random,1.4804436501000664,322.4220275878906,1
7.944940755005373,False,1.772947911091242,False,12.498999168733473,0000001.txt,ob_0000014,True,177.8386055153346,random,5.220120254170294,299.9563217163086,1
6.133341919396132,False,1.3100074521880771,False,12.498999168733473,0000002.txt,ob_0000014,True,106.96052271510793,random,3.088173561895423,259.52649116516113,1
7.30058809697747,False,1.9363156025265722,False,12.498999168733473,0000003.txt,ob_0000014,True,91.72997598708669,random,5.068832531882631,266.31760597229004,1
4.9236149322952105,False,0.3467070638191102,True,12.498999168733473,0000004.txt,ob_0000014,True,84.67280780651421,random,1.6402732610297333,251.15394592285156,1
8.420463560630777,False,2.7918975930968015,False,12.498999168733473,0000005.txt,ob_0000014,True,108.69459697215903,random,5.53498006638028,288.3000373840332,1
8.324171815522375,False,2.3183290147850677,False,12.498999168733473,0000006.txt,ob_0000014,True,175.10407933900174,random,5.679010844535041,272.80497550964355,1
8.105839988993303,False,1.817745491088979,False,12.498999168733473,0000007.txt,ob_0000014,True,164.27052158715645,random,5.391893196747137,288.8171672821045,1
7.524014445201148,False,0.7848625038278271,True,12.498999168733473,0000008.txt,ob_0000014,True,179.6248361744542,random,0.5859102111743062,288.29169273376465,1
8.439725763077298,False,2.637906854357818,False,12.498999168733473,0000009.txt,ob_0000014,True,134.6152084834475,random,4.546922991138862,265.610933303833,1
8.929040962314465,False,3.358234864276289,False,12.498999168733473,0000010.txt,ob_0000014,True,107.85854102242207,random,6.832034491045413,287.33181953430176,1
7.8082382860917,False,1.763939288234619,False,12.498999168733473,0000011.txt,ob_0000014,True,153.5718353238924,random,3.0788449413762127,275.4349708557129,1
6.958048873540693,False,0.9261609093840196,True,12.498999168733473,0000012.txt,ob_0000014,True,156.73585009114797,random,1.7059132852597383,258.9831352233887,1
6.291283502797734,False,0.9332225104742908,True,12.498999168733473,0000013.txt,ob_0000014,True,110.61081821157224,random,2.2770480656436853,259.83572006225586,1
6.440634033703308,False,1.6243424354723857,False,12.498999168733473,0000014.txt,ob_0000014,True,112.95240120701479,random,3.584397553754219,269.7138786315918,1
9.174385981659869,False,3.1326358827919134,False,12.498999168733473,0000015.txt,ob_0000014,True,123.14239181828613,random,7.383308387917138,258.69202613830566,1
8.478545110014938,False,2.287358868672491,False,12.498999168733473,0000000.txt,ob_0000014,True,173.26282345086864,random,4.657986702887865,288.8972759246826,3
5.59795895608678,False,0.632446809065188,True,12.498999168733473,0000001.txt,ob_0000014,True,97.38081938307332,random,2.226163903048475,268.51344108581543,3
6.507568165657143,False,0.8419977621742079,True,12.498999168733473,0000002.txt,ob_0000014,True,124.11714842160757,random,1.820745672085092,292.0374870300293,3
3.0165282418900787,False,0.8458174403045274,True,12.498999168733473,0000003.txt,ob_0000014,True,36.13110906140811,random,2.1053123566234686,271.67415618896484,3
6.063909790463854,False,1.3792396291426101,False,12.498999168733473,0000004.txt,ob_0000014,True,103.70063707867271,random,3.4601030405484554,279.8910140991211,3
8.72558523426505,False,3.1019820142474788,False,12.498999168733473,0000005.txt,ob_0000014,True,131.60485641610006,random,5.691396166466449,277.9228687286377,3
8.529177850702833,False,2.4855206960864322,False,12.498999168733473,0000006.txt,ob_0000014,True,168.92635404320296,random,5.956717638385569,277.61363983154297,3
10.889872234510566,False,4.977374079999708,False,12.498999168733473,0000007.txt,ob_0000014,True,109.56113096660692,random,9.621165917088806,258.43214988708496,3
8.155750116345835,False,2.7076441015684938,False,12.498999168733473,0000008.txt,ob_0000014,True,106.84189511029456,random,5.622617925220191,271.36754989624023,3
7.84629340038068,False,2.1395443609944844,False,12.498999168733473,0000009.txt,ob_0000014,True,133.685861746291,random,3.66435565799385,255.58924674987793,3
6.108685391672742,False,1.3075076321464794,False,12.498999168733473,0000010.txt,ob_0000014,True,106.62885464362748,random,3.038314175648712,267.3022747039795,3
3.110870458256833,False,0.4327642313614033,True,12.498999168733473,0000011.txt,ob_0000014,True,49.3716224203504,random,1.2191648785142515,262.9878520965576,3
0.22916609568811971,True,0.1715034726747249,True,12.498999168733473,0000012.txt,ob_0000014,True,2.4712428292534896,random,0.15212226605651158,262.2566223144531,3
7.075449710635898,False,2.5493838570214877,False,12.498999168733473,0000013.txt,ob_0000014,True,119.37270869724313,random,5.235152343575941,265.9413814544678,3
7.100234368999452,False,1.1483518906968828,True,12.498999168733473,0000014.txt,ob_0000014,True,135.44047249122295,random,2.4469047345795323,292.04845428466797,3
7.894826329344422,False,0.8207606317884631,True,12.498999168733473,0000015.txt,ob_0000014,True,178.21342458326887,random,1.9596415827802633,259.7477436065674,3
4.931202219399822,False,1.128499188225265,True,12.498999168733473,0000000.txt,ob_0000014,True,71.75048880251857,random,1.5848270748764215,280.2753448486328,5
1.0463201558347854,True,0.5468358426116545,True,12.498999168733473,0000001.txt,ob_0000014,True,3.4081445033164943,random,1.0164041665792487,291.60332679748535,5
0.3684459628279188,True,0.24541132930681941,True,12.498999168733473,0000002.txt,ob_0000014,True,2.5542563928792608,random,0.339881712973974,269.95182037353516,5
6.529408480525863,False,1.4803843652527617,False,12.498999168733473,0000003.txt,ob_0000014,True,112.3956137155437,random,3.756591388597246,294.3389415740967,5
5.520038163532704,False,0.3437482912943066,True,12.498999168733473,0000004.txt,ob_0000014,True,98.89431758280548,random,1.6392471239321151,303.29203605651855,5
6.232915915253597,False,0.32419622885232635,True,12.498999168733473,0000005.txt,ob_0000014,True,118.2527753142398,random,1.8044753519026175,281.4195156097412,5
8.062228996441299,False,2.752690572002959,False,12.498999168733473,0000006.txt,ob_0000014,True,93.14382699695982,random,6.273986347745991,251.26338005065918,5
10.82252910544843,False,4.085716413558322,False,12.498999168733473,0000007.txt,ob_0000014,True,165.7497546294892,random,8.502603359239266,257.8151226043701,5
3.8715642366526763,False,0.3249259365678165,True,12.498999168733473,0000008.txt,ob_0000014,True,64.22653810797136,random,1.2080367886803163,267.69280433654785,5
7.978004071565244,False,1.8028370146318071,False,12.498999168733473,0000009.txt,ob_0000014,True,153.44290123003591,random,4.145729005286091,260.7851028442383,5
8.598490544165395,False,3.27102706411343,False,12.498999168733473,0000010.txt,ob_0000014,True,91.48683713409177,random,6.500519250177103,246.9620704650879,5
0.7035464262463167,True,0.3707618778218323,True,12.498999168733473,0000011.txt,ob_0000014,True,6.419298063443115,random,0.6219890893539766,248.13413619995117,5
8.506234132021133,False,2.6645191326876363,False,12.498999168733473,0000012.txt,ob_0000014,True,144.4001473867554,random,4.154698211077721,355.7910919189453,5
7.204038578551189,False,2.717777006874937,False,12.498999168733473,0000013.txt,ob_0000014,True,116.74917757028642,random,5.5945989930629185,248.98338317871094,5
3.368078526088034,False,0.4184830709093533,True,12.498999168733473,0000014.txt,ob_0000014,True,55.47697370316246,random,0.7670964210613007,292.4513816833496,5
6.3114201453913115,False,0.3170494197051327,True,12.498999168733473,0000015.txt,ob_0000014,True,119.55923991157985,random,2.112986733093878,266.0698890686035,5
7.649507196445134,False,0.8332277615438392,True,12.498999168733473,0000000.txt,ob_0000014,True,179.84715971855877,random,0.5015257601832965,336.9910717010498,10
5.4853799485302375,False,0.6391902773998948,True,12.498999168733473,0000001.txt,ob_0000014,True,94.49721007128085,random,2.222790234210905,371.19221687316895,10
0.40136291653905115,True,0.2551004434474822,True,12.498999168733473,0000002.txt,ob_0000014,True,3.4237018712621525,random,0.3562184730893328,324.7861862182617,10
6.356360994375751,False,1.3775395634039418,False,12.498999168733473,0000003.txt,ob_0000014,True,109.94223478429387,random,3.433084340424994,321.9759464263916,10
0.27937141701181495,True,0.2159678899979596,True,12.498999168733473,0000004.txt,ob_0000014,True,1.8092621383472673,random,0.2603495649923818,323.79746437072754,10
9.100611021425225,False,3.4386506707682716,False,12.498999168733473,0000005.txt,ob_0000014,True,131.94912908817042,random,7.322182214514925,323.3659267425537,10
4.737018655102552,False,0.7030343370719618,True,12.498999168733473,0000006.txt,ob_0000014,True,75.92998603079891,random,1.708558962591417,317.5528049468994,10
10.859166510003584,False,4.291234451121132,False,12.498999168733473,0000007.txt,ob_0000014,True,153.93540342291183,random,9.441206741074259,312.4074935913086,10
7.260368681542026,False,0.33818928309527624,True,12.498999168733473,0000008.txt,ob_0000014,True,170.1110719100379,random,2.338107275161443,334.41901206970215,10
7.574384749305631,False,0.8806679390898443,True,12.498999168733473,0000009.txt,ob_0000014,True,178.31589727264998,random,1.1365910270083883,312.5796318054199,10
9.709989675973224,False,3.5147562220166795,False,12.498999168733473,0000010.txt,ob_0000014,True,178.3128958208422,random,7.906560393990832,337.16368675231934,10
3.0210320011647083,False,0.44594877502637753,True,12.498999168733473,0000011.txt,ob_0000014,True,47.766570553651945,random,1.1781489472159292,348.5753536224365,10
6.796173776703103,False,0.3150626921629501,True,12.498999168733473,0000012.txt,ob_0000014,True,137.97500184480543,random,2.0989437742990757,317.1381950378418,10
4.502790439974669,False,0.5606441543607048,True,12.498999168733473,0000013.txt,ob_0000014,True,74.08999225717159,random,1.7561720765504625,322.6597309112549,10
3.368078526088034,False,0.4184830709093533,True,12.498999168733473,0000014.txt,ob_0000014,True,55.47697370316246,random,0.7670964210613007,360.795259475708,10
7.304945233375713,False,0.32154112789078404,True,12.498999168733473,0000015.txt,ob_0000014,True,178.820705560292,random,2.473791475725603,374.4699954986572,10
7.135238785094076,False,0.3277501977528845,True,12.498999168733473,0000000.txt,ob_0000014,True,157.51227443553765,random,2.1895385590443293,513.1232738494873,20
5.455436086003518,False,0.6497716405759315,True,12.498999168733473,0000001.txt,ob_0000014,True,93.60639876032288,random,2.2245882365288945,477.50043869018555,20
0.40123876027799216,True,0.2550543287747791,True,12.498999168733473,0000002.txt,ob_0000014,True,3.4200872518733476,random,0.35622484169763685,471.25887870788574,20
4.246839380835115,False,0.3888879953370543,True,12.498999168733473,0000003.txt,ob_0000014,True,71.23693233601273,random,1.3452254873029679,468.83296966552734,20
0.2631391664231815,True,0.20564808061266168,True,12.498999168733473,0000004.txt,ob_0000014,True,2.133342534141603,random,0.23366713714381174,478.8391590118408,20
3.6959038982171366,False,0.33109084613683093,True,12.498999168733473,0000005.txt,ob_0000014,True,60.928927679748945,random,1.230282587896286,489.05229568481445,20
6.514676766683405,False,0.37466822127958205,True,12.498999168733473,0000006.txt,ob_0000014,True,125.44535859496443,random,2.324939774381439,477.3449897766113,20
7.296568621302632,False,0.3587626018486336,True,12.498999168733473,0000007.txt,ob_0000014,True,172.1086016129167,random,2.494910375897723,478.4109592437744,20
4.274601103103334,False,0.3471678556394726,True,12.498999168733473,0000008.txt,ob_0000014,True,71.66003815439267,random,1.4063480758779392,468.16277503967285,20
7.82785738206703,False,0.9388123269752808,True,12.498999168733473,0000009.txt,ob_0000014,True,177.87603672413724,random,2.0818287698921454,464.8258686065674,20
6.486583958235814,False,0.3467871089076255,True,12.498999168733473,0000010.txt,ob_0000014,True,125.75752690240046,random,2.051326042649443,459.31482315063477,20
2.952199579058781,False,0.44510471823641107,True,12.498999168733473,0000011.txt,ob_0000014,True,46.59585096330049,random,1.1564433634165177,467.61560440063477,20
5.082932056064125,False,0.3141923342057311,True,12.498999168733473,0000012.txt,ob_0000014,True,88.198808470889,random,1.678327095196365,475.55088996887207,20
2.977789038614966,False,0.4937639175104289,True,12.498999168733473,0000013.txt,ob_0000014,True,46.23966110302004,random,1.2656355260325713,477.71739959716797,20
4.255806519899147,False,0.4194580067314901,True,12.498999168733473,0000014.txt,ob_0000014,True,72.13612502528274,random,1.0241453362899227,493.3793544769287,20
7.486215799170842,False,0.7438295548132843,True,12.498999168733473,0000015.txt,ob_0000014,True,177.39950142782635,random,0.3038328219256187,481.72450065612793,20
5.0422811877257665,False,0.3258899801559187,True,12.498999168733473,0000000.txt,ob_0000014,True,87.71493150475939,random,1.5619042671423733,1003.9083957672119,50
1.0259465123781502,True,0.5333447398550661,True,12.498999168733473,0000001.txt,ob_0000014,True,4.00783495511672,random,0.9865067795398117,988.4562492370605,50
0.35074374175483686,True,0.24192912089282476,True,12.498999168733473,0000002.txt,ob_0000014,True,1.964767035312446,random,0.33614718380613606,1001.8703937530518,50
0.3300479550216868,True,0.23117195533220772,True,12.498999168733473,0000003.txt,ob_0000014,True,2.056367911280679,random,0.31995970865754486,1003.7121772766113,50
0.28064635190566645,True,0.2167479891810592,True,12.498999168733473,0000004.txt,ob_0000014,True,1.767280127250382,random,0.2623095270281055,985.3997230529785,50
0.2588890450221481,True,0.1891779854286813,True,12.498999168733473,0000005.txt,ob_0000014,True,2.6859898827261346,random,0.19057654578437475,1038.9316082000732,50
0.3896945866232133,True,0.257984365279998,True,12.498999168733473,0000006.txt,ob_0000014,True,1.983607272583641,random,0.37412789185574535,1032.4454307556152,50
7.443169222565664,False,0.8169409531970907,True,12.498999168733473,0000007.txt,ob_0000014,True,178.43557527203845,random,0.7798878659600483,1025.7956981658936,50
1.2526300103286852,False,0.2977842310143161,True,12.498999168733473,0000008.txt,ob_0000014,True,19.616946543210776,random,0.3727254571729784,1013.756275177002,50
1.4977592779510331,False,0.37920665161012757,True,12.498999168733473,0000009.txt,ob_0000014,True,22.52432542273145,random,0.7746526665092093,1044.5623397827148,50
0.3145251818158055,True,0.23154919628546772,True,12.498999168733473,0000010.txt,ob_0000014,True,1.2635367685455077,random,0.2977932946696461,1042.2673225402832,50
0.6478862532808153,True,0.36266686095219736,True,12.498999168733473,0000011.txt,ob_0000014,True,4.97920679589236,random,0.6078414882666661,1053.2431602478027,50
0.16264311117822125,True,0.14334094901161867,True,12.498999168733473,0000012.txt,ob_0000014,True,1.0027848209299892,random,0.14273019269079948,1060.6918334960938,50
0.9353780786305372,True,0.4602472296606699,True,12.498999168733473,0000013.txt,ob_0000014,True,7.9960378257444304,random,0.8126324947531186,1051.1157512664795,50
4.435240375821753,False,0.4077666957305992,True,12.498999168733473,0000014.txt,ob_0000014,True,75.6228612711708,random,1.0751132509738357,1032.1118831634521,50
0.2155871870973135,True,0.17140185490596968,True,12.498999168733473,0000015.txt,ob_0000014,True,2.534201452196671,random,0.15343339645659293,1052.2854328155518,50
6.587480840193839,False,1.8422228233068656,False,12.498999168733473,0000000.txt,ob_0000014,True,86.48212553801329,farthest,4.2400081615563785,354.351282119751,1
8.35231700875385,False,2.257367019324534,False,12.498999168733473,0000001.txt,ob_0000014,True,167.55399121035455,farthest,5.852896229289002,254.89187240600586,1
5.98754875495345,False,0.7579030578909353,True,12.498999168733473,0000002.txt,ob_0000014,True,101.42140198267434,farthest,1.2739219954510135,248.7809658050537,1
9.541934969996479,False,3.485088797398174,False,12.498999168733473,0000003.txt,ob_0000014,True,170.65471746613042,farthest,8.246056647092894,239.45331573486328,1
8.13899427018524,False,2.467795814577118,False,12.498999168733473,0000004.txt,ob_0000014,True,147.47949602757438,farthest,6.3265404944896115,246.4432716369629,1
6.849579968420894,False,1.064461043743473,True,12.498999168733473,0000005.txt,ob_0000014,True,148.5243182364379,farthest,2.0903332596227244,233.475923538208,1
8.492452948367948,False,2.7057843906832,False,12.498999168733473,0000006.txt,ob_0000014,True,120.73719079517473,farthest,6.6134547143283,279.67095375061035,1
9.478015640109277,False,3.081342988528949,False,12.498999168733473,0000007.txt,ob_0000014,True,159.95369751453103,farthest,7.1568336706633495,237.24865913391113,1
5.942353421323014,False,1.4929977398058427,False,12.498999168733473,0000008.txt,ob_0000014,True,90.54026726790077,farthest,2.716499425049575,249.58372116088867,1
7.468118022508635,False,2.347758537715233,False,12.498999168733473,0000009.txt,ob_0000014,True,92.1423839568397,farthest,5.243265834699778,243.7765598297119,1
8.257157234007561,False,2.3210278242125066,False,12.498999168733473,0000010.txt,ob_0000014,True,160.77363344680714,farthest,5.9420204893739195,263.14854621887207,1
6.940291296056148,False,2.0475612181672704,False,12.498999168733473,0000011.txt,ob_0000014,True,96.04266973609671,farthest,4.199513146783043,287.13011741638184,1
6.307509547535978,False,1.1824384710702494,True,12.498999168733473,0000012.txt,ob_0000014,True,128.1410371230133,farthest,2.117173493050199,241.73641204833984,1
5.6178109518732375,False,0.9129981011140481,True,12.498999168733473,0000013.txt,ob_0000014,True,101.3980841647985,farthest,1.4173521544834586,252.50625610351562,1
5.359212963919162,False,0.953829649246906,True,12.498999168733473,0000014.txt,ob_0000014,True,97.80362203686634,farthest,1.3306070037203375,269.6833610534668,1
8.870578947727182,False,2.587598877491601,False,12.498999168733473,0000015.txt,ob_0000014,True,153.28993564564527,farthest,6.818678364061206,246.78516387939453,1
8.65048018978751,False,2.692685516585979,False,12.498999168733473,0000000.txt,ob_0000014,True,165.76114355061452,farthest,4.717904897012666,329.4193744659424,3
9.038234075574106,False,2.8101863397756754,False,12.498999168733473,0000001.txt,ob_0000014,True,125.65915867975868,farthest,5.937964722145209,277.1563529968262,3
8.254409565092763,False,2.694606621106407,False,12.498999168733473,0000002.txt,ob_0000014,True,112.35201373692703,farthest,5.209347575659521,317.3820972442627,3
8.705595084217617,False,3.082679526931568,False,12.498999168733473,0000003.txt,ob_0000014,True,102.40829428276204,farthest,6.860563881417632,331.35175704956055,3
7.7711184443731725,False,2.5536244878300476,False,12.498999168733473,0000004.txt,ob_0000014,True,118.18051838801563,farthest,5.305512693962712,262.1569633483887,3
8.426557447652867,False,2.7471840361760878,False,12.498999168733473,0000005.txt,ob_0000014,True,136.46731372038988,farthest,5.4073627682110414,265.98262786865234,3
9.028233491834017,False,3.334768367729588,False,12.498999168733473,0000006.txt,ob_0000014,True,108.82990242418794,farthest,6.753683231215889,291.5170192718506,3
9.069277582370137,False,3.379607630564273,False,12.498999168733473,0000007.txt,ob_0000014,True,106.01217930674436,farthest,7.821054787198999,256.52170181274414,3
8.438950572031935,False,2.427787056962559,False,12.498999168733473,0000008.txt,ob_0000014,True,151.80104260717673,farthest,4.498322509894905,257.4124336242676,3
8.116817016181319,False,1.87110634615665,False,12.498999168733473,0000009.txt,ob_0000014,True,170.1724354191991,farthest,3.798033844812461,253.5727024078369,3
8.744771964149292,False,3.117835106683169,False,12.498999168733473,0000010.txt,ob_0000014,True,112.30677498232745,farthest,6.5488252689920365,276.84736251831055,3
7.931382094406385,False,1.9159256814643362,False,12.498999168733473,0000011.txt,ob_0000014,True,142.12277269873513,farthest,3.5031312904963334,258.78143310546875,3
7.676428079649845,False,1.124900747054527,True,12.498999168733473,0000012.txt,ob_0000014,True,169.42190569893413,farthest,3.377049717254084,270.3440189361572,3
8.984764226567588,False,3.006441052600959,False,12.498999168733473,0000013.txt,ob_0000014,True,160.49310690320604,farthest,5.921348708546707,301.4845848083496,3
5.416558006567658,False,0.9516921217355478,True,12.498999168733473,0000014.txt,ob_0000014,True,99.03869563598677,farthest,1.3526002955757903,283.59508514404297,3
9.232390017707493,False,3.4536632072221787,False,12.498999168733473,0000015.txt,ob_0000014,True,103.50970135070433,farthest,7.44777795973283,319.9729919433594,3
5.189794954247613,False,0.3001404567905508,True,12.498999168733473,0000000.txt,ob_0000014,True,90.85992865126548,farthest,1.6741255613131172,323.43387603759766,5
2.9942459096941025,False,0.6363564200406758,True,12.498999168733473,0000001.txt,ob_0000014,True,44.358495274817216,farthest,1.5578725113298437,264.27626609802246,5
7.299572462789919,False,0.34670509086062357,True,12.498999168733473,0000002.txt,ob_0000014,True,173.37330088817325,farthest,2.5001106791959793,257.14111328125,5
3.6583870348854512,False,0.36585158814636903,True,12.498999168733473,0000003.txt,ob_0000014,True,59.5339340679185,farthest,1.3583876195664188,240.92555046081543,5
0.2848366708237619,True,0.21959742941308635,True,12.498999168733473,0000004.txt,ob_0000014,True,1.845949189608222,farthest,0.26463763165312426,313.02452087402344,5
0.23299702888988089,True,0.17992133012783681,True,12.498999168733473,0000005.txt,ob_0000014,True,2.29632335058178,farthest,0.17342979057463814,254.5320987701416,5
7.293494429361012,False,0.3597987852986665,True,12.498999168733473,0000006.txt,ob_0000014,True,171.2498889876013,farthest,2.507223015036299,281.1417579650879,5
5.428656880447196,False,0.3441269779428563,True,12.498999168733473,0000007.txt,ob_0000014,True,95.8927289677554,farthest,1.8053333454887854,239.38298225402832,5
5.903118132242795,False,0.325949408855449,True,12.498999168733473,0000008.txt,ob_0000014,True,108.32509634242041,farthest,1.8677285640209402,241.93811416625977,5
7.168299899255588,False,0.43319498580468946,True,12.498999168733473,0000009.txt,ob_0000014,True,153.36141513648897,farthest,2.7462750657508384,245.54777145385742,5
2.4154708771086177,False,0.350831296701478,True,12.498999168733473,0000010.txt,ob_0000014,True,38.21804142635625,farthest,0.8747872235411671,317.67868995666504,5
6.249023990837435,False,0.47834786981642874,True,12.498999168733473,0000011.txt,ob_0000014,True,116.93792980482372,farthest,2.152273783600704,256.84666633605957,5
0.19897392078148204,True,0.16090597169007032,True,12.498999168733473,0000012.txt,ob_0000014,True,1.8327382395096743,farthest,0.1489537622543111,282.7422618865967,5
4.017164588321882,False,0.4760976387317469,True,12.498999168733473,0000013.txt,ob_0000014,True,65.96368985456036,farthest,1.3869851473379997,276.25322341918945,5
1.0540003863462368,True,0.3768448794153956,True,12.498999168733473,0000014.txt,ob_0000014,True,14.597062045172127,farthest,0.6903314052113081,320.8644390106201,5
7.056655764685268,False,0.31071192603631215,True,12.498999168733473,0000015.txt,ob_0000014,True,150.72362510482162,farthest,2.282244622185961,304.950475692749,5
5.0095081490166855,False,0.3205449506178835,True,12.498999168733473,0000000.txt,ob_0000014,True,86.96115270444851,farthest,1.5669625373074327,396.94833755493164,10
2.9942459096941025,False,0.6363564200406758,True,12.498999168733473,0000001.txt,ob_0000014,True,44.358495274817216,farthest,1.5578725113298437,330.01065254211426,10
0.3800374656872358,True,0.24844251568781414,True,12.498999168733473,0000002.txt,ob_0000014,True,2.7662240099348057,farthest,0.34981622233335213,327.03471183776855,10
3.6583870348854512,False,0.36585158814636903,True,12.498999168733473,0000003.txt,ob_0000014,True,59.5339340679185,farthest,1.3583876195664188,328.2132148742676,10
0.2848366708237619,True,0.21959742941308635,True,12.498999168733473,0000004.txt,ob_0000014,True,1.845949189608222,farthest,0.26463763165312426,323.82726669311523,10
0.23299702888988089,True,0.17992133012783681,True,12.498999168733473,0000005.txt,ob_0000014,True,2.29632335058178,farthest,0.17342979057463814,333.0683708190918,10
0.3852020494564755,True,0.2600300624220887,True,12.498999168733473,0000006.txt,ob_0000014,True,2.422322484080343,farthest,0.36104312864487537,321.5653896331787,10
4.913580679244252,False,0.3959401302420769,True,12.498999168733473,0000007.txt,ob_0000014,True,83.77672165486152,farthest,1.8202243579126407,323.60005378723145,10
4.27241545709767,False,0.3472554063850398,True,12.498999168733473,0000008.txt,ob_0000014,True,71.61790402332683,farthest,1.405563102608217,324.25451278686523,10
1.3582871265592844,False,0.3580091807515964,True,12.498999168733473,0000009.txt,ob_0000014,True,20.66302807562828,farthest,0.6634278989741179,319.3080425262451,10
6.610356767520321,False,0.3589891382195865,True,12.498999168733473,0000010.txt,ob_0000014,True,129.8547876521857,farthest,2.149087863848093,316.3902759552002,10
0.6715987307303842,True,0.36193134360494866,True,12.498999168733473,0000011.txt,ob_0000014,True,5.941774946490192,farthest,0.6046212477747299,331.6841125488281,10
0.19897392078148204,True,0.16090597169007032,True,12.498999168733473,0000012.txt,ob_0000014,True,1.8327382395096743,farthest,0.1489537622543111,339.94460105895996,10
4.061144605282471,False,0.48772063851874975,True,12.498999168733473,0000013.txt,ob_0000014,True,66.27322443801407,farthest,1.5162140234129702,318.9373016357422,10
1.0540003863462368,True,0.3768448794153956,True,12.498999168733473,0000014.txt,ob_0000014,True,14.597062045172127,farthest,0.6903314052113081,334.28430557250977,10
4.065543230926924,False,0.33257558082436517,True,12.498999168733473,0000015.txt,ob_0000014,True,67.43414321532987,farthest,1.414154826995087,316.07723236083984,10
5.011577841696773,False,0.32645619426957506,True,12.498999168733473,0000000.txt,ob_0000014,True,87.01098222234205,farthest,1.564914200699309,496.37770652770996,20
7.4618455965468105,False,0.8146127010226394,True,12.498999168733473,0000001.txt,ob_0000014,True,174.5898185163903,farthest,0.7668002766008388,495.8064556121826,20
0.38793173256192803,True,0.24915419514029633,True,12.498999168733473,0000002.txt,ob_0000014,True,3.0623990580594684,farthest,0.35051461063469785,482.2070598602295,20
0.34701261514983284,True,0.23665150426038206,True,12.498999168733473,0000003.txt,ob_0000014,True,2.5386862964677985,farthest,0.32562481688650574,475.80933570861816,20
0.2834846003891287,True,0.2185978563844998,True,12.498999168733473,0000004.txt,ob_0000014,True,1.8937601287284813,farthest,0.26247620882494826,469.2246913909912,20
0.24856009560541317,True,0.1863332401097452,True,12.498999168733473,0000005.txt,ob_0000014,True,2.5067975295651377,farthest,0.18269113203454318,490.6790256500244,20
0.3865761566836955,True,0.25716188154442415,True,12.498999168733473,0000006.txt,ob_0000014,True,2.762557366884586,farthest,0.3546290799895357,468.14489364624023,20
0.41162816928146473,True,0.2776090229861695,True,12.498999168733473,0000007.txt,ob_0000014,True,3.0184280249878617,farthest,0.3699861450468938,469.12670135498047,20
4.274601103103334,False,0.3471678556394726,True,12.498999168733473,0000008.txt,ob_0000014,True,71.66003815439267,farthest,1.4063480758779392,481.6906452178955,20
3.721169300902325,False,0.43054644953641213,True,12.498999168733473,0000009.txt,ob_0000014,True,59.94470249590705,farthest,1.6066212744056123,489.2995357513428,20
6.570535880754654,False,0.36642760878677144,True,12.498999168733473,0000010.txt,ob_0000014,True,128.35376968306727,farthest,2.1433088286380486,498.61741065979004,20
0.6543668712259478,True,0.35731927638045025,True,12.498999168733473,0000011.txt,ob_0000014,True,5.588144757863446,farthest,0.5962746308436369,508.4054470062256,20
0.19820825794056707,True,0.16064037665918782,True,12.498999168733473,0000012.txt,ob_0000014,True,1.8022819394984992,farthest,0.1494242375768783,481.7068576812744,20
1.0858063432646363,True,0.44910642735204365,True,12.498999168733473,0000013.txt,ob_0000014,True,12.74390501688969,farthest,0.7788804348916539,473.88744354248047,20
1.0450771271102812,True,0.37698047374039184,True,12.498999168733473,0000014.txt,ob_0000014,True,14.426699506012431,farthest,0.6883822609311735,484.41314697265625,20
0.20448695738260023,True,0.1700181876509894,True,12.498999168733473,0000015.txt,ob_0000014,True,1.8957841919861882,farthest,0.16855558860797876,480.0701141357422,20
5.011577841696773,False,0.32645619426957506,True,12.498999168733473,0000000.txt,ob_0000014,True,87.01098222234205,farthest,1.564914200699309,1021.2035179138184,50
7.4618453400197255,False,0.8146130998793832,True,12.498999168733473,0000001.txt,ob_0000014,True,174.5898185163903,farthest,0.7668028515765761,1025.8471965789795,50
0.38793173256192803,True,0.24915419514029633,True,12.498999168733473,0000002.txt,ob_0000014,True,3.0623990580594684,farthest,0.35051461063469785,1045.0239181518555,50
0.34701261514983284,True,0.23665150426038206,True,12.498999168733473,0000003.txt,ob_0000014,True,2.5386862964677985,farthest,0.32562481688650574,1022.6013660430908,50
0.2834846003891287,True,0.2185978563844998,True,12.498999168733473,0000004.txt,ob_0000014,True,1.8937601287284813,farthest,0.26247620882494826,1053.3287525177002,50
0.24856009560541317,True,0.1863332401097452,True,12.498999168733473,0000005.txt,ob_0000014,True,2.5067975295651377,farthest,0.18269113203454318,1052.34956741333,50
0.3865761566836955,True,0.25716188154442415,True,12.498999168733473,0000006.txt,ob_0000014,True,2.762557366884586,farthest,0.3546290799895357,1045.9606647491455,50
0.41162816928146473,True,0.2776090229861695,True,12.498999168733473,0000007.txt,ob_0000014,True,3.0184280249878617,farthest,0.3699861450468938,1045.4285144805908,50
4.274601103103334,False,0.3471678556394726,True,12.498999168733473,0000008.txt,ob_0000014,True,71.66003815439267,farthest,1.4063480758779392,1047.9085445404053,50
3.723939329239233,False,0.43017887730473664,True,12.498999168733473,0000009.txt,ob_0000014,True,59.999498991310354,farthest,1.6065307983294272,1014.8215293884277,50
6.570535880754654,False,0.36642760878677144,True,12.498999168733473,0000010.txt,ob_0000014,True,128.35376968306727,farthest,2.1433088286380486,1017.5125598907471,50
0.622282061309765,True,0.3520690153016441,True,12.498999168733473,0000011.txt,ob_0000014,True,3.7856960463981926,farthest,0.5894500525932794,1022.7901935577393,50
0.19820858940420932,True,0.1606406041115049,True,12.498999168733473,0000012.txt,ob_0000014,True,1.8022819394984992,farthest,0.14942464820867682,1017.1835422515869,50
1.1568679630553973,True,0.5113198543222637,True,12.498999168733473,0000013.txt,ob_0000014,True,11.419528503017865,farthest,0.904621945344641,1007.3451995849609,50
1.0450683093912234,True,0.3769800393304274,True,12.498999168733473,0000014.txt,ob_0000014,True,14.426493081471769,farthest,0.6883822609311735,1007.8961849212646,50
0.20448695738260023,True,0.1700181876509894,True,12.498999168733473,0000015.txt,ob_0000014,True,1.8957841919861882,farthest,0.16855558860797876,1008.9197158813477,50
12.640254084766406,False,4.22982831801236,False,22.616967240326453,0000000.txt,ob_0000015,True,160.48796415797548,random,6.554550391762554,273.6327648162842,1
12.232355551544643,False,1.697966849745821,True,22.616967240326453,0000001.txt,ob_0000015,True,172.83571681521917,random,2.5774760654945843,270.96009254455566,1
11.14207339286687,False,4.584946259297911,False,22.616967240326453,0000002.txt,ob_0000015,True,124.48934447121775,random,9.192888708224146,253.41367721557617,1
13.22277169885337,False,4.21908669401221,False,22.616967240326453,0000003.txt,ob_0000015,True,168.3947386334199,random,10.907883769931091,253.30114364624023,1
8.142134021923571,False,4.249877190730519,False,22.616967240326453,0000004.txt,ob_0000015,True,79.32492556901961,random,8.683842152023095,249.94540214538574,1
11.81840306659198,False,4.7288973338037055,False,22.616967240326453,0000005.txt,ob_0000015,True,121.88532068910676,random,9.45908491190378,256.23440742492676,1
7.978038853148814,False,0.744331701189637,True,22.616967240326453,0000006.txt,ob_0000015,True,174.2537463247464,random,2.8123477221173454,236.39917373657227,1
12.431124806077722,False,1.1930080442495825,True,22.616967240326453,0000007.txt,ob_0000015,True,174.56982460035408,random,1.4168866177422546,245.93305587768555,1
11.801347346180945,False,4.136746705629338,False,22.616967240326453,0000008.txt,ob_0000015,True,173.4847074922884,random,8.138511871983745,241.54257774353027,1
12.536903316371776,False,1.5308634949506574,True,22.616967240326453,0000009.txt,ob_0000015,True,159.9886994707497,random,2.3173528324439308,261.33060455322266,1
9.907887981988154,False,3.038563469426863,False,22.616967240326453,0000010.txt,ob_0000015,True,175.57194039305057,random,6.739382815724601,282.21702575683594,1
11.328832566766131,False,5.360165248202731,False,22.616967240326453,0000011.txt,ob_0000015,True,161.03004622275108,random,9.189586160849085,284.3437194824219,1
10.13434005813192,False,4.18620847884165,False,22.616967240326453,0000012.txt,ob_0000015,True,115.7654436363272,random,7.458695743506983,244.53449249267578,1
8.050698009685313,False,0.8021677237044609,True,22.616967240326453,0000013.txt,ob_0000015,True,172.68935696017428,random,2.401898443396775,273.44298362731934,1
13.935180422403617,False,2.7569068727652764,False,22.616967240326453,0000014.txt,ob_0000015,True,172.10746328095598,random,2.89033559438039,251.10507011413574,1
8.117911314018658,False,0.7770550410857039,True,22.616967240326453,0000015.txt,ob_0000015,True,179.55353908189016,random,1.7475391250411123,260.8625888824463,1
8.643601665581267,False,4.089992828708305,False,22.616967240326453,0000000.txt,ob_0000015,True,97.32112745286194,random,5.826806576338648,315.7529830932617,3
2.8849148392255595,False,0.9424749692327101,True,22.616967240326453,0000001.txt,ob_0000015,True,25.041965501478433,random,1.0495603167943552,309.1387748718262,3
0.20905104773164518,True,0.17814089975810388,True,22.616967240326453,0000002.txt,ob_0000015,True,1.817562025847512,random,0.08036992407305815,258.67533683776855,3
0.7108246377273149,True,0.3933121616359518,True,22.616967240326453,0000003.txt,ob_0000015,True,4.479853960786072,random,0.6277466339988164,246.63710594177246,3
0.34158424449740254,True,0.24723519095903712,True,22.616967240326453,0000004.txt,ob_0000015,True,2.978855312096881,random,0.2574730246426411,261.9144916534424,3
0.2863579312755735,True,0.23171506066474745,True,22.616967240326453,0000005.txt,ob_0000015,True,2.581183114647057,random,0.16764467483524362,264.82629776000977,3
7.9611147708926815,False,0.7361474018193239,True,22.616967240326453,0000006.txt,ob_0000015,True,174.3110113446231,random,3.009447138697503,240.3881549835205,3
10.317077998227282,False,2.0608474474775123,True,22.616967240326453,0000007.txt,ob_0000015,True,172.76869305388075,random,8.272222569807242,249.2520809173584,3
12.650525058611006,False,7.285675853595332,False,22.616967240326453,0000008.txt,ob_0000015,True,126.26867304009697,random,7.057485316856746,245.77617645263672,3
13.876758063671623,False,7.40826521909501,False,22.616967240326453,0000009.txt,ob_0000015,True,115.7760809479834,random,8.12282629899762,257.22455978393555,3
9.624905554541034,False,2.6516290075224713,False,22.616967240326453,0000010.txt,ob_0000015,True,168.90749655929847,random,3.751592485905722,240.8447265625,3
0.38610557690371683,True,0.28372250300658086,True,22.616967240326453,0000011.txt,ob_0000015,True,2.33703773407833,random,0.3546084348034395,303.6675453186035,3
14.631540911349623,False,1.6019932329320938,True,22.616967240326453,0000012.txt,ob_0000015,True,172.01282539940533,random,6.023326728690924,276.19314193725586,3
8.05794916917302,False,0.852064641721427,True,22.616967240326453,0000013.txt,ob_0000015,True,171.28271436694772,random,2.2613395254967266,290.2944087982178,3
0.3276277900412821,True,0.23943763258251777,True,22.616967240326453,0000014.txt,ob_0000015,True,3.675845555883436,random,0.10616002453402368,319.610595703125,3
10.971063715920977,False,1.8738413061464125,True,22.616967240326453,0000015.txt,ob_0000015,True,104.4969795799788,random,2.9568132007514163,388.67998123168945,3
14.500343017395418,False,5.608107337371965,False,22.616967240326453,0000000.txt,ob_0000015,True,135.7270758202051,random,10.342093253906212,331.937313079834,5
14.738986729900263,False,3.4169468729395525,False,22.616967240326453,0000001.txt,ob_0000015,True,173.5747758029047,random,8.04122970446729,264.4238471984863,5
0.20979080589210397,True,0.17942079979029127,True,22.616967240326453,0000002.txt,ob_0000015,True,1.8109849162625489,random,0.08623284202348822,307.8494071960449,5
0.6731602912704782,True,0.3835211598126142,True,22.616967240326453,0000003.txt,ob_0000015,True,4.304465465074829,random,0.5725371860314806,251.5237331390381,5
14.713233829281123,False,1.4075564199958535,True,22.616967240326453,0000004.txt,ob_0000015,True,177.38456902614587,random,6.293784048934993,276.9796848297119,5
0.28150882518243214,True,0.22707855426621426,True,22.616967240326453,0000005.txt,ob_0000015,True,2.5234224093148763,random,0.1623359415802801,245.14460563659668,5
0.2364578747095538,True,0.18483236168225978,True,22.616967240326453,0000006.txt,ob_0000015,True,1.539908116380568,random,0.20409023188996622,243.49260330200195,5
10.360772237855356,False,1.9033544968426155,True,22.616967240326453,0000007.txt,ob_0000015,True,171.9961582134194,random,8.888977422222236,240.91100692749023,5
16.196764323306205,False,7.276078963249715,False,22.616967240326453,0000008.txt,ob_0000015,True,154.27347734852225,random,7.244341698966353,289.54386711120605,5
13.071856790185542,False,3.684428186735528,False,22.616967240326453,0000009.txt,ob_0000015,True,133.60832696233513,random,5.768935264274211,263.02409172058105,5
12.127478037028663,False,1.3773382186658711,True,22.616967240326453,0000010.txt,ob_0000015,True,178.1088661970077,random,1.2878856314450844,277.376651763916,5
12.131828418989247,False,5.301621943161574,False,22.616967240326453,0000011.txt,ob_0000015,True,84.9838095002908,random,7.784958891319231,223.6018180847168,5
11.543812582335402,False,1.6354021127236118,True,22.616967240326453,0000012.txt,ob_0000015,True,176.11791114808256,random,2.941789466063133,301.8178939819336,5
0.3075131823225436,True,0.23501906754916183,True,22.616967240326453,0000013.txt,ob_0000015,True,2.019202441742791,random,0.2564746747495138,301.65600776672363,5
13.230749157536199,False,6.288351018956666,False,22.616967240326453,0000014.txt,ob_0000015,True,158.3734662209656,random,8.860044402987526,282.47904777526855,5
0.3653109180530183,True,0.27466086396679057,True,22.616967240326453,0000015.txt,ob_0000015,True,0.9921367748593953,random,0.3699122252355027,254.83059883117676,5
0.2500476634223048,True,0.20878776145857228,True,22.616967240326453,0000000.txt,ob_0000015,True,1.6626237042478373,random,0.19777870964575664,324.404239654541,10
0.7091488883846696,True,0.3664434544565123,True,22.616967240326453,0000001.txt,ob_0000015,True,3.45924075668973,random,0.7096496470936022,325.20031929016113,10
0.20569006651080815,True,0.17691210485973463,True,22.616967240326453,0000002.txt,ob_0000015,True,1.758281288646601,random,0.08675060472434079,316.80798530578613,10
7.995906191540282,False,0.6670916618078514,True,22.616967240326453,0000003.txt,ob_0000015,True,176.74742134870974,random,3.057477370185231,324.188232421875,10
0.3318098956998404,True,0.24264941385618075,True,22.616967240326453,0000004.txt,ob_0000015,True,2.6543530654542447,random,0.2633265237918708,308.47978591918945,10
0.2706961696375804,True,0.2200886166486525,True,22.616967240326453,0000005.txt,ob_0000015,True,2.3402623136681604,random,0.15903398546423286,312.929630279541,10
0.19067930816996384,True,0.16324980087623112,True,22.616967240326453,0000006.txt,ob_0000015,True,1.5366115530597417,random,0.1576403293307246,324.981689453125,10
7.977569000554258,False,0.6547444171554049,True,22.616967240326453,0000007.txt,ob_0000015,True,179.65662926289986,random,3.064493416875576,327.500581741333,10
0.24714635733837448,True,0.21344077685421944,True,22.616967240326453,0000008.txt,ob_0000015,True,1.859934582547882,random,0.12646905534724923,323.43506813049316,10
0.2727018438728006,True,0.2188854452104739,True,22.616967240326453,0000009.txt,ob_0000015,True,1.4802918890067192,random,0.22182540245461413,361.4187240600586,10
11.764082895290292,False,3.0758208288927795,False,22.616967240326453,0000010.txt,ob_0000015,True,132.21057387375967,random,8.409364217756597,325.49476623535156,10
0.43382932394688595,True,0.3043520460017941,True,22.616967240326453,0000011.txt,ob_0000015,True,3.1432956428254806,random,0.35867951345659704,346.19975090026855,10
0.9640751298960798,True,0.5421507650205749,True,22.616967240326453,0000012.txt,ob_0000015,True,3.0752481519012815,random,0.8848706169449088,326.63846015930176,10
0.2646083685621631,True,0.21284881945568135,True,22.616967240326453,0000013.txt,ob_0000015,True,1.938007980056182,random,0.18817564702031578,337.76378631591797,10
8.102551261225335,False,0.8619191092226703,True,22.616967240326453,0000014.txt,ob_0000015,True,171.11759821898406,random,1.660393855714653,360.149621963501,10
8.123756119372265,False,0.7782063593168875,True,22.616967240326453,0000015.txt,ob_0000015,True,179.76115614031636,random,1.7342552847708124,312.1795654296875,10
0.24616872310359275,True,0.2071236637062043,True,22.616967240326453,0000000.txt,ob_0000015,True,1.4915618171390388,random,0.19584200190622134,470.7949161529541,20
0.6862006134844595,True,0.4153789178034728,True,22.616967240326453,0000001.txt,ob_0000015,True,4.943647433868839,random,0.6092494958061114,479.42423820495605,20
0.2024010800971236,True,0.1743593035848673,True,22.616967240326453,0000002.txt,ob_0000015,True,1.7573456467906527,random,0.08560700771572911,467.5154685974121,20
0.6873278519885223,True,0.3872764530527837,True,22.616967240326453,0000003.txt,ob_0000015,True,4.345577500283236,random,0.5864615322674597,444.44894790649414,20
0.3341504303734925,True,0.24441042189245737,True,22.616967240326453,0000004.txt,ob_0000015,True,2.6949855278362835,random,0.26053700957948667,481.0445308685303,20
0.2869475746294833,True,0.2305189069242406,True,22.616967240326453,0000005.txt,ob_0000015,True,2.6104951158530163,random,0.16104515464222108,477.2813320159912,20
0.18965746155633062,True,0.16284851357902724,True,22.616967240326453,0000006.txt,ob_0000015,True,1.4175926357186601,random,0.1468236515979939,474.3950366973877,20
0.43843353479935554,True,0.27500447744344364,True,22.616967240326453,0000007.txt,ob_0000015,True,1.9211846441964169,random,0.448443581778046,467.1335220336914,20
0.20960671543741818,True,0.1890282260905912,True,22.616967240326453,0000008.txt,ob_0000015,True,1.2786629396860762,random,0.14885643833293832,463.98234367370605,20
0.27069968633966374,True,0.2175727244951784,True,22.616967240326453,0000009.txt,ob_0000015,True,1.4587772903960128,random,0.22244717840311565,476.0444164276123,20
0.3143637248934799,True,0.2521777140535532,True,22.616967240326453,0000010.txt,ob_0000015,True,2.578772936644298,random,0.16780364097834646,474.4410514831543,20
0.46107490013972596,True,0.314542534417404,True,22.616967240326453,0000011.txt,ob_0000015,True,2.7730345585088214,random,0.42569084570841365,461.99750900268555,20
0.9324321931623207,True,0.5364249904182951,True,22.616967240326453,0000012.txt,ob_0000015,True,3.765138022481112,random,0.809351336876264,476.1667251586914,20
0.30725280263330934,True,0.23248774598813005,True,22.616967240326453,0000013.txt,ob_0000015,True,1.9353900053724666,random,0.23993839430577046,467.1504497528076,20
0.19325988956897527,True,0.16749424913215896,True,22.616967240326453,0000014.txt,ob_0000015,True,1.7041100724138365,random,0.07306805226141026,463.1929397583008,20
2.5691714528921294,False,0.8014743288472024,True,22.616967240326453,0000015.txt,ob_0000015,True,9.206079549491779,random,2.183753874015531,469.9821472167969,20
0.2569540086198963,True,0.21326243596824307,True,22.616967240326453,0000000.txt,ob_0000015,True,1.568503356960821,random,0.19597559727148683,1004.2097568511963,50
0.714239806770155,True,0.36810850691669356,True,22.616967240326453,0000001.txt,ob_0000015,True,3.4970246308775397,random,0.7143473364396773,988.8346195220947,50
0.20348759993966845,True,0.17515159367992467,True,22.616967240326453,0000002.txt,ob_0000015,True,1.7543944967639422,random,0.08503991308979363,947.0934867858887,50
0.6824587016715274,True,0.38540366094213707,True,22.616967240326453,0000003.txt,ob_0000015,True,4.342747084568532,random,0.583821449584306,971.7910289764404,50
0.3303467709448551,True,0.24202610355084347,True,22.616967240326453,0000004.txt,ob_0000015,True,2.6386797635077364,random,0.26201824658741923,1026.2324810028076,50
0.27977254172422045,True,0.22654416143448303,True,22.616967240326453,0000005.txt,ob_0000015,True,2.5089898828335797,random,0.16190015901196678,1030.0681591033936,50
0.19066655742985664,True,0.1612695672351209,True,22.616967240326453,0000006.txt,ob_0000015,True,1.5052018007310313,random,0.14737445706529775,987.3960018157959,50
0.4533372782047461,True,0.2805570792982757,True,22.616967240326453,0000007.txt,ob_0000015,True,1.787085876303739,random,0.46618211481465516,997.8945255279541,50
0.2129127923117089,True,0.19146223274164592,True,22.616967240326453,0000008.txt,ob_0000015,True,1.2943515072685745,random,0.15185032609939186,983.0143451690674,50
0.2770867026807622,True,0.2211824837486724,True,22.616967240326453,0000009.txt,ob_0000015,True,1.5189261319887937,random,0.22447879704625404,1021.2178230285645,50
0.3122709921087103,True,0.25051077372791386,True,22.616967240326453,0000010.txt,ob_0000015,True,2.6595304007531264,random,0.16076515334768987,1027.0090103149414,50
0.4649814018574441,True,0.31632739633195317,True,22.616967240326453,0000011.txt,ob_0000015,True,2.769023791356393,random,0.4297963798450103,1017.5936222076416,50
0.9128865164637515,True,0.5259671073017246,True,22.616967240326453,0000012.txt,ob_0000015,True,2.9314081717397733,random,0.8501021838778463,1027.1897315979004,50
0.3134727987661832,True,0.2375121104930635,True,22.616967240326453,0000013.txt,ob_0000015,True,1.7670289439949727,random,0.26846664507465423,1024.909496307373,50
0.20055536788130096,True,0.1716839720047616,True,22.616967240326453,0000014.txt,ob_0000015,True,1.729864134055913,random,0.09096419689217577,1021.8875408172607,50
0.3625317982639409,True,0.2724368562530619,True,22.616967240326453,0000015.txt,ob_0000015,True,1.0498540280101112,random,0.3648655086784569,1023.8118171691895,50
16.627904725420812,False,5.7443799655139305,False,22.616967240326453,0000000.txt,ob_0000015,True,172.87072786087137,farthest,8.806901582145091,362.903356552124,1
9.914701369775432,False,3.41791571229762,False,22.616967240326453,0000001.txt,ob_0000015,True,99.34340934263456,farthest,8.132081401062498,324.10430908203125,1
12.90359508505688,False,1.0485205729570461,True,22.616967240326453,0000002.txt,ob_0000015,True,179.3587793542117,farthest,2.2825854843600495,303.5769462585449,1
13.968882996617223,False,2.0525647995742027,True,22.616967240326453,0000003.txt,ob_0000015,True,177.45262315465797,farthest,5.381104853541036,330.51466941833496,1
0.32300568760309456,True,0.2399947740969458,True,22.616967240326453,0000004.txt,ob_0000015,True,2.6647023734629727,farthest,0.24778247075325638,256.95276260375977,1
16.674218765228392,False,6.791757931092136,False,22.616967240326453,0000005.txt,ob_0000015,True,162.12496934436467,farthest,8.953508751597742,233.31928253173828,1
14.772700930598607,False,1.306229371840062,True,22.616967240326453,0000006.txt,ob_0000015,True,179.53936503936586,farthest,6.092489386674755,263.1509304046631,1
0.44100986573961126,True,0.27717839607293293,True,22.616967240326453,0000007.txt,ob_0000015,True,2.06058832831825,farthest,0.4482211221776369,237.06340789794922,1
9.37531908298472,False,4.18427144649685,False,22.616967240326453,0000008.txt,ob_0000015,True,129.56886432634212,farthest,4.726138009735546,263.2012367248535,1
16.10100272548841,False,5.9922861151699545,False,22.616967240326453,0000009.txt,ob_0000015,True,165.18360109458183,farthest,6.465072453220418,266.2069797515869,1
11.513898692434381,False,3.6089690550597338,False,22.616967240326453,0000010.txt,ob_0000015,True,123.21380478874507,farthest,5.888766853090786,312.66260147094727,1
11.380808308166536,False,7.5142546999619055,False,22.616967240326453,0000011.txt,ob_0000015,True,90.67149461023864,farthest,6.796692631777999,291.99695587158203,1
10.096504280555864,False,3.6077468642182318,False,22.616967240326453,0000012.txt,ob_0000015,True,89.06893904341293,farthest,7.873485238938224,258.3796977996826,1
14.646168685471588,False,1.5594959978267284,True,22.616967240326453,0000013.txt,ob_0000015,True,176.52595166459602,farthest,6.687283008907685,273.0433940887451,1
16.62424214266658,False,4.710120696944591,False,22.616967240326453,0000014.txt,ob_0000015,True,168.33988920279978,farthest,7.270335249427827,277.9655456542969,1
13.464337391323532,False,1.6640540070079652,True,22.616967240326453,0000015.txt,ob_0000015,True,176.2128082946545,farthest,4.577668478172744,264.9259567260742,1
10.632531630547003,False,6.841001164648541,False,22.616967240326453,0000000.txt,ob_0000015,True,85.6736196675197,farthest,11.430569822365765,336.40360832214355,3
12.351809397363835,False,4.722207060120669,False,22.616967240326453,0000001.txt,ob_0000015,True,160.7078752704308,farthest,9.527350549849729,280.15947341918945,3
14.895169364139807,False,1.3459245317270723,True,22.616967240326453,0000002.txt,ob_0000015,True,176.92902056603097,farthest,6.661808752419877,279.5143127441406,3
7.991590855191221,False,0.6640475965505022,True,22.616967240326453,0000003.txt,ob_0000015,True,176.90927083333892,farthest,3.12058850882916,275.223970413208,3
0.32244928875466966,True,0.23908921311338338,True,22.616967240326453,0000004.txt,ob_0000015,True,2.636889522071584,farthest,0.24765211980358595,292.45495796203613,3
15.511100521919186,False,7.7633287533350765,False,22.616967240326453,0000005.txt,ob_0000015,True,129.60840390165234,farthest,10.25084542099787,273.0085849761963,3
0.18551433761341835,True,0.15987015376542527,True,22.616967240326453,0000006.txt,ob_0000015,True,1.5682573681879726,farthest,0.15273449788938406,258.82434844970703,3
0.4430804368685654,True,0.27822061917849494,True,22.616967240326453,0000007.txt,ob_0000015,True,2.083554697155051,farthest,0.4512883811727329,279.57773208618164,3
9.433951481956656,False,4.270606906508419,False,22.616967240326453,0000008.txt,ob_0000015,True,129.23577504656177,farthest,4.886430634941476,292.1943664550781,3
1.1680279316406725,True,0.6295585789394222,True,22.616967240326453,0000009.txt,ob_0000015,True,14.96011170681769,farthest,0.50419073127899,316.1754608154297,3
11.915749185180092,False,4.486009141573447,False,22.616967240326453,0000010.txt,ob_0000015,True,111.90567768142948,farthest,6.729204253986769,248.44598770141602,3
13.025869543611096,False,7.822546294576129,False,22.616967240326453,0000011.txt,ob_0000015,True,126.31536212762819,farthest,9.332303300041035,338.72199058532715,3
10.353114058098045,False,3.6137008444320937,False,22.616967240326453,0000012.txt,ob_0000015,True,92.06156106465247,farthest,8.00204118282408,321.06709480285645,3
0.3091343056494911,True,0.2339414238933947,True,22.616967240326453,0000013.txt,ob_0000015,True,2.000006435448879,farthest,0.23974683555810306,284.70516204833984,3
0.20598783302484716,True,0.17449216952987562,True,22.616967240326453,0000014.txt,ob_0000015,True,1.7711413738015447,farthest,0.07478022538900356,267.1818733215332,3
8.103009319476685,False,0.7646570660175264,True,22.616967240326453,0000015.txt,ob_0000015,True,179.97050277473036,farthest,1.8046971726679326,250.58698654174805,3
7.371335354978045,False,4.163168827813649,False,22.616967240326453,0000000.txt,ob_0000015,True,76.86099501952404,farthest,4.578159548046822,370.11241912841797,5
12.949596685100994,False,4.185927541764959,False,22.616967240326453,0000001.txt,ob_0000015,True,111.80741007887872,farthest,5.379802636626478,274.10244941711426,5
0.23622582402019052,True,0.19366489373399098,True,22.616967240326453,0000002.txt,ob_0000015,True,2.041673608677868,farthest,0.08319632006254518,292.40942001342773,5
0.6909418440261906,True,0.3903300777990438,True,22.616967240326453,0000003.txt,ob_0000015,True,4.398736324142392,farthest,0.5871088719447137,272.63450622558594,5
0.3228567124811102,True,0.23975675384985737,True,22.616967240326453,0000004.txt,ob_0000015,True,2.666223801374459,farthest,0.24735746767364986,264.53447341918945,5
14.89485476988745,False,5.371734164946762,False,22.616967240326453,0000005.txt,ob_0000015,True,116.23893862271319,farthest,9.420075382038297,261.2323760986328,5
0.18315615530106044,True,0.15878172615213174,True,22.616967240326453,0000006.txt,ob_0000015,True,1.5141539331679728,farthest,0.15218127526432262,245.57089805603027,5
0.4436112153601503,True,0.27844579904603084,True,22.616967240326453,0000007.txt,ob_0000015,True,2.0887157853715697,farthest,0.45184000350540227,249.7107982635498,5
0.21288125007474937,True,0.19110035841350728,True,22.616967240326453,0000008.txt,ob_0000015,True,1.3425285838765877,farthest,0.14476000921082308,262.6807689666748,5
1.2051841094534987,True,0.6480666182318312,True,22.616967240326453,0000009.txt,ob_0000015,True,15.357713961292264,farthest,0.5296968136808698,247.78366088867188,5
14.369196931284097,False,3.4596870970074587,False,22.616967240326453,0000010.txt,ob_0000015,True,160.86235148283757,farthest,5.33397359334431,254.19092178344727,5
10.546274861412238,False,4.632758581716598,False,22.616967240326453,0000011.txt,ob_0000015,True,75.95674424957879,farthest,9.65813217979488,236.3595962524414,5
14.23794075659915,False,1.500822583604087,True,22.616967240326453,0000012.txt,ob_0000015,True,162.46875885100602,farthest,3.137457674649126,263.5166645050049,5
0.30829569997184003,True,0.2339593062154786,True,22.616967240326453,0000013.txt,ob_0000015,True,1.9806987167978274,farthest,0.2407720194683596,265.75183868408203,5
0.20454855731163535,True,0.17369743288207312,True,22.616967240326453,0000014.txt,ob_0000015,True,1.7592727095692504,farthest,0.07338869486840795,233.0026626586914,5
0.3653109180530183,True,0.27466086396679057,True,22.616967240326453,0000015.txt,ob_0000015,True,0.9921367748593953,farthest,0.3699122252355027,244.59218978881836,5
13.240089633830268,False,7.343717060623496,False,22.616967240326453,0000000.txt,ob_0000015,True,88.98905124017715,farthest,10.15045330472276,383.66103172302246,10
10.758539311486762,False,4.460277385840483,False,22.616967240326453,0000001.txt,ob_0000015,True,176.12512329023707,farthest,8.618444814609253,326.26962661743164,10
0.23622582402019052,True,0.19366489373399098,True,22.616967240326453,0000002.txt,ob_0000015,True,2.041673608677868,farthest,0.08319632006254518,318.94445419311523,10
0.6909418440261906,True,0.3903300777990438,True,22.616967240326453,0000003.txt,ob_0000015,True,4.398736324142392,farthest,0.5871088719447137,324.86987113952637,10
0.3228567124811102,True,0.23975675384985737,True,22.616967240326453,0000004.txt,ob_0000015,True,2.666223801374459,farthest,0.24735746767364986,334.5067501068115,10
0.31642267137804425,True,0.24295514095727558,True,22.616967240326453,0000005.txt,ob_0000015,True,3.325987283543194,farthest,0.1801546747158065,324.0692615509033,10
0.18315615530106044,True,0.15878172615213174,True,22.616967240326453,0000006.txt,ob_0000015,True,1.5141539331679728,farthest,0.15218127526432262,317.2907829284668,10
0.4436112153601503,True,0.27844579904603084,True,22.616967240326453,0000007.txt,ob_0000015,True,2.0887157853715697,farthest,0.45184000350540227,323.02117347717285,10
0.21288125007474937,True,0.19110035841350728,True,22.616967240326453,0000008.txt,ob_0000015,True,1.3425285838765877,farthest,0.14476000921082308,322.3302364349365,10
0.2987144322229555,True,0.23544232824822714,True,22.616967240326453,0000009.txt,ob_0000015,True,2.185608709380872,farthest,0.2281501573218869,316.7417049407959,10
0.3171437099347937,True,0.2540017040568777,True,22.616967240326453,0000010.txt,ob_0000015,True,2.6516377490420355,farthest,0.16620030170019362,340.040922164917,10
8.095306276565397,False,0.8960234430270781,True,22.616967240326453,0000011.txt,ob_0000015,True,175.2448268176481,farthest,2.1359249271967498,348.4768867492676,10
0.9929529910247582,True,0.548866176181505,True,22.616967240326453,0000012.txt,ob_0000015,True,2.9734219809894133,farthest,0.9191242901331674,325.4420757293701,10
0.30829569997184003,True,0.2339593062154786,True,22.616967240326453,0000013.txt,ob_0000015,True,1.9806987167978274,farthest,0.2407720194683596,333.8756561279297,10
0.20454855731163535,True,0.17369743288207312,True,22.616967240326453,0000014.txt,ob_0000015,True,1.7592727095692504,farthest,0.07338869486840795,328.1280994415283,10
0.3653109180530183,True,0.27466086396679057,True,22.616967240326453,0000015.txt,ob_0000015,True,0.9921367748593953,farthest,0.3699122252355027,321.8388557434082,10
13.271098162390793,False,7.398183635023224,False,22.616967240326453,0000000.txt,ob_0000015,True,89.04479791841887,farthest,10.157766898727091,541.7623519897461,20
0.7067090295898829,True,0.3668093241117082,True,22.616967240326453,0000001.txt,ob_0000015,True,3.6139918606749655,farthest,0.7041476176560973,455.3415775299072,20
0.23628442221302498,True,0.19355230537099005,True,22.616967240326453,0000002.txt,ob_0000015,True,2.0454405279273455,farthest,0.08473816326525326,460.6945514678955,20
0.6831967042366527,True,0.38468795694761404,True,22.616967240326453,0000003.txt,ob_0000015,True,4.286519010144354,farthest,0.5872256238341816,460.92724800109863,20
0.3245377750494445,True,0.2396839554284793,True,22.616967240326453,0000004.txt,ob_0000015,True,2.6734322645851156,farthest,0.24761841964130765,463.19007873535156,20
0.2795656964742216,True,0.22621325950158408,True,22.616967240326453,0000005.txt,ob_0000015,True,2.4857505246178926,farthest,0.1639109312987394,463.7172222137451,20
0.212236327772601,True,0.17605004243564076,True,22.616967240326453,0000006.txt,ob_0000015,True,1.7596119566181825,farthest,0.18333147777024061,497.47657775878906,20
0.4506896818403042,True,0.27975382834413337,True,22.616967240326453,0000007.txt,ob_0000015,True,2.083530665421202,farthest,0.4558080835336201,476.49312019348145,20
0.21023337298755107,True,0.189275690870256,True,22.616967240326453,0000008.txt,ob_0000015,True,1.3131728810614716,farthest,0.14527807387945596,484.8966598510742,20
0.28722683949115885,True,0.22611014023381032,True,22.616967240326453,0000009.txt,ob_0000015,True,1.6449682420654232,farthest,0.2256831908877952,485.044002532959,20
0.3219507944920528,True,0.25697618693691554,True,22.616967240326453,0000010.txt,ob_0000015,True,2.6693822028300414,farthest,0.17158626977418376,495.1474666595459,20
0.44481498501511335,True,0.30850172948051385,True,22.616967240326453,0000011.txt,ob_0000015,True,3.0359430280477713,farthest,0.38631646705180794,465.8234119415283,20
0.9860796258105131,True,0.5462632232656781,True,22.616967240326453,0000012.txt,ob_0000015,True,2.9625357487595787,farthest,0.9123478301041018,483.8724136352539,20
0.30649574492010234,True,0.23339118710761458,True,22.616967240326453,0000013.txt,ob_0000015,True,1.9610642364337514,farthest,0.2414616846799761,484.30848121643066,20
0.20494049835902642,True,0.17389102347309268,True,22.616967240326453,0000014.txt,ob_0000015,True,1.7621351648994816,farthest,0.07350705956047962,500.5161762237549,20
0.36900899685415467,True,0.27709578948331637,True,22.616967240326453,0000015.txt,ob_0000015,True,1.0326733912684651,farthest,0.37141631455299806,492.54870414733887,20
0.2522374678730564,True,0.21075875279242198,True,22.616967240326453,0000000.txt,ob_0000015,True,1.5047682451860114,farthest,0.19912406964985707,1022.3832130432129,50
0.7089500124005729,True,0.3672806558975561,True,22.616967240326453,0000001.txt,ob_0000015,True,3.554288709353343,farthest,0.7075981370928698,975.6066799163818,50
0.2307114268025156,True,0.19262762984527448,True,22.616967240326453,0000002.txt,ob_0000015,True,2.025405803822199,farthest,0.09374694288178143,989.4049167633057,50
0.6833530728694819,True,0.38474177161076484,True,22.616967240326453,0000003.txt,ob_0000015,True,4.288315995814117,farthest,0.5873013868658054,983.4215641021729,50
0.32453824873928777,True,0.2396842464377747,True,22.616967240326453,0000004.txt,ob_0000015,True,2.673438501191674,farthest,0.24761841964130765,980.2587032318115,50
0.2795656964742216,True,0.22621325950158408,True,22.616967240326453,0000005.txt,ob_0000015,True,2.4857505246178926,farthest,0.1639109312987394,978.3351421356201,50
0.19168814815046903,True,0.16522856607648262,True,22.616967240326453,0000006.txt,ob_0000015,True,1.352036114110957,farthest,0.15901883104161119,996.1526393890381,50
0.4408400361243037,True,0.27481390376648174,True,22.616967240326453,0000007.txt,ob_0000015,True,2.012223898571119,farthest,0.440111435772735,1006.5419673919678,50
0.21023337298755107,True,0.189275690870256,True,22.616967240326453,0000008.txt,ob_0000015,True,1.3131728810614716,farthest,0.14527807387945596,1000.4453659057617,50
0.28002427489547993,True,0.2223659635582703,True,22.616967240326453,0000009.txt,ob_0000015,True,1.548888385184242,farthest,0.2247090309262355,1013.5726928710938,50
0.3219507944920528,True,0.25697618693691554,True,22.616967240326453,0000010.txt,ob_0000015,True,2.6693822028300414,farthest,0.17158626977418376,1003.7891864776611,50
0.44481498501511335,True,0.30850172948051385,True,22.616967240326453,0000011.txt,ob_0000015,True,3.0359430280477713,farthest,0.38631646705180794,992.8643703460693,50
0.9860796258105131,True,0.5462632232656781,True,22.616967240326453,0000012.txt,ob_0000015,True,2.9625357487595787,farthest,0.9123478301041018,985.454797744751,50
0.2954430825618116,True,0.2338790150957802,True,22.616967240326453,0000013.txt,ob_0000015,True,1.6267442096143743,farthest,0.2621550714364354,981.7721843719482,50
0.20494049835902642,True,0.17389102347309268,True,22.616967240326453,0000014.txt,ob_0000015,True,1.7621351648994816,farthest,0.07350705956047962,999.9456405639648,50
0.369322038202098,True,0.27805423799842327,True,22.616967240326453,0000015.txt,ob_0000015,True,1.0246356185397882,farthest,0.3732140143184458,1013.9789581298828,50
12.549006468913712,False,4.7723871929067245,False,23.729949240147988,0000000.txt,ob_0000016,True,125.40604885558706,random,6.65400582360037,302.2429943084717,1
15.43815217879742,False,0.4189647382907376,True,23.729949240147988,0000001.txt,ob_0000016,True,178.90542370129992,random,0.6641427826907269,250.6415843963623,1
16.79699925710594,False,10.01253438494325,False,23.729949240147988,0000002.txt,ob_0000016,True,77.8428902405974,random,14.493594169268231,265.2719020843506,1
6.991970271588683,False,0.4085201575127374,True,23.729949240147988,0000003.txt,ob_0000016,True,91.26815218164167,random,0.2823754061616118,236.69958114624023,1
7.0319397439841795,False,0.5199555138913539,True,23.729949240147988,0000004.txt,ob_0000016,True,89.61392123761063,random,1.3651194640420896,238.5385036468506,1
15.257647630522344,False,0.4446066484870186,True,23.729949240147988,0000005.txt,ob_0000016,True,177.4093366161532,random,0.6830283907500894,234.22527313232422,1
14.903899916924262,False,3.6485616662831997,False,23.729949240147988,0000006.txt,ob_0000016,True,179.35366517385205,random,6.391878603923256,262.4537944793701,1
15.416906873775204,False,0.2986935023885732,True,23.729949240147988,0000007.txt,ob_0000016,True,178.5774009923999,random,0.13910230525256356,252.58827209472656,1
15.276860321251274,False,0.45034873787224766,True,23.729949240147988,0000008.txt,ob_0000016,True,179.8432932031412,random,0.8871755427738505,249.01080131530762,1
17.515296574286797,False,7.100505265954238,False,23.729949240147988,0000009.txt,ob_0000016,True,168.99404438465817,random,12.77154601667125,243.03889274597168,1
18.915656687762286,False,8.294178506793264,False,23.729949240147988,0000010.txt,ob_0000016,True,148.8990007293188,random,12.150240852448462,245.26596069335938,1
15.462891081913552,False,0.423674813902147,True,23.729949240147988,0000011.txt,ob_0000016,True,179.95047836215136,random,0.8649176344910038,295.9277629852295,1
19.062347187556178,False,11.28807348658211,False,23.729949240147988,0000012.txt,ob_0000016,True,100.14191401759881,random,15.039605946385343,277.15039253234863,1
11.897747370720602,False,4.270425904944315,False,23.729949240147988,0000013.txt,ob_0000016,True,113.64957456385604,random,5.043296759287582,285.0172519683838,1
16.57258766944533,False,8.503841185098345,False,23.729949240147988,0000014.txt,ob_0000016,True,97.04785146525268,random,11.976543550460057,270.8771228790283,1
15.715862008180023,False,8.126266233111044,False,23.729949240147988,0000015.txt,ob_0000016,True,132.63768572318025,random,11.213675651324555,254.52947616577148,1
15.410045283330758,False,0.43282046724349205,True,23.729949240147988,0000000.txt,ob_0000016,True,176.59439934958317,random,0.22082318916424198,333.09364318847656,3
15.337032706526829,False,0.42703392373749033,True,23.729949240147988,0000001.txt,ob_0000016,True,179.86280949786294,random,0.6581895506499164,310.6100559234619,3
15.380739659721016,False,0.5201990852632385,True,23.729949240147988,0000002.txt,ob_0000016,True,178.30611603355928,random,0.9895536690185489,317.63482093811035,3
15.410189900995878,False,0.3989368865360818,True,23.729949240147988,0000003.txt,ob_0000016,True,177.11728937376756,random,0.3261799185771879,325.5274295806885,3
13.016622898737312,False,6.282030666530218,False,23.729949240147988,0000004.txt,ob_0000016,True,90.42227440818128,random,10.131538432188696,279.44421768188477,3
15.343628274216748,False,0.4599784235026921,True,23.729949240147988,0000005.txt,ob_0000016,True,179.52626868989188,random,0.7463768915403753,280.839204788208,3
9.782568269942308,False,0.4232782602802666,True,23.729949240147988,0000006.txt,ob_0000016,True,179.03216721646908,random,0.29492412152689707,262.39919662475586,3
9.774934781487216,False,0.30839674623127455,True,23.729949240147988,0000007.txt,ob_0000016,True,179.04510950636083,random,0.15091757171002873,260.8184814453125,3
9.834485325903579,False,0.4765550698061759,True,23.729949240147988,0000008.txt,ob_0000016,True,177.79085921128345,random,1.045679825009162,275.67028999328613,3
7.161137428511302,False,0.5739425220168338,True,23.729949240147988,0000009.txt,ob_0000016,True,91.10244695117862,random,1.548798600818035,284.63101387023926,3
15.380395032700486,False,0.5607465421248302,True,23.729949240147988,0000010.txt,ob_0000016,True,179.2859223659566,random,1.546652904381384,289.86573219299316,3
15.450015585444321,False,0.40829782925328895,True,23.729949240147988,0000011.txt,ob_0000016,True,178.28341082897245,random,0.7194382362163313,272.9043960571289,3
7.2170095205419225,False,0.6409288855510874,True,23.729949240147988,0000012.txt,ob_0000016,True,91.82172398784586,random,1.6257504052811875,258.65650177001953,3
9.787347974771787,False,0.48353882377029184,True,23.729949240147988,0000013.txt,ob_0000016,True,179.2857986782356,random,0.3459555740852812,271.64459228515625,3
0.9764809197377347,True,0.48981234581365374,True,23.729949240147988,0000014.txt,ob_0000016,True,2.994822969999385,random,0.9228260479176439,283.53404998779297,3
15.271005387655018,False,0.42754886042405077,True,23.729949240147988,0000015.txt,ob_0000016,True,178.98304603864094,random,0.8219044147753691,288.360595703125,3
15.298080637217067,False,0.43978446415157846,True,23.729949240147988,0000000.txt,ob_0000016,True,175.12984715593555,random,0.21874543515453831,304.8286437988281,5
6.891027669649164,False,0.41754535590648284,True,23.729949240147988,0000001.txt,ob_0000016,True,89.15599172318616,random,0.6051428221484051,286.0267162322998,5
1.0757168800694417,True,0.5423760197444233,True,23.729949240147988,0000002.txt,ob_0000016,True,4.422672892353605,random,0.9483334746135487,257.5812339782715,5
15.30752800526912,False,0.3921117542619551,True,23.729949240147988,0000003.txt,ob_0000016,True,176.75768764746545,random,0.32721974607725735,261.3563537597656,5
7.040049890552587,False,0.5603464170173108,True,23.729949240147988,0000004.txt,ob_0000016,True,89.20819493731278,random,1.5136873190204638,261.77382469177246,5
9.808091074045713,False,0.4513117432998048,True,23.729949240147988,0000005.txt,ob_0000016,True,178.96987873511213,random,0.7848756316839731,270.3866958618164,5
15.416177993271265,False,0.43802909377204485,True,23.729949240147988,0000006.txt,ob_0000016,True,176.79989511098736,random,0.3378384413503631,256.90507888793945,5
15.308984342133641,False,0.3032753520755507,True,23.729949240147988,0000007.txt,ob_0000016,True,178.17465904340565,random,0.17922751060032707,269.838809967041,5
9.781729326165477,False,0.3693601064426498,True,23.729949240147988,0000008.txt,ob_0000016,True,176.9602447789788,random,0.49212328646447434,277.2510051727295,5
17.773467168709086,False,7.483677026065803,False,23.729949240147988,0000009.txt,ob_0000016,True,158.90438614040946,random,12.962133622730605,277.57740020751953,5
15.384081593089514,False,0.5673211076178095,True,23.729949240147988,0000010.txt,ob_0000016,True,179.06378760892756,random,1.5382307251954483,246.89149856567383,5
6.818585780783745,False,0.3775922983542599,True,23.729949240147988,0000011.txt,ob_0000016,True,88.00506406329708,random,0.5704394193605726,294.6507930755615,5
14.140709217919156,False,4.382831366726204,False,23.729949240147988,0000012.txt,ob_0000016,True,91.71972542988777,random,9.310539983582505,253.7689208984375,5
9.786719096547793,False,0.4804158605335733,True,23.729949240147988,0000013.txt,ob_0000016,True,179.40016656428114,random,0.3282331457545098,279.94465827941895,5
13.099041680580953,False,4.779077681925167,False,23.729949240147988,0000014.txt,ob_0000016,True,94.08201757101378,random,7.975152036007896,245.37253379821777,5
9.803658603500496,False,0.424241350201792,True,23.729949240147988,0000015.txt,ob_0000016,True,177.7482258868904,random,0.7911834992033361,256.49142265319824,5
0.6148952991081624,True,0.3798968769324275,True,23.729949240147988,0000000.txt,ob_0000016,True,4.563564965036798,random,0.1736999662484662,312.58511543273926,10
15.256621585170091,False,0.42050931788287216,True,23.729949240147988,0000001.txt,ob_0000016,True,178.84695492124453,random,0.6302967046993146,337.2163772583008,10
9.836314766802648,False,0.5484748865021001,True,23.729949240147988,0000002.txt,ob_0000016,True,175.58526485217735,random,1.0733538936378997,321.5303421020508,10
15.307079485782682,False,0.406240056735052,True,23.729949240147988,0000003.txt,ob_0000016,True,176.39219016952023,random,0.33494170012322033,326.7362117767334,10
15.318070345020631,False,0.5266059197105691,True,23.729949240147988,0000004.txt,ob_0000016,True,179.25060623298987,random,1.413130302888862,333.71424674987793,10
15.450655020075926,False,0.4426042832594539,True,23.729949240147988,0000005.txt,ob_0000016,True,178.28413630476183,random,0.7330839658890361,317.94238090515137,10
9.784982642016061,False,0.44323524746728976,True,23.729949240147988,0000006.txt,ob_0000016,True,179.27370736155592,random,0.33511117345677155,342.6520824432373,10
15.417805154223602,False,0.28542850386695734,True,23.729949240147988,0000007.txt,ob_0000016,True,178.63926961923312,random,0.14921501431841214,355.0288677215576,10
1.4304995964259146,True,0.54341100548439,True,23.729949240147988,0000008.txt,ob_0000016,True,2.766190335058501,random,1.4050578210088416,382.0650577545166,10
15.193229418196799,False,0.5623837295874634,True,23.729949240147988,0000009.txt,ob_0000016,True,179.0516562486156,random,1.526871928535623,332.0808410644531,10
13.176663558546602,False,4.695302826470405,False,23.729949240147988,0000010.txt,ob_0000016,True,115.31301819189943,random,7.150363406075283,331.90059661865234,10
15.270118113784125,False,0.4124453062159816,True,23.729949240147988,0000011.txt,ob_0000016,True,179.55844204968807,random,0.8079349353962857,327.136754989624,10
9.98262311476037,False,0.742366362993526,True,23.729949240147988,0000012.txt,ob_0000016,True,176.94728233650093,random,2.0186269801178383,320.3449249267578,10
15.230826054552034,False,0.5014377276064469,True,23.729949240147988,0000013.txt,ob_0000016,True,179.5225993847896,random,0.429968125966167,331.30645751953125,10
15.3875789112849,False,0.4618161815750781,True,23.729949240147988,0000014.txt,ob_0000016,True,178.40272590681084,random,0.7834656960819213,328.74107360839844,10
9.792580850418299,False,0.392370920783135,True,23.729949240147988,0000015.txt,ob_0000016,True,177.8886418643321,random,0.6455364300452346,320.36900520324707,10
9.779626047507785,False,0.4374405472276076,True,23.729949240147988,0000000.txt,ob_0000016,True,178.69628655975202,random,0.16906143521446898,495.4090118408203,20
15.447492121039277,False,0.42367920351448035,True,23.729949240147988,0000001.txt,ob_0000016,True,179.0323144576578,random,0.6693674510976717,471.9247817993164,20
15.277833180197387,False,0.5019481818990826,True,23.729949240147988,0000002.txt,ob_0000016,True,178.01337811462548,random,0.9465716570681187,462.2523784637451,20
15.410210045589695,False,0.377357281123652,True,23.729949240147988,0000003.txt,ob_0000016,True,177.56333925307467,random,0.307069734983026,474.6265411376953,20
15.31892862447492,False,0.5268454485627564,True,23.729949240147988,0000004.txt,ob_0000016,True,179.32820373392195,random,1.4223992784152437,474.43604469299316,20
15.45021729508759,False,0.44860922866117064,True,23.729949240147988,0000005.txt,ob_0000016,True,178.0052346110671,random,0.7360924922254853,459.1090679168701,20
15.418895091506144,False,0.4067070799396645,True,23.729949240147988,0000006.txt,ob_0000016,True,177.0861165767278,random,0.3345845608574258,477.11801528930664,20
15.417599625196349,False,0.2914600001728947,True,23.729949240147988,0000007.txt,ob_0000016,True,178.53036347731418,random,0.1521199353813367,479.9997806549072,20
15.46258666941656,False,0.45349932741591004,True,23.729949240147988,0000008.txt,ob_0000016,True,179.21617116676987,random,0.835356247336885,524.9018669128418,20
15.38213226347105,False,0.594450914703746,True,23.729949240147988,0000009.txt,ob_0000016,True,178.85866729846114,random,1.6915049198951229,528.6903381347656,20
7.130324036548133,False,0.5589219266615781,True,23.729949240147988,0000010.txt,ob_0000016,True,91.39577018740552,random,1.3326005149317066,529.0188789367676,20
7.099577207923595,False,0.45647257805327535,True,23.729949240147988,0000011.txt,ob_0000016,True,91.76993827223849,random,1.014925621008348,515.3224468231201,20
1.6900431868663481,True,0.6512808567106544,True,23.729949240147988,0000012.txt,ob_0000016,True,1.9234927741755012,random,1.678414729570967,508.8660717010498,20
9.786431713123196,False,0.4758933322649238,True,23.729949240147988,0000013.txt,ob_0000016,True,179.33504700562625,random,0.3288414284611207,465.70658683776855,20
0.8752881539478289,True,0.46403225261941616,True,23.729949240147988,0000014.txt,ob_0000016,True,2.797520307859728,random,0.8291355862672761,474.64776039123535,20
15.457069509217453,False,0.43010038811996465,True,23.729949240147988,0000015.txt,ob_0000016,True,179.87662458659238,random,0.7926995132748844,475.13771057128906,20
15.299057811314922,False,0.4488996836556969,True,23.729949240147988,0000000.txt,ob_0000016,True,174.99671510665704,random,0.24947767478345528,978.783369064331,50
15.446899620381366,False,0.4160544738637648,True,23.729949240147988,0000001.txt,ob_0000016,True,179.1233483804753,random,0.6559583902427686,976.6826629638672,50
15.276489788919775,False,0.5069423329096266,True,23.729949240147988,0000002.txt,ob_0000016,True,177.8756784718135,random,0.9733908944911924,975.8648872375488,50
15.410554577143518,False,0.3845335524875921,True,23.729949240147988,0000003.txt,ob_0000016,True,177.4078554944367,random,0.3178652081601304,994.1737651824951,50
7.0715912375672945,False,0.5192007854674165,True,23.729949240147988,0000004.txt,ob_0000016,True,90.00752935922684,random,1.4460066627189596,1009.7570419311523,50
15.449587494631063,False,0.4468970742651127,True,23.729949240147988,0000005.txt,ob_0000016,True,177.98210759869795,random,0.7246631527491781,1022.0296382904053,50
9.77471378937703,False,0.4146083484362984,True,23.729949240147988,0000006.txt,ob_0000016,True,175.98358483873886,random,0.24826751823841353,1013.7660503387451,50
9.774676583633271,False,0.3050830875591926,True,23.729949240147988,0000007.txt,ob_0000016,True,178.93832567171467,random,0.13560144528614504,1040.7476425170898,50
7.134680038707784,False,0.4678673306061743,True,23.729949240147988,0000008.txt,ob_0000016,True,92.57337264020934,random,0.9170132373497958,1037.4503135681152,50
1.842556949960026,True,0.6310035139653369,True,23.729949240147988,0000009.txt,ob_0000016,True,1.422385467068596,random,1.8345106046753243,1014.2395496368408,50
7.058078093812202,False,0.5614639483685665,True,23.729949240147988,0000010.txt,ob_0000016,True,90.08506032972839,random,1.3327821856458337,1019.4101333618164,50
7.077866991177931,False,0.4396375731184459,True,23.729949240147988,0000011.txt,ob_0000016,True,91.61555852187813,random,0.9272684491839237,1133.9309215545654,50
1.7782373036753982,True,0.6712434300271684,True,23.729949240147988,0000012.txt,ob_0000016,True,2.5631250144799265,random,1.7557648929369685,1012.8843784332275,50
9.782912982562781,False,0.45633142765501555,True,23.729949240147988,0000013.txt,ob_0000016,True,179.10086685702663,random,0.248686360568593,1019.9434757232666,50
9.822334297268707,False,0.5114121995861222,True,23.729949240147988,0000014.txt,ob_0000016,True,175.65612902073107,random,0.9466522139164147,1024.6317386627197,50
15.46443355871016,False,0.4602086912458946,True,23.729949240147988,0000015.txt,ob_0000016,True,179.79584127049625,random,0.9015643922581104,1052.9322624206543,50
0.6292239344239738,True,0.3857061067622978,True,23.729949240147988,0000000.txt,ob_0000016,True,4.6608232050593505,farthest,0.17766118015738816,374.6473789215088,1
15.438029432116334,False,0.4205147460687006,True,23.729949240147988,0000001.txt,ob_0000016,True,178.91424761068797,farthest,0.6670340429100463,242.05708503723145,1
17.096318690574442,False,8.699151871313264,False,23.729949240147988,0000002.txt,ob_0000016,True,97.54942204569538,farthest,12.642409968373572,288.3603572845459,1
0.5416450955802674,True,0.3606925429133774,True,23.729949240147988,0000003.txt,ob_0000016,True,3.3652747251376307,farthest,0.3035325279612341,247.15185165405273,1
17.67386535241407,False,9.66116097926354,False,23.729949240147988,0000004.txt,ob_0000016,True,173.02047471465278,farthest,12.988400498113206,243.35408210754395,1
15.443323148950979,False,0.4565576316031453,True,23.729949240147988,0000005.txt,ob_0000016,True,178.27701497032018,farthest,0.748140060977394,247.67446517944336,1
10.950010417626832,False,3.6930477975348532,False,23.729949240147988,0000006.txt,ob_0000016,True,76.80826904744504,farthest,6.1569684790015,261.5044116973877,1
0.2702757017732226,True,0.23037332469065555,True,23.729949240147988,0000007.txt,ob_0000016,True,1.0270604647295685,farthest,0.2403890386870328,255.3110122680664,1
17.640783082777624,False,9.972952789870382,False,23.729949240147988,0000008.txt,ob_0000016,True,117.13412605485681,farthest,13.50301447420642,272.20964431762695,1
17.409494541555492,False,7.984971943280954,False,23.729949240147988,0000009.txt,ob_0000016,True,97.63198347638297,farthest,13.134984144708628,268.4292793273926,1
18.439117474471644,False,10.055192302712483,False,23.729949240147988,0000010.txt,ob_0000016,True,97.33185758166076,farthest,14.437313942994942,269.03462409973145,1
14.7607675343184,False,5.661870784968919,False,23.729949240147988,0000011.txt,ob_0000016,True,175.22555967322523,farthest,7.717408105600596,249.73654747009277,1
16.45988349167023,False,8.568563590392335,False,23.729949240147988,0000012.txt,ob_0000016,True,166.32561402675015,farthest,11.50843095158466,246.3247776031494,1
0.7452997098313443,True,0.43969753706153136,True,23.729949240147988,0000013.txt,ob_0000016,True,4.833638301607661,farthest,0.39056718880616637,231.9185733795166,1
15.698765614503865,False,8.169630402458337,False,23.729949240147988,0000014.txt,ob_0000016,True,86.78363177209047,farthest,11.267233638260718,274.02782440185547,1
17.133622586715592,False,9.093299775047793,False,23.729949240147988,0000015.txt,ob_0000016,True,127.99357458870048,farthest,12.555579438435066,250.45037269592285,1
0.6220950424525044,True,0.3828890632350665,True,23.729949240147988,0000000.txt,ob_0000016,True,4.610589668099838,farthest,0.17554560000942157,338.4664058685303,3
15.447391361340385,False,0.41837464644985084,True,23.729949240147988,0000001.txt,ob_0000016,True,179.08560402839336,farthest,0.6666033438744728,280.43603897094727,3
18.009717025886925,False,9.538832468299745,False,23.729949240147988,0000002.txt,ob_0000016,True,150.0029644417691,farthest,13.292961492654099,270.0061798095703,3
15.411746039672277,False,0.3875245805270718,True,23.729949240147988,0000003.txt,ob_0000016,True,177.38853487915438,farthest,0.33294259309754265,267.8506374359131,3
17.154508524302255,False,9.96902872928751,False,23.729949240147988,0000004.txt,ob_0000016,True,98.16660019787689,farthest,13.581344509558424,263.70882987976074,3
15.451203997228003,False,0.4489621903079962,True,23.729949240147988,0000005.txt,ob_0000016,True,178.10464688295653,farthest,0.7465201090390717,288.82694244384766,3
10.900250546070215,False,3.647262796801591,False,23.729949240147988,0000006.txt,ob_0000016,True,77.10369449282258,farthest,5.989798282039029,268.33081245422363,3
15.416266179942106,False,0.31661935344638176,True,23.729949240147988,0000007.txt,ob_0000016,True,178.81468158363717,farthest,0.2337821337400525,256.0768127441406,3
17.390503974578397,False,9.817662099519392,False,23.729949240147988,0000008.txt,ob_0000016,True,92.63555885587145,farthest,12.934654882139235,251.02806091308594,3
16.944236143376852,False,7.618040495224307,False,23.729949240147988,0000009.txt,ob_0000016,True,97.48561680265254,farthest,12.574804125192948,260.2217197418213,3
18.19376091280497,False,9.72982747637048,False,23.729949240147988,0000010.txt,ob_0000016,True,98.34806367886387,farthest,14.065466105821859,263.98515701293945,3
14.637337498242427,False,5.5142933665191665,False,23.729949240147988,0000011.txt,ob_0000016,True,175.25356024965257,farthest,7.407872660488671,259.72914695739746,3
16.731457906806018,False,9.167313865000581,False,23.729949240147988,0000012.txt,ob_0000016,True,95.32629644205932,farthest,12.065316846943116,265.4681205749512,3
9.78222221615841,False,0.4576057698435272,True,23.729949240147988,0000013.txt,ob_0000016,True,179.0462334060223,farthest,0.22401477974414774,263.08417320251465,3
16.51771519550503,False,8.210091418263119,False,23.729949240147988,0000014.txt,ob_0000016,True,167.71701741579383,farthest,11.307235612541069,251.76358222961426,3
16.38967476615745,False,8.657091755044954,False,23.729949240147988,0000015.txt,ob_0000016,True,89.13163671236448,farthest,12.106021649448241,261.67798042297363,3
0.6232360865604244,True,0.3834969552585265,True,23.729949240147988,0000000.txt,ob_0000016,True,4.625908012201814,farthest,0.17810097152226406,330.34253120422363,5
15.447411986251852,False,0.4175362855455357,True,23.729949240147988,0000001.txt,ob_0000016,True,179.09862404281455,farthest,0.6663074118165817,277.3287296295166,5
7.1316678257005925,False,0.5081642586701086,True,23.729949240147988,0000002.txt,ob_0000016,True,92.34008129101636,farthest,0.9729363324826397,254.41670417785645,5
15.411198211735023,False,0.38661029296732724,True,23.729949240147988,0000003.txt,ob_0000016,True,177.37592935308405,farthest,0.32623827038489395,258.7246894836426,5
7.028699690629675,False,0.5091487875993995,True,23.729949240147988,0000004.txt,ob_0000016,True,89.69063573514353,farthest,1.3248971812176877,301.39613151550293,5
15.451135465494803,False,0.44679929708923,True,23.729949240147988,0000005.txt,ob_0000016,True,178.1460141221756,farthest,0.7426764847788652,305.47094345092773,5
14.921064855437525,False,3.6320259332167613,False,23.729949240147988,0000006.txt,ob_0000016,True,178.87953687445113,farthest,6.249082848422378,253.57294082641602,5
15.416312625121781,False,0.3180492670822465,True,23.729949240147988,0000007.txt,ob_0000016,True,178.78434308566833,farthest,0.2361917613802396,243.72029304504395,5
9.77844695169607,False,0.3558405248702124,True,23.729949240147988,0000008.txt,ob_0000016,True,176.96527910066027,farthest,0.4256869382005264,249.16481971740723,5
9.941454812503252,False,0.6216990715853563,True,23.729949240147988,0000009.txt,ob_0000016,True,177.81705876316167,farthest,1.7540612892236023,257.3115825653076,5
9.876317809982933,False,0.5505925950889169,True,23.729949240147988,0000010.txt,ob_0000016,True,178.7482671609939,farthest,1.355001054964432,265.1171684265137,5
7.057329215584882,False,0.4288455387497723,True,23.729949240147988,0000011.txt,ob_0000016,True,91.26342376018964,farthest,0.9345003664180266,259.00959968566895,5
7.232505542852005,False,0.6544584614327809,True,23.729949240147988,0000012.txt,ob_0000016,True,91.82076849254443,farthest,1.6858408767191624,252.26378440856934,5
9.781961943694693,False,0.4603208861936368,True,23.729949240147988,0000013.txt,ob_0000016,True,178.91508729137612,farthest,0.21500125016299976,272.59349822998047,5
7.148506831041569,False,0.46849174096434176,True,23.729949240147988,0000014.txt,ob_0000016,True,93.01011332680497,farthest,0.823597576165786,309.1156482696533,5
7.103866406541007,False,0.4651264994049229,True,23.729949240147988,0000015.txt,ob_0000016,True,92.03383049335743,farthest,0.926655416577554,317.5036907196045,5
0.5965822906675493,True,0.3719281489401873,True,23.729949240147988,0000000.txt,ob_0000016,True,4.456639041793102,farthest,0.15108175169921217,382.10296630859375,10
15.447411986251852,False,0.4175362855455357,True,23.729949240147988,0000001.txt,ob_0000016,True,179.09862404281455,farthest,0.6663074118165817,338.15717697143555,10
15.276641923786864,False,0.4979568842379805,True,23.729949240147988,0000002.txt,ob_0000016,True,177.98329754355692,farthest,0.9554661821715188,352.0848751068115,10
15.411198211735023,False,0.38661029296732724,True,23.729949240147988,0000003.txt,ob_0000016,True,177.37592935308405,farthest,0.32623827038489395,334.6576690673828,10
15.349687574591508,False,0.6442507483910385,True,23.729949240147988,0000004.txt,ob_0000016,True,179.46182892543007,farthest,1.7297884167694855,333.1918716430664,10
15.451135465494803,False,0.44679929708923,True,23.729949240147988,0000005.txt,ob_0000016,True,178.1460141221756,farthest,0.7426764847788652,321.9871520996094,10
9.784818665113578,False,0.436541365224723,True,23.729949240147988,0000006.txt,ob_0000016,True,179.2255860246771,farthest,0.34289785724929384,332.0345878601074,10
9.77480622180656,False,0.3066485731068423,True,23.729949240147988,0000007.txt,ob_0000016,True,178.9855710677598,farthest,0.14033510062026996,336.00854873657227,10
0.7549179567919657,True,0.4129604230503821,True,23.729949240147988,0000008.txt,ob_0000016,True,3.9079182218786155,farthest,0.658770338992762,321.9034671783447,10
1.8593756729777693,True,0.6346806067616098,True,23.729949240147988,0000009.txt,ob_0000016,True,1.364678721375664,farthest,1.8519747360153815,319.6697235107422,10
1.4393754764643625,True,0.5631072905508617,True,23.729949240147988,0000010.txt,ob_0000016,True,1.7069771636438615,farthest,1.4298471702614761,326.50303840637207,10
7.057329215584882,False,0.4288455387497723,True,23.729949240147988,0000011.txt,ob_0000016,True,91.26342376018964,farthest,0.9345003664180266,379.62985038757324,10
7.232505542852005,False,0.6544584614327809,True,23.729949240147988,0000012.txt,ob_0000016,True,91.82076849254443,farthest,1.6858408767191624,352.3585796356201,10
9.781961943694693,False,0.4603208861936368,True,23.729949240147988,0000013.txt,ob_0000016,True,178.91508729137612,farthest,0.21500125016299976,328.89413833618164,10
15.281542989823032,False,0.4533562959646748,True,23.729949240147988,0000014.txt,ob_0000016,True,178.86153126248408,farthest,0.7809468541135427,393.07332038879395,10
15.315228214049025,False,0.5669069623912885,True,23.729949240147988,0000015.txt,ob_0000016,True,177.7597209264994,farthest,1.3969295550142313,363.4483814239502,10
0.615990631498815,True,0.3798608184589659,True,23.729949240147988,0000000.txt,ob_0000016,True,4.60630198540468,farthest,0.18491445337594617,494.16160583496094,20
15.447287829154483,False,0.41812087809992143,True,23.729949240147988,0000001.txt,ob_0000016,True,179.08399745075323,farthest,0.6652635726881654,494.3418502807617,20
9.830233065710672,False,0.5310317318308523,True,23.729949240147988,0000002.txt,ob_0000016,True,175.69290205200411,farthest,1.022756664709271,476.81403160095215,20
15.410733042843127,False,0.37921963497592126,True,23.729949240147988,0000003.txt,ob_0000016,True,177.5490122892596,farthest,0.3215222269504487,477.01239585876465,20
7.02657134332699,False,0.5260470442794424,True,23.729949240147988,0000004.txt,ob_0000016,True,89.43129412853078,farthest,1.3887625687451994,476.0127067565918,20
15.451558920001762,False,0.4445549731090689,True,23.729949240147988,0000005.txt,ob_0000016,True,178.19246339770123,farthest,0.7460346977007493,462.8303050994873,20
9.785185070371332,False,0.43944257489177796,True,23.729949240147988,0000006.txt,ob_0000016,True,179.19349014571972,farthest,0.3486466817328973,456.5882682800293,20
9.77484216105102,False,0.30533102664045425,True,23.729949240147988,0000007.txt,ob_0000016,True,178.9294865311641,farthest,0.14187366246803587,480.78107833862305,20
7.142322319616208,False,0.4625588723438502,True,23.729949240147988,0000008.txt,ob_0000016,True,92.62492949288392,farthest,0.9615953918524635,460.71434020996094,20
1.842556949960026,True,0.6310035139653369,True,23.729949240147988,0000009.txt,ob_0000016,True,1.422385467068596,farthest,1.8345106046753243,469.38276290893555,20
7.038825181359375,False,0.5909357530365835,True,23.729949240147988,0000010.txt,ob_0000016,True,89.34247037695384,farthest,1.449398445810611,473.36268424987793,20
15.268239567042185,False,0.3936303845638116,True,23.729949240147988,0000011.txt,ob_0000016,True,179.6799966993076,farthest,0.7857107296656386,461.73739433288574,20
15.553565675208485,False,0.7099840893202132,True,23.729949240147988,0000012.txt,ob_0000016,True,178.14808809445935,farthest,1.903379330062823,476.3765335083008,20
9.78162701362844,False,0.45841579828451484,True,23.729949240147988,0000013.txt,ob_0000016,True,179.0004955002004,farthest,0.2025997660515472,466.18080139160156,20
9.821929371894866,False,0.5111314486344837,True,23.729949240147988,0000014.txt,ob_0000016,True,175.50760157877903,farthest,0.9421167996667719,465.9738540649414,20
15.309933318566118,False,0.5550299645887627,True,23.729949240147988,0000015.txt,ob_0000016,True,177.87508806481353,farthest,1.3323555502646869,465.76499938964844,20
0.615990631498815,True,0.3798608184589659,True,23.729949240147988,0000000.txt,ob_0000016,True,4.60630198540468,farthest,0.18491445337594617,995.5415725708008,50
15.447362135921603,False,0.418238603138103,True,23.729949240147988,0000001.txt,ob_0000016,True,179.08939664833943,farthest,0.6662119989601538,956.2668800354004,50
15.277835012204644,False,0.5020201024540673,True,23.729949240147988,0000002.txt,ob_0000016,True,178.0123877304467,farthest,0.9466388324741278,989.9110794067383,50
15.410733042843127,False,0.37921963497592126,True,23.729949240147988,0000003.txt,ob_0000016,True,177.5490122892596,farthest,0.3215222269504487,992.6271438598633,50
15.318908899328617,False,0.5263094326609745,True,23.729949240147988,0000004.txt,ob_0000016,True,179.30620233973437,farthest,1.422132243221844,981.5893173217773,50
15.451558203979362,False,0.444544705166228,True,23.729949240147988,0000005.txt,ob_0000016,True,178.19240873319953,farthest,0.746027430201144,1000.7932186126709,50
9.782698483317256,False,0.42573742257595876,True,23.729949240147988,0000006.txt,ob_0000016,True,178.8472237506732,farthest,0.3016685272605387,987.7934455871582,50
9.77484216105102,False,0.30533102664045425,True,23.729949240147988,0000007.txt,ob_0000016,True,178.9294865311641,farthest,0.14187366246803587,982.8360080718994,50
7.142322319616208,False,0.4625588723438502,True,23.729949240147988,0000008.txt,ob_0000016,True,92.62492949288392,farthest,0.9615953918524635,1002.6547908782959,50
15.387435753603395,False,0.6200955801388249,True,23.729949240147988,0000009.txt,ob_0000016,True,179.91178629749928,farthest,1.8708037936710613,1017.6513195037842,50
7.038825181359375,False,0.5909357530365835,True,23.729949240147988,0000010.txt,ob_0000016,True,89.34247037695384,farthest,1.449398445810611,1017.0514583587646,50
15.268239567042185,False,0.3936303845638116,True,23.729949240147988,0000011.txt,ob_0000016,True,179.6799966993076,farthest,0.7857107296656386,1025.5365371704102,50
15.553565675208485,False,0.7099840893202132,True,23.729949240147988,0000012.txt,ob_0000016,True,178.14808809445935,farthest,1.903379330062823,1003.309965133667,50
9.78162701362844,False,0.45841579828451484,True,23.729949240147988,0000013.txt,ob_0000016,True,179.0004955002004,farthest,0.2025997660515472,992.4120903015137,50
15.27949644376011,False,0.4478642533329808,True,23.729949240147988,0000014.txt,ob_0000016,True,178.20942174114032,farthest,0.7479961646381185,990.7891750335693,50
15.309933318566118,False,0.5550299645887627,True,23.729949240147988,0000015.txt,ob_0000016,True,177.87508806481353,farthest,1.3323555502646869,1000.3366470336914,50
16.96258828219845,False,12.547902976020719,False,20.397299163859902,0000000.txt,ob_0000017,True,177.19534164790377,random,17.36824489169945,339.77746963500977,1
14.785525671893673,False,9.324992964117824,False,20.397299163859902,0000001.txt,ob_0000017,True,127.84796215599432,random,14.596994472298249,247.3733425140381,1
5.725919949158772,False,2.9759942517588067,False,20.397299163859902,0000002.txt,ob_0000017,True,127.41912700925997,random,2.5876406389452504,323.3211040496826,1
11.260402490367937,False,2.0050065063605014,True,20.397299163859902,0000003.txt,ob_0000017,True,171.11538281382707,random,4.4983268423124,269.02151107788086,1
3.4508966874355806,False,0.3908648665831599,True,20.397299163859902,0000004.txt,ob_0000017,True,176.32213816809963,random,3.425094300482287,275.93994140625,1
8.449459783944855,False,1.642710708933421,True,20.397299163859902,0000005.txt,ob_0000017,True,178.27585336819067,random,1.4691156763966209,271.41404151916504,1
5.180781734357859,False,2.3264004667755973,False,20.397299163859902,0000006.txt,ob_0000017,True,141.21234918366946,random,5.356679031512425,316.6177272796631,1
10.312975302875465,False,1.770587013562931,True,20.397299163859902,0000007.txt,ob_0000017,True,178.19717291286227,random,3.9572793524106116,279.4787883758545,1
9.175467407111782,False,3.5312101480777693,False,20.397299163859902,0000008.txt,ob_0000017,True,107.11501599801933,random,2.273283061801196,284.7630977630615,1
10.003946031962391,False,1.580228596003343,True,20.397299163859902,0000009.txt,ob_0000017,True,179.89306281859928,random,3.5162683554704652,254.72450256347656,1
13.512256135926332,False,9.866694718826151,False,20.397299163859902,0000010.txt,ob_0000017,True,93.5948742083987,random,9.912777077685735,263.11182975769043,1
9.201606735748813,False,4.125907671403647,False,20.397299163859902,0000011.txt,ob_0000017,True,55.00333647149413,random,9.965935231259374,255.88607788085938,1
9.212125296565919,False,3.8337810706231954,False,20.397299163859902,0000012.txt,ob_0000017,True,100.40790925738527,random,5.7947278147151025,261.0821723937988,1
10.960972575884695,False,5.391994468501911,False,20.397299163859902,0000013.txt,ob_0000017,True,148.6727656469143,random,6.594101556684392,241.42026901245117,1
11.67868781984791,False,3.165319299197225,False,20.397299163859902,0000014.txt,ob_0000017,True,167.48303040269502,random,5.17027452839839,253.47018241882324,1
10.245633218038144,False,5.742728314720111,False,20.397299163859902,0000015.txt,ob_0000017,True,102.84919187439901,random,5.608591749098036,250.75149536132812,1
4.570723409571576,False,1.7177543116506444,True,20.397299163859902,0000000.txt,ob_0000017,True,176.67494461583777,random,5.09802871095025,278.84364128112793,3
4.111361951169322,False,1.5711272361466213,True,20.397299163859902,0000001.txt,ob_0000017,True,124.96986468853501,random,3.489397326340777,285.2942943572998,3
10.830806199278186,False,1.6854249047541359,True,20.397299163859902,0000002.txt,ob_0000017,True,167.27937858485112,random,3.3570738077646016,297.6815700531006,3
0.17908282840178782,True,0.1458293518205299,True,20.397299163859902,0000003.txt,ob_0000017,True,1.7316822705511663,random,0.22534084596663537,258.2550048828125,3
0.2755994964512246,True,0.18999081676141044,True,20.397299163859902,0000004.txt,ob_0000017,True,7.121844827737607,random,0.3588407332031069,248.69465827941895,3
3.3711520526206358,False,0.30292655389495843,True,20.397299163859902,0000005.txt,ob_0000017,True,178.49898750021046,random,3.0357972757319267,270.4730033874512,3
4.675521628954356,False,1.6324440207515285,True,20.397299163859902,0000006.txt,ob_0000017,True,175.75525459001733,random,3.527064537373999,303.9979934692383,3
13.462559666239576,False,5.1257675912322735,False,20.397299163859902,0000007.txt,ob_0000017,True,86.78907499254055,random,13.675411759379966,253.12566757202148,3
0.31585607204345484,True,0.21035777148462484,True,20.397299163859902,0000008.txt,ob_0000017,True,4.586043868953478,random,0.18439145399835138,250.75817108154297,3
3.875443007768636,False,1.0635936619637771,True,20.397299163859902,0000009.txt,ob_0000017,True,130.13950019611545,random,3.658171605879032,258.21852684020996,3
0.3715167108639401,True,0.24732241083569845,True,20.397299163859902,0000010.txt,ob_0000017,True,6.044783201904355,random,0.43799247620544685,277.04834938049316,3
3.4912321540058238,False,0.4687266444660532,True,20.397299163859902,0000011.txt,ob_0000017,True,178.49445378798038,random,4.0170561309949715,251.69134140014648,3
12.962341342254694,False,3.871177149068111,False,20.397299163859902,0000012.txt,ob_0000017,True,176.1435277304745,random,5.794266831738129,255.77902793884277,3
12.734740474646825,False,7.562382543218137,False,20.397299163859902,0000013.txt,ob_0000017,True,154.81635679738756,random,9.990915293820994,249.24278259277344,3
11.26622411786329,False,2.1691198698278544,False,20.397299163859902,0000014.txt,ob_0000017,True,159.85426453177644,random,4.410808397827762,259.2899799346924,3
3.4572485696524655,False,0.4258861868940856,True,20.397299163859902,0000015.txt,ob_0000017,True,174.87406301659644,random,3.3514081251522594,253.83901596069336,3
6.658802393517105,False,4.455291595752219,False,20.397299163859902,0000000.txt,ob_0000017,True,82.60391629181281,random,7.118152598327039,276.23963356018066,5
2.623955690782896,False,1.2792133305361157,True,20.397299163859902,0000001.txt,ob_0000017,True,82.3688116487097,random,3.198238584756981,264.2192840576172,5
8.39424608592401,False,1.5104724905719367,True,20.397299163859902,0000002.txt,ob_0000017,True,134.4326523296904,random,7.3041879472399,279.1764736175537,5
0.14795735549538958,True,0.1243419581880145,True,20.397299163859902,0000003.txt,ob_0000017,True,1.6872312224812112,random,0.17999820405355707,259.31262969970703,5
0.2568317558665976,True,0.18289573871149498,True,20.397299163859902,0000004.txt,ob_0000017,True,5.514240770736327,random,0.28293922012154743,253.42154502868652,5
0.601970402080552,True,0.245054145114609,True,20.397299163859902,0000005.txt,ob_0000017,True,1.4164497361050268,random,0.6040265737184352,247.53618240356445,5
3.36518054729278,False,0.31157328627894876,True,20.397299163859902,0000006.txt,ob_0000017,True,173.98078434821804,random,3.415035847419882,261.4939212799072,5
0.9555532175594112,True,0.5097826079402459,True,20.397299163859902,0000007.txt,ob_0000017,True,23.232836570879776,random,0.751890154563373,249.57585334777832,5
3.374208784162432,False,0.4072671985458713,True,20.397299163859902,0000008.txt,ob_0000017,True,170.45875562433955,random,2.8326525555512685,247.52521514892578,5
0.5992738594136892,True,0.2774050888376286,True,20.397299163859902,0000009.txt,ob_0000017,True,1.3651468956675352,random,0.6054302098478054,249.07493591308594,5
0.36964691733451766,True,0.24726534915040926,True,20.397299163859902,0000010.txt,ob_0000017,True,6.019839289473937,random,0.4256607215004508,251.07979774475098,5
0.9005363817975056,True,0.40913827930726665,True,20.397299163859902,0000011.txt,ob_0000017,True,2.6930418479315037,random,0.8516126921291799,256.6840648651123,5
3.36323867926363,False,0.4515371016209889,True,20.397299163859902,0000012.txt,ob_0000017,True,174.04696289505677,random,3.325721376769227,234.27343368530273,5
3.436833912217163,False,0.6366091537326217,True,20.397299163859902,0000013.txt,ob_0000017,True,166.25627517095273,random,3.9587595207427237,254.44912910461426,5
11.217535547606213,False,1.8350344341261233,True,20.397299163859902,0000014.txt,ob_0000017,True,179.68460641819811,random,3.4543422054035147,282.1476459503174,5
3.3627400472398183,False,0.3011969264533911,True,20.397299163859902,0000015.txt,ob_0000017,True,177.39865399094396,random,3.239906127508902,313.87948989868164,5
2.2900174569407805,False,1.4611374574736051,True,20.397299163859902,0000000.txt,ob_0000017,True,12.536574248130927,random,2.7734539286031588,327.1815776824951,10
0.2305090669665819,True,0.15453394833863382,True,20.397299163859902,0000001.txt,ob_0000017,True,2.1262925891188367,random,0.25941955854252896,305.56440353393555,10
2.176140537908705,False,0.4817846057387103,True,20.397299163859902,0000002.txt,ob_0000017,True,4.292675670425449,random,2.185107829596445,321.122407913208,10
2.4083101613936826,False,1.7315806368213102,True,20.397299163859902,0000003.txt,ob_0000017,True,37.33780904163209,random,1.8781924328717166,319.1502094268799,10
0.2544530417048056,True,0.18529116276603197,True,20.397299163859902,0000004.txt,ob_0000017,True,5.277536059284481,random,0.3046306974066706,333.21237564086914,10
3.335073395908434,False,0.29523956877805113,True,20.397299163859902,0000005.txt,ob_0000017,True,178.71141180323008,random,2.6700991320008676,320.41382789611816,10
0.42397678640404585,True,0.21248162405791932,True,20.397299163859902,0000006.txt,ob_0000017,True,2.82645142978435,random,0.4147013801799957,309.9825382232666,10
8.5600512988864,False,1.6241119687081154,True,20.397299163859902,0000007.txt,ob_0000017,True,130.01378967620653,random,8.980240544908447,309.8764419555664,10
0.5297999707685491,True,0.29516396643457854,True,20.397299163859902,0000008.txt,ob_0000017,True,8.211499316292565,random,0.4609839181761064,317.2454833984375,10
1.47003553707705,True,0.8482463909973463,True,20.397299163859902,0000009.txt,ob_0000017,True,21.450648478674633,random,0.8998383287456307,383.09788703918457,10
0.35941919182308046,True,0.23600736377458126,True,20.397299163859902,0000010.txt,ob_0000017,True,5.90375029410124,random,0.3995221832932553,330.45196533203125,10
0.8981794203641609,True,0.40780388050638106,True,20.397299163859902,0000011.txt,ob_0000017,True,2.9506501803650593,random,0.8296182645262026,343.6236381530762,10
0.3081780063002636,True,0.20333964019105905,True,20.397299163859902,0000012.txt,ob_0000017,True,1.5112867603402838,random,0.298469927745829,354.97236251831055,10
12.233612734910476,False,6.904356689197029,False,20.397299163859902,0000013.txt,ob_0000017,True,160.55374809026355,random,9.176284922935663,305.24158477783203,10
0.26649913834757394,True,0.17842856731628093,True,20.397299163859902,0000014.txt,ob_0000017,True,2.683647622887334,random,0.17964054459863896,308.3155155181885,10
3.416631077496204,False,0.34122905946901794,True,20.397299163859902,0000015.txt,ob_0000017,True,179.5985670813473,random,3.367126006217903,312.78204917907715,10
4.666215318234801,False,1.7999915187811286,True,20.397299163859902,0000000.txt,ob_0000017,True,176.5487144021981,random,5.351008069408142,463.5450839996338,20
0.22510977636499083,True,0.15189369507828052,True,20.397299163859902,0000001.txt,ob_0000017,True,2.212358415418601,random,0.2565350941312052,476.59754753112793,20
2.2657496392697043,False,0.5030114941041527,True,20.397299163859902,0000002.txt,ob_0000017,True,4.278765943627048,random,2.2866026560831476,470.7825183868408,20
0.16977075604163347,True,0.13992470367494897,True,20.397299163859902,0000003.txt,ob_0000017,True,1.8315003026115075,random,0.22085411584499975,478.6031246185303,20
3.4658890626469168,False,0.40768599772849246,True,20.397299163859902,0000004.txt,ob_0000017,True,176.30934258615562,random,3.477821345207434,462.9662036895752,20
0.6423050567323185,True,0.258973160608371,True,20.397299163859902,0000005.txt,ob_0000017,True,2.8945142268706547,random,0.634080718348439,497.6935386657715,20
0.6283310445624942,True,0.2504002522318727,True,20.397299163859902,0000006.txt,ob_0000017,True,4.818238959490338,random,0.6006017384497376,504.0597915649414,20
0.4209038964581539,True,0.2438829239720614,True,20.397299163859902,0000007.txt,ob_0000017,True,4.40477209443113,random,0.2874295518078429,512.5799179077148,20
0.31263879493054897,True,0.21503887273664843,True,20.397299163859902,0000008.txt,ob_0000017,True,4.6707466038274195,random,0.29521326842241963,460.862398147583,20
0.6216199876539183,True,0.30610788912639614,True,20.397299163859902,0000009.txt,ob_0000017,True,1.362320341060711,random,0.6293366365999561,488.89708518981934,20
0.35592184546476946,True,0.23347232660615025,True,20.397299163859902,0000010.txt,ob_0000017,True,5.85394992512828,random,0.4010023468808458,447.31855392456055,20
0.8843453063712423,True,0.4021136608759594,True,20.397299163859902,0000011.txt,ob_0000017,True,2.8824294637504355,random,0.8167228202262171,470.48354148864746,20
0.3259957268265943,True,0.21036266964340058,True,20.397299163859902,0000012.txt,ob_0000017,True,1.3717542740479143,random,0.316279999177741,461.0941410064697,20
0.3451152803199037,True,0.2192833124634604,True,20.397299163859902,0000013.txt,ob_0000017,True,4.042983193812013,random,0.30597288745596357,479.43925857543945,20
0.24204812607226198,True,0.16887386010271188,True,20.397299163859902,0000014.txt,ob_0000017,True,2.839158912916301,random,0.1485263806520766,479.4802665710449,20
0.2851446448631409,True,0.19793404387414182,True,20.397299163859902,0000015.txt,ob_0000017,True,4.824762380101415,random,0.360951785947237,456.20059967041016,20
4.569019461253639,False,1.715038383334206,True,20.397299163859902,0000000.txt,ob_0000017,True,176.67334522368122,random,5.099052093850815,971.3120460510254,50
0.22393451642297937,True,0.15252486153591568,True,20.397299163859902,0000001.txt,ob_0000017,True,2.140452054242795,random,0.25774383678228757,952.4753093719482,50
2.207289672599893,False,0.49620266420491216,True,20.397299163859902,0000002.txt,ob_0000017,True,4.62133976567268,random,2.217171559205067,986.9809150695801,50
0.16264773489784204,True,0.13542314124549315,True,20.397299163859902,0000003.txt,ob_0000017,True,1.7065702802685294,random,0.20763698112776482,969.440221786499,50
0.2373367505418312,True,0.17144140897195595,True,20.397299163859902,0000004.txt,ob_0000017,True,4.7085381770659644,random,0.32330045362229515,999.2172718048096,50
0.5971583226012818,True,0.24673164475575,True,20.397299163859902,0000005.txt,ob_0000017,True,2.38647163270078,random,0.5929787489323897,994.2538738250732,50
0.42400506921011366,True,0.21538378016629395,True,20.397299163859902,0000006.txt,ob_0000017,True,2.8843370487723576,random,0.4171404520242849,1016.8590545654297,50
0.41406944084896113,True,0.2411364841011873,True,20.397299163859902,0000007.txt,ob_0000017,True,4.369350818325539,random,0.27661673180159835,1027.6477336883545,50
0.329454192928784,True,0.21473302964437002,True,20.397299163859902,0000008.txt,ob_0000017,True,4.569304052349381,random,0.18688232538123087,1010.610818862915,50
0.5766757361025492,True,0.284990278695997,True,20.397299163859902,0000009.txt,ob_0000017,True,1.5293641547799124,random,0.5831034534643146,1020.9183692932129,50
0.3546514474097663,True,0.23668222107498144,True,20.397299163859902,0000010.txt,ob_0000017,True,5.717975081310252,random,0.40197323165114307,1003.1046867370605,50
0.868297507820035,True,0.39694482658739694,True,20.397299163859902,0000011.txt,ob_0000017,True,2.6734234710143854,random,0.8051643395384815,1002.7599334716797,50
0.30701888915400466,True,0.20350224249632162,True,20.397299163859902,0000012.txt,ob_0000017,True,1.4963893631604206,random,0.298567129770619,1006.7028999328613,50
0.3553968669015961,True,0.21445252691768188,True,20.397299163859902,0000013.txt,ob_0000017,True,3.3038600220567536,random,0.31944379409227275,1037.0619297027588,50
0.24804021762861703,True,0.1728601853754668,True,20.397299163859902,0000014.txt,ob_0000017,True,3.4459387650410327,random,0.1165457305483814,1027.9946327209473,50
0.28397525974568266,True,0.19109421025237316,True,20.397299163859902,0000015.txt,ob_0000017,True,4.782983773305539,random,0.34181289933012143,1014.5349502563477,50
4.878066332444922,False,2.666880299100855,False,20.397299163859902,0000000.txt,ob_0000017,True,55.621777231723414,farthest,4.116910830573208,315.7665729522705,1
11.73528539911866,False,7.001677856865999,False,20.397299163859902,0000001.txt,ob_0000017,True,103.14811152988587,farthest,11.216962154764065,226.9294261932373,1
11.620876501433688,False,1.9615002644436095,True,20.397299163859902,0000002.txt,ob_0000017,True,169.9964349888069,farthest,4.189785316612269,248.6410140991211,1
9.55373352735772,False,7.423504927588015,False,20.397299163859902,0000003.txt,ob_0000017,True,112.97491464156974,farthest,6.509014568768361,241.07027053833008,1
3.664711087753197,False,1.6600317353401233,True,20.397299163859902,0000004.txt,ob_0000017,True,49.87618295369488,farthest,2.6244771642359543,245.83673477172852,1
5.961649746913998,False,3.7523235113363502,False,20.397299163859902,0000005.txt,ob_0000017,True,68.51716498292502,farthest,7.913975623903926,250.86736679077148,1
8.626793083242259,False,5.458328107700818,False,20.397299163859902,0000006.txt,ob_0000017,True,121.67465891073246,farthest,7.587190178640261,249.0377426147461,1
10.549757475220503,False,2.0066384989910038,True,20.397299163859902,0000007.txt,ob_0000017,True,174.91012895915702,farthest,1.787478509537192,243.32857131958008,1
9.077627061486043,False,4.253637170946436,False,20.397299163859902,0000008.txt,ob_0000017,True,134.82582196121345,farthest,6.425438339020357,236.69767379760742,1
3.1211975147740696,False,1.6406268400000839,True,20.397299163859902,0000009.txt,ob_0000017,True,91.13051857285343,farthest,0.9630693649470448,244.4908618927002,1
3.4698598534583605,False,1.6712947345632228,True,20.397299163859902,0000010.txt,ob_0000017,True,54.60493052855087,farthest,2.5968786609443195,258.40091705322266,1
4.805415751664555,False,2.86659186762129,False,20.397299163859902,0000011.txt,ob_0000017,True,64.31758691337008,farthest,2.82983283152171,244.63963508605957,1
0.7289554867481993,True,0.412429765902539,True,20.397299163859902,0000012.txt,ob_0000017,True,19.242375353580325,farthest,0.4290797374783023,242.17820167541504,1
0.3698720661688713,True,0.22027056112841778,True,20.397299163859902,0000013.txt,ob_0000017,True,3.602419819936304,farthest,0.3149655055292712,246.6137409210205,1
12.37517146383136,False,8.567552896404871,False,20.397299163859902,0000014.txt,ob_0000017,True,116.05459341377411,farthest,9.059247839914597,244.42791938781738,1
10.369350959791658,False,3.9050682626518034,False,20.397299163859902,0000015.txt,ob_0000017,True,118.65069680072797,farthest,5.2217708661467865,260.8942985534668,1
4.657052325920566,False,1.8173841117712894,True,20.397299163859902,0000000.txt,ob_0000017,True,176.69423423838478,farthest,5.260402722390543,339.42437171936035,3
12.139072530771644,False,7.102090158549977,False,20.397299163859902,0000001.txt,ob_0000017,True,97.13148090415082,farthest,10.503283031794506,260.892391204834,3
10.958563504507767,False,2.076291173650835,False,20.397299163859902,0000002.txt,ob_0000017,True,163.32028205091135,farthest,2.777702637731587,266.53504371643066,3
7.785586890931471,False,5.032609833624608,False,20.397299163859902,0000003.txt,ob_0000017,True,116.60383274200834,farthest,8.875763437805977,253.80945205688477,3
0.19065171594211056,True,0.1513726618852712,True,20.397299163859902,0000004.txt,ob_0000017,True,3.7463265630789513,farthest,0.24198614281516254,253.32975387573242,3
6.0811695401221355,False,3.925783388786623,False,20.397299163859902,0000005.txt,ob_0000017,True,68.97286780217095,farthest,8.113516508966857,253.51214408874512,3
9.34820090148076,False,5.680516831583935,False,20.397299163859902,0000006.txt,ob_0000017,True,126.0591654357518,farthest,8.221726705822126,262.2096538543701,3
14.198392856140856,False,5.486517367745917,False,20.397299163859902,0000007.txt,ob_0000017,True,107.86014767101972,farthest,13.969043421588905,254.60386276245117,3
9.052593700752782,False,4.26849476441262,False,20.397299163859902,0000008.txt,ob_0000017,True,134.52275445714568,farthest,6.330973671443979,246.72698974609375,3
14.324998031923029,False,9.560198619627297,False,20.397299163859902,0000009.txt,ob_0000017,True,93.00081557128964,farthest,11.394862845027788,252.55990028381348,3
3.4713998307239398,False,1.6740041886615487,True,20.397299163859902,0000010.txt,ob_0000017,True,54.73151992554477,farthest,2.604466047401125,257.60412216186523,3
9.924864454223535,False,3.4230662776464706,False,20.397299163859902,0000011.txt,ob_0000017,True,144.94399176231187,farthest,12.298844238460239,254.4255256652832,3
0.7360983647219465,True,0.4190885318881339,True,20.397299163859902,0000012.txt,ob_0000017,True,20.997363009153336,farthest,0.5090501085050219,240.72980880737305,3
0.3635105929999098,True,0.21816571798655224,True,20.397299163859902,0000013.txt,ob_0000017,True,3.6059111812409936,farthest,0.30771482215396473,254.42099571228027,3
12.25915658232386,False,8.554298033638554,False,20.397299163859902,0000014.txt,ob_0000017,True,114.40729927942223,farthest,8.870763064296757,259.17720794677734,3
10.258951257756856,False,4.126828631381365,False,20.397299163859902,0000015.txt,ob_0000017,True,73.26879223374209,farthest,9.213622124357263,253.69024276733398,3
4.666228008950598,False,1.8202763560958468,True,20.397299163859902,0000000.txt,ob_0000017,True,176.9091224395518,farthest,5.258624527906364,342.6361083984375,5
9.731158729537716,False,5.094927653098227,False,20.397299163859902,0000001.txt,ob_0000017,True,140.51523702475995,farthest,12.045474405185384,247.2853660583496,5
4.429995532196748,False,0.5887830207935055,True,20.397299163859902,0000002.txt,ob_0000017,True,176.27884628710487,farthest,4.12769272555855,303.5750389099121,5
7.697819634053609,False,4.877332080357355,False,20.397299163859902,0000003.txt,ob_0000017,True,119.4046305692719,farthest,8.632370217622004,324.9027729034424,5
0.2106561187441512,True,0.16295207601096645,True,20.397299163859902,0000004.txt,ob_0000017,True,3.9057760935512946,farthest,0.2662692496151334,280.3661823272705,5
7.698850540066533,False,1.653605875374167,True,20.397299163859902,0000005.txt,ob_0000017,True,114.32001371271062,farthest,5.7730631891512205,244.13824081420898,5
11.913577302682915,False,3.3194205261359744,False,20.397299163859902,0000006.txt,ob_0000017,True,156.75205399497415,farthest,5.32859003568928,292.1416759490967,5
3.3514087500341523,False,0.29904399330397474,True,20.397299163859902,0000007.txt,ob_0000017,True,175.32032883437066,farthest,3.257128294931433,239.37606811523438,5
3.379820640118981,False,0.4097084883861012,True,20.397299163859902,0000008.txt,ob_0000017,True,170.6275375017315,farthest,2.8485823648583395,253.65948677062988,5
10.494261903887796,False,2.053828803016537,False,20.397299163859902,0000009.txt,ob_0000017,True,170.91244513607623,farthest,2.1900297213370243,241.1806583404541,5
7.721953235276885,False,2.5896049557676615,False,20.397299163859902,0000010.txt,ob_0000017,True,126.63406050761789,farthest,5.617330455003419,271.5764045715332,5
9.778561553215786,False,3.314139941415204,False,20.397299163859902,0000011.txt,ob_0000017,True,143.67605976315392,farthest,12.04182408111555,238.47174644470215,5
0.8104352240572913,True,0.45481670906004407,True,20.397299163859902,0000012.txt,ob_0000017,True,22.571302420247232,farthest,0.5132583028612253,244.2917823791504,5
0.3668236667894966,True,0.21963259933121376,True,20.397299163859902,0000013.txt,ob_0000017,True,3.676535224966763,farthest,0.3108341295867556,240.25440216064453,5
7.255081142449093,False,1.9914610700627406,True,20.397299163859902,0000014.txt,ob_0000017,True,177.6834424425106,farthest,6.258179103616078,300.83632469177246,5
14.307265686112821,False,9.25604869499543,False,20.397299163859902,0000015.txt,ob_0000017,True,157.30059556498026,farthest,7.530081807217531,308.7799549102783,5
4.666228008950598,False,1.8202763560958468,True,20.397299163859902,0000000.txt,ob_0000017,True,176.9091224395518,farthest,5.258624527906364,374.95899200439453,10
0.2243276517270112,True,0.15232619472511247,True,20.397299163859902,0000001.txt,ob_0000017,True,2.11024896464945,farthest,0.2557151042868899,336.8096351623535,10
2.2347264907959405,False,0.4987721669472261,True,20.397299163859902,0000002.txt,ob_0000017,True,4.536555264169566,farthest,2.2551541668412627,342.9734706878662,10
0.17450512232537024,True,0.1430528178606334,True,20.397299163859902,0000003.txt,ob_0000017,True,1.8183985836388266,farthest,0.22239732306203355,323.976993560791,10
0.2106561187441512,True,0.16295207601096645,True,20.397299163859902,0000004.txt,ob_0000017,True,3.9057760935512946,farthest,0.2662692496151334,305.4215908050537,10
3.359394326423103,False,0.28867383252330003,True,20.397299163859902,0000005.txt,ob_0000017,True,177.0163873283078,farthest,3.088482142477058,334.88965034484863,10
0.4335742061570203,True,0.2133297929210185,True,20.397299163859902,0000006.txt,ob_0000017,True,2.788603096253105,farthest,0.4238599462943575,313.5659694671631,10
0.4080586788713087,True,0.24313694538474245,True,20.397299163859902,0000007.txt,ob_0000017,True,4.325366931759819,farthest,0.28181075590289595,313.7080669403076,10
3.379820640118981,False,0.4097084883861012,True,20.397299163859902,0000008.txt,ob_0000017,True,170.6275375017315,farthest,2.8485823648583395,317.4939155578613,10
0.6063321269670195,True,0.281815961837225,True,20.397299163859902,0000009.txt,ob_0000017,True,1.078703586115058,farthest,0.6175381260947415,320.4374313354492,10
0.3714574489456605,True,0.24683825498614081,True,20.397299163859902,0000010.txt,ob_0000017,True,6.050331523015628,farthest,0.43894501503863764,339.3096923828125,10
0.8985692382819708,True,0.44328058854966434,True,20.397299163859902,0000011.txt,ob_0000017,True,7.5186201883274215,farthest,0.45205112948570314,351.1464595794678,10
0.31006536427132453,True,0.20471692432949962,True,20.397299163859902,0000012.txt,ob_0000017,True,1.3708060707161687,farthest,0.3358577896687974,328.610897064209,10
0.3668236667894966,True,0.21963259933121376,True,20.397299163859902,0000013.txt,ob_0000017,True,3.676535224966763,farthest,0.3108341295867556,327.94976234436035,10
0.35194437382087107,True,0.2090698073505265,True,20.397299163859902,0000014.txt,ob_0000017,True,10.961178402652983,farthest,0.23095369401846516,348.160982131958,10
14.307265686112821,False,9.25604869499543,False,20.397299163859902,0000015.txt,ob_0000017,True,157.30059556498026,farthest,7.530081807217531,383.2581043243408,10
4.674218225347411,False,1.8273043620911458,True,20.397299163859902,0000000.txt,ob_0000017,True,176.96411966943967,farthest,5.284950765579227,504.8871040344238,20
0.22494146594136494,True,0.15243796509059818,True,20.397299163859902,0000001.txt,ob_0000017,True,2.107601132300123,farthest,0.25552120147862795,470.9765911102295,20
2.2323379169521984,False,0.4955048178368113,True,20.397299163859902,0000002.txt,ob_0000017,True,4.420495935959283,farthest,2.2502858765226255,469.6228504180908,20
0.17493014227952716,True,0.1432762665423002,True,20.397299163859902,0000003.txt,ob_0000017,True,1.8104212759363902,farthest,0.22263458958661267,452.91852951049805,20
0.25468810251545804,True,0.1851733744647969,True,20.397299163859902,0000004.txt,ob_0000017,True,5.227742429089351,farthest,0.30271634709341644,470.95370292663574,20
0.5835634855920327,True,0.2441191773552751,True,20.397299163859902,0000005.txt,ob_0000017,True,2.1232762045596423,farthest,0.5791838081950414,449.6912956237793,20
0.4411626364788297,True,0.22282429397115117,True,20.397299163859902,0000006.txt,ob_0000017,True,2.9551252545103024,farthest,0.4375836530673848,463.27781677246094,20
0.40874910493693684,True,0.24354123074584025,True,20.397299163859902,0000007.txt,ob_0000017,True,4.3265379675501805,farthest,0.2801105324035292,452.33893394470215,20
0.3239274238553269,True,0.21360665349649224,True,20.397299163859902,0000008.txt,ob_0000017,True,4.23226771671279,farthest,0.18664373152644673,451.6406059265137,20
0.5311809035486674,True,0.2750330941044751,True,20.397299163859902,0000009.txt,ob_0000017,True,1.0376055977923782,farthest,0.5484956630215773,449.1705894470215,20
0.37230114175712525,True,0.24753474780824547,True,20.397299163859902,0000010.txt,ob_0000017,True,6.062736600931875,farthest,0.44133383467301285,459.43403244018555,20
0.8887194368223195,True,0.4026728110138456,True,20.397299163859902,0000011.txt,ob_0000017,True,2.6969096674024127,farthest,0.832509736381649,469.3789482116699,20
0.3147865558185216,True,0.21473979605066149,True,20.397299163859902,0000012.txt,ob_0000017,True,1.2601404415559165,farthest,0.3257044713224639,462.3377323150635,20
0.3676292480243818,True,0.22022403224397566,True,20.397299163859902,0000013.txt,ob_0000017,True,3.7003248955918755,farthest,0.312274137577857,452.4829387664795,20
0.2507167386788629,True,0.1718320098957722,True,20.397299163859902,0000014.txt,ob_0000017,True,3.1008424904615786,farthest,0.12306930398089976,459.3071937561035,20
0.25562365879683696,True,0.18990290208036373,True,20.397299163859902,0000015.txt,ob_0000017,True,4.496078218901594,farthest,0.34523836069985364,455.59072494506836,20
4.479975171500137,False,1.626807330348868,True,20.397299163859902,0000000.txt,ob_0000017,True,177.09971408333098,farthest,4.975069708662297,1014.4796371459961,50
0.22494146594136494,True,0.15243796509059818,True,20.397299163859902,0000001.txt,ob_0000017,True,2.107601132300123,farthest,0.25552120147862795,951.744794845581,50
2.2565934786955477,False,0.4901388453937391,True,20.397299163859902,0000002.txt,ob_0000017,True,4.0525849864021195,farthest,2.257227720452935,968.9435958862305,50
0.17493014227952716,True,0.1432762665423002,True,20.397299163859902,0000003.txt,ob_0000017,True,1.8104212759363902,farthest,0.22263458958661267,987.858772277832,50
0.25468810251545804,True,0.1851733744647969,True,20.397299163859902,0000004.txt,ob_0000017,True,5.227742429089351,farthest,0.30271634709341644,975.9318828582764,50
0.5835636637275093,True,0.24411958523709287,True,20.397299163859902,0000005.txt,ob_0000017,True,2.1232502830794635,farthest,0.5791838137061782,966.4626121520996,50
0.4411626364788297,True,0.22282429397115117,True,20.397299163859902,0000006.txt,ob_0000017,True,2.9551252545103024,farthest,0.4375836530673848,992.3892021179199,50
0.3991819894730443,True,0.23739957704868347,True,20.397299163859902,0000007.txt,ob_0000017,True,4.1117935757952555,farthest,0.2730871223138233,981.511116027832,50
0.3239274238553269,True,0.21360665349649224,True,20.397299163859902,0000008.txt,ob_0000017,True,4.23226771671279,farthest,0.18664373152644673,972.3300933837891,50
0.5311809035486674,True,0.2750330941044751,True,20.397299163859902,0000009.txt,ob_0000017,True,1.0376055977923782,farthest,0.5484956630215773,990.9031391143799,50
0.3722507243430929,True,0.24750499686239835,True,20.397299163859902,0000010.txt,ob_0000017,True,6.062432978233772,farthest,0.44127999747396024,983.140230178833,50
0.8887194368223195,True,0.4026728110138456,True,20.397299163859902,0000011.txt,ob_0000017,True,2.6969096674024127,farthest,0.832509736381649,983.33740234375,50
0.3046517677133181,True,0.20197639381537985,True,20.397299163859902,0000012.txt,ob_0000017,True,1.4027470495959093,farthest,0.3310225502251843,983.4804534912109,50
0.3676292480243818,True,0.22022403224397566,True,20.397299163859902,0000013.txt,ob_0000017,True,3.7003248955918755,farthest,0.312274137577857,986.7086410522461,50
0.2507167386788629,True,0.1718320098957722,True,20.397299163859902,0000014.txt,ob_0000017,True,3.1008424904615786,farthest,0.12306930398089976,973.1152057647705,50
0.2718283395392408,True,0.19659391096106216,True,20.397299163859902,0000015.txt,ob_0000017,True,4.615637678364317,farthest,0.36080938021573167,966.7954444885254,50
1.407621617969716,False,0.16227692046154296,True,12.136488707200282,0000000.txt,ob_0000018,True,109.0996220916776,random,0.16018959117125314,375.12898445129395,1
3.8957364738662,False,2.6889549934405137,False,12.136488707200282,0000001.txt,ob_0000018,True,94.84946260199679,random,2.985813043975396,260.67209243774414,1
6.790856054520396,False,0.21114257323480543,True,12.136488707200282,0000002.txt,ob_0000018,True,178.0388258294859,random,0.6758618318204455,269.8094844818115,1
1.411542593445606,False,0.6081357059189196,True,12.136488707200282,0000003.txt,ob_0000018,True,76.82113371749932,random,0.9027697225371658,334.78522300720215,1
3.092234025758415,False,1.5319708051406928,False,12.136488707200282,0000004.txt,ob_0000018,True,167.46069413079238,random,1.6523458452392514,264.934778213501,1
0.6699979090668138,True,0.3725584827085504,True,12.136488707200282,0000005.txt,ob_0000018,True,17.94118502218824,random,0.5165680362948082,245.8052635192871,1
7.060644696807185,False,1.3696274319618023,False,12.136488707200282,0000006.txt,ob_0000018,True,156.82442773550397,random,2.266352420748301,255.79285621643066,1
1.6490651806629453,False,0.33342095594654625,True,12.136488707200282,0000007.txt,ob_0000018,True,133.84308065797265,random,0.6085969213950818,260.91504096984863,1
9.628952103559554,False,5.579732290184318,False,12.136488707200282,0000008.txt,ob_0000018,True,102.26779632690648,random,7.931776206721894,242.6750659942627,1
0.33928145705624385,True,0.15409742709989474,True,12.136488707200282,0000009.txt,ob_0000018,True,16.578379876490573,random,0.22288832783562085,246.5341091156006,1
2.5408960988074485,False,1.449668436171673,False,12.136488707200282,0000010.txt,ob_0000018,True,100.31995542926148,random,1.4994482612405744,266.4802074432373,1
7.721585513712361,False,3.24102113066496,False,12.136488707200282,0000011.txt,ob_0000018,True,136.38041491575083,random,4.88123276384322,244.14825439453125,1
6.781338165163368,False,0.1383034255102505,True,12.136488707200282,0000012.txt,ob_0000018,True,179.22377024944362,random,0.4560994499026009,227.4012565612793,1
3.927278468522987,False,2.240225965002053,False,12.136488707200282,0000013.txt,ob_0000018,True,46.048965848466416,random,3.6140291314969666,244.28939819335938,1
1.089683277327508,True,0.1808481754488888,True,12.136488707200282,0000014.txt,ob_0000018,True,77.94569330779365,random,0.20436769790983278,259.25564765930176,1
6.774437019075316,False,0.28285315651264703,True,12.136488707200282,0000015.txt,ob_0000018,True,179.4040393125117,random,0.378222369873659,252.58517265319824,1
6.784567858597273,False,0.14942103093364748,True,12.136488707200282,0000000.txt,ob_0000018,True,177.76827058758468,random,0.3274026338688621,260.32114028930664,3
0.31969145881549843,True,0.18527849799584586,True,12.136488707200282,0000001.txt,ob_0000018,True,8.274644114285577,random,0.28392299982240565,272.5033760070801,3
1.247826304578225,False,0.1585715661657773,True,12.136488707200282,0000002.txt,ob_0000018,True,89.75553393343769,random,0.29176194867955196,284.4052314758301,3
1.7277652168623636,False,0.16135310759821728,True,12.136488707200282,0000003.txt,ob_0000018,True,175.0326658172649,random,0.2814886687265123,251.5273094177246,3
1.3565057977443786,False,0.7211555494853519,True,12.136488707200282,0000004.txt,ob_0000018,True,49.01918140201493,random,1.0846759878345535,259.52887535095215,3
3.926265326597267,False,2.249998939763922,False,12.136488707200282,0000005.txt,ob_0000018,True,165.001763158575,random,1.015234841089464,250.11515617370605,3
6.925480530203876,False,0.4904703607080242,True,12.136488707200282,0000006.txt,ob_0000018,True,178.82646844754848,random,1.9793681014334639,256.6084861755371,3
1.297789927439527,False,0.36303954056010324,True,12.136488707200282,0000007.txt,ob_0000018,True,85.42467540000891,random,0.6519403632854007,340.67821502685547,3
1.6236747510212128,False,0.18601970092533798,True,12.136488707200282,0000008.txt,ob_0000018,True,141.97255275549028,random,0.2290030329101503,273.0591297149658,3
0.30532975433851955,True,0.14959500476013263,True,12.136488707200282,0000009.txt,ob_0000018,True,8.944101527343248,random,0.2669029305153146,266.53337478637695,3
1.1618160083781652,True,0.17606416504790215,True,12.136488707200282,0000010.txt,ob_0000018,True,85.27796338523243,random,0.13118745053317069,262.8791332244873,3
6.916424625436958,False,0.3937019843390858,True,12.136488707200282,0000011.txt,ob_0000018,True,176.4273659920614,random,2.2616629999090083,266.9391632080078,3
0.3059521214506321,True,0.10304985610217449,True,12.136488707200282,0000012.txt,ob_0000018,True,5.879739678351843,random,0.29035677475974864,262.48621940612793,3
2.8057308228255504,False,1.9657093265538277,False,12.136488707200282,0000013.txt,ob_0000018,True,31.995144188049153,random,2.7228340358042114,260.7460021972656,3
0.32420141110318296,True,0.18191213986389212,True,12.136488707200282,0000014.txt,ob_0000018,True,15.320267995562203,random,0.1703576537405363,272.2902297973633,3
6.779818394380631,False,0.3485597846777052,True,12.136488707200282,0000015.txt,ob_0000018,True,179.01886710049538,random,0.643167360390103,258.72182846069336,3
1.395354552853355,False,0.16060265746644842,True,12.136488707200282,0000000.txt,ob_0000018,True,108.89908920363025,random,0.16575282121850096,273.65994453430176,5
6.782763301002151,False,0.17845244006714198,True,12.136488707200282,0000001.txt,ob_0000018,True,179.90767992714262,random,0.2241433232640675,284.9760055541992,5
0.311729769298895,True,0.13530743011075547,True,12.136488707200282,0000002.txt,ob_0000018,True,3.7881995522341954,random,0.2700643297600319,359.9741458892822,5
1.6353545333083082,False,0.1630984761943269,True,12.136488707200282,0000003.txt,ob_0000018,True,141.37379713065747,random,0.2573290141156578,283.63919258117676,5
6.786727365974586,False,0.2637296212597032,True,12.136488707200282,0000004.txt,ob_0000018,True,175.25155584237461,random,0.7221556549482713,254.99534606933594,5
1.7421910710460484,False,0.29434512822952275,True,12.136488707200282,0000005.txt,ob_0000018,True,177.71199403525253,random,0.36516250442384357,250.53644180297852,5
1.1413949839920585,True,0.3683225036100467,True,12.136488707200282,0000006.txt,ob_0000018,True,60.67725102733632,random,0.8192025291540108,282.7603816986084,5
1.513892927859406,False,0.4609625201532701,True,12.136488707200282,0000007.txt,ob_0000018,True,92.66560196169542,random,0.7381216642797328,278.9018154144287,5
0.32556266433826775,True,0.20386301567171952,True,12.136488707200282,0000008.txt,ob_0000018,True,5.753396652906703,random,0.2628591665438956,291.28527641296387,5
0.3018859268509496,True,0.14530834686735808,True,12.136488707200282,0000009.txt,ob_0000018,True,10.70383472946175,random,0.2510033191889155,310.0278377532959,5
0.3490033059889022,True,0.18008109209985124,True,12.136488707200282,0000010.txt,ob_0000018,True,16.05716845125328,random,0.17667752488596317,276.2150764465332,5
6.888566952971087,False,0.3194666892375725,True,12.136488707200282,0000011.txt,ob_0000018,True,177.8125576474775,random,2.0580567139358874,251.50585174560547,5
0.3146880612041572,True,0.1034642057561472,True,12.136488707200282,0000012.txt,ob_0000018,True,7.279141979452402,random,0.29301041775725617,279.09231185913086,5
7.190479208206209,False,3.1372276702751485,False,12.136488707200282,0000013.txt,ob_0000018,True,120.57606675317594,random,3.879592521373136,314.04900550842285,5
6.767614076312308,False,0.2454397070868121,True,12.136488707200282,0000014.txt,ob_0000018,True,177.42300298946776,random,0.3729072854414638,289.38794136047363,5
0.6971601459909061,True,0.2276895163321828,True,12.136488707200282,0000015.txt,ob_0000018,True,32.79621825565168,random,0.4742788211513451,300.3203868865967,5
1.7160282478509683,False,0.19183866033703484,True,12.136488707200282,0000000.txt,ob_0000018,True,178.80499369537813,random,0.15526781294192424,325.1357078552246,10
1.5664188398199435,False,0.17606741870733622,True,12.136488707200282,0000001.txt,ob_0000018,True,130.93868710881168,random,0.2815222828024281,328.5362720489502,10
1.3424763132197697,False,0.1525973298485249,True,12.136488707200282,0000002.txt,ob_0000018,True,100.18198856777117,random,0.2719396680261072,326.4632225036621,10
1.6235367149773563,False,0.16171854707817163,True,12.136488707200282,0000003.txt,ob_0000018,True,138.7772539090454,random,0.2727958242029903,320.01280784606934,10
0.24952386537414573,True,0.16626503648009106,True,12.136488707200282,0000004.txt,ob_0000018,True,5.041481741085428,random,0.24141594013946024,326.0962963104248,10
0.5419562880882718,True,0.31552602733455903,True,12.136488707200282,0000005.txt,ob_0000018,True,4.962590573279099,random,0.4408953295274821,315.7787322998047,10
1.1915056621826636,True,0.37677357719342375,True,12.136488707200282,0000006.txt,ob_0000018,True,66.33480036720415,random,0.8252935179471202,304.1691780090332,10
1.340673692331111,False,0.3388936016149023,True,12.136488707200282,0000007.txt,ob_0000018,True,92.44990276870223,random,0.6158527183248901,312.3929500579834,10
0.34220159422032226,True,0.19976238007524985,True,12.136488707200282,0000008.txt,ob_0000018,True,10.95304464521998,random,0.26553040595163074,311.13481521606445,10
1.7089479614543144,False,0.13821034024306228,True,12.136488707200282,0000009.txt,ob_0000018,True,165.46488002943275,random,0.2818154714273031,331.9556713104248,10
0.4195584573684323,True,0.22028348189816185,True,12.136488707200282,0000010.txt,ob_0000018,True,19.03353992377931,random,0.1342220881269852,340.28005599975586,10
1.2242219113313868,False,0.18787028067313277,True,12.136488707200282,0000011.txt,ob_0000018,True,89.35544474450212,random,0.14689243302097207,325.2403736114502,10
0.31200370674495737,True,0.10356182721368097,True,12.136488707200282,0000012.txt,ob_0000018,True,6.991482334211779,random,0.2914138160512321,344.15316581726074,10
2.5721894274760486,False,1.633410673728657,False,12.136488707200282,0000013.txt,ob_0000018,True,47.46330007013296,random,2.424143422134105,364.75515365600586,10
0.2911668740991157,True,0.19109151820301593,True,12.136488707200282,0000014.txt,ob_0000018,True,6.064666842074279,random,0.20105687054424534,357.1958541870117,10
0.8447302167447832,True,0.22902815910449087,True,12.136488707200282,0000015.txt,ob_0000018,True,46.86786826092246,random,0.48947451661996244,345.2422618865967,10
0.30125933025582907,True,0.17958953599663918,True,12.136488707200282,0000000.txt,ob_0000018,True,7.7751697410253735,random,0.12946628973064067,463.99807929992676,20
0.9454667025643472,True,0.16919968666485108,True,12.136488707200282,0000001.txt,ob_0000018,True,65.71931451259725,random,0.24807367206860303,483.77442359924316,20
0.3540747879132876,True,0.13823406566842977,True,12.136488707200282,0000002.txt,ob_0000018,True,6.057980013135148,random,0.3059060802135294,447.99160957336426,20
0.9055340357105505,True,0.17101684301940406,True,12.136488707200282,0000003.txt,ob_0000018,True,58.95078328990164,random,0.28895187015330426,460.3307247161865,20
1.7076119385224087,False,0.15900176150879472,True,12.136488707200282,0000004.txt,ob_0000018,True,175.4186654728318,random,0.20533057471908608,486.97519302368164,20
0.5342028975295421,True,0.3163233961910121,True,12.136488707200282,0000005.txt,ob_0000018,True,5.112672062295618,random,0.427508433459469,469.0976142883301,20
1.1327939852333206,True,0.3577946746884926,True,12.136488707200282,0000006.txt,ob_0000018,True,61.39778321472772,random,0.7961665242891426,483.01076889038086,20
1.7146194490282862,False,0.2292985533961085,True,12.136488707200282,0000007.txt,ob_0000018,True,161.57170169996772,random,0.3979962178614159,477.785587310791,20
0.32480726198478554,True,0.18564490428837474,True,12.136488707200282,0000008.txt,ob_0000018,True,13.603419346790574,random,0.22912260892428898,475.4338264465332,20
0.32851747631892914,True,0.14502491427678024,True,12.136488707200282,0000009.txt,ob_0000018,True,12.481703011088047,random,0.2688705872272852,466.22371673583984,20
1.7105688198510063,False,0.17660593399896576,True,12.136488707200282,0000010.txt,ob_0000018,True,174.29660167428165,random,0.1102040741085735,472.0120429992676,20
1.724416715120978,False,0.22884626607927483,True,12.136488707200282,0000011.txt,ob_0000018,True,164.9043199203232,random,0.04484067193570606,450.75345039367676,20
0.36734526704580744,True,0.1355667185167013,True,12.136488707200282,0000012.txt,ob_0000018,True,14.258974351618164,random,0.272450413484497,454.4975757598877,20
2.6527206769102465,False,1.7333418394109554,False,12.136488707200282,0000013.txt,ob_0000018,True,44.94885544024424,random,2.517440034132814,472.34201431274414,20
1.7171001539307058,False,0.1879923466595613,True,12.136488707200282,0000014.txt,ob_0000018,True,179.6533324629591,random,0.13699067645147633,452.8625011444092,20
0.711527676259958,True,0.2190084580711608,True,12.136488707200282,0000015.txt,ob_0000018,True,38.76187324803735,random,0.4288128576961248,473.93131256103516,20
0.29775374563915225,True,0.1681676045612218,True,12.136488707200282,0000000.txt,ob_0000018,True,9.476092195709422,random,0.16251662863517677,976.2370586395264,50
0.9433266662837527,True,0.1741535100261104,True,12.136488707200282,0000001.txt,ob_0000018,True,65.23596908707567,random,0.2636789395337768,970.0610637664795,50
0.33861081427651446,True,0.14098733261401133,True,12.136488707200282,0000002.txt,ob_0000018,True,5.002866051441305,random,0.2924549797559623,969.4221019744873,50
0.36301895170721477,True,0.18042490771316314,True,12.136488707200282,0000003.txt,ob_0000018,True,15.05455006136839,random,0.24773354317245747,984.6808910369873,50
1.70858354060643,False,0.15963288507260046,True,12.136488707200282,0000004.txt,ob_0000018,True,178.43939615110224,random,0.2072121417276778,973.9499092102051,50
0.558534877431992,True,0.32197428835399877,True,12.136488707200282,0000005.txt,ob_0000018,True,5.233794700015534,random,0.4526175034958622,980.8557033538818,50
1.170064173598331,True,0.3814767937792101,True,12.136488707200282,0000006.txt,ob_0000018,True,62.07098760339721,random,0.8459762560052927,1003.3354759216309,50
1.7024953880623857,False,0.31561115885398144,True,12.136488707200282,0000007.txt,ob_0000018,True,145.20898030534875,random,0.6029393953585939,998.1777667999268,50
0.34036839712018385,True,0.18237048709170858,True,12.136488707200282,0000008.txt,ob_0000018,True,13.038164175190072,random,0.23961978754786523,1006.0970783233643,50
0.3096192780825852,True,0.14922327231552757,True,12.136488707200282,0000009.txt,ob_0000018,True,11.749360885016062,random,0.2483308298359175,993.3912754058838,50
1.7113161896900795,False,0.1764492827095297,True,12.136488707200282,0000010.txt,ob_0000018,True,174.428511344603,random,0.11726444314659513,1025.3863334655762,50
0.35113906471504686,True,0.21525500236942355,True,12.136488707200282,0000011.txt,ob_0000018,True,7.8077617044129575,random,0.05026805280241872,1036.156415939331,50
0.28703434024794305,True,0.09865283017398217,True,12.136488707200282,0000012.txt,ob_0000018,True,4.551442290892475,random,0.2773292087858459,1010.4231834411621,50
3.4865496543394645,False,2.21612876246975,False,12.136488707200282,0000013.txt,ob_0000018,True,170.17893057507277,random,3.001360548052281,1021.0552215576172,50
1.715840752699737,False,0.18421119688787005,True,12.136488707200282,0000014.txt,ob_0000018,True,178.11020852603508,random,0.13368064186609593,1001.8887519836426,50
1.1676669303453517,True,0.23184545846327131,True,12.136488707200282,0000015.txt,ob_0000018,True,77.94174975703955,random,0.46234515108804886,1018.333911895752,50
6.572499443606318,False,0.9864821761423331,True,12.136488707200282,0000000.txt,ob_0000018,True,159.15130650319423,farthest,0.24537508982571954,351.5286445617676,1
8.164384327297347,False,3.767730268181166,False,12.136488707200282,0000001.txt,ob_0000018,True,80.11066250734956,farthest,6.681349439098396,284.6815586090088,1
6.77209454294584,False,0.16189492397431293,True,12.136488707200282,0000002.txt,ob_0000018,True,178.78655210147627,farthest,0.722323525115773,237.2877597808838,1
7.345415230008744,False,2.7897699065806507,False,12.136488707200282,0000003.txt,ob_0000018,True,145.11318432689936,farthest,3.417539448609845,242.52986907958984,1
8.456453040123423,False,4.094704564069377,False,12.136488707200282,0000004.txt,ob_0000018,True,157.03904435829872,farthest,6.3487431401561185,265.5603885650635,1
6.746412881467066,False,0.2409325498136734,True,12.136488707200282,0000005.txt,ob_0000018,True,175.91329574934824,farthest,0.32034178104885114,243.05105209350586,1
6.72659532299161,False,0.6243566335622581,True,12.136488707200282,0000006.txt,ob_0000018,True,163.6154464053591,farthest,0.551247791036576,233.63542556762695,1
6.811088751498835,False,0.41011874029310724,True,12.136488707200282,0000007.txt,ob_0000018,True,176.2929560629364,farthest,1.246824098653374,243.83020401000977,1
6.755283434478933,False,0.18428374948291182,True,12.136488707200282,0000008.txt,ob_0000018,True,179.43700920138065,farthest,0.47303559974126225,245.86987495422363,1
7.020301425875809,False,1.963517213065763,False,12.136488707200282,0000009.txt,ob_0000018,True,145.94683328361967,farthest,2.4294468505119493,244.11845207214355,1
4.533495838799271,False,3.1880697945495715,False,12.136488707200282,0000010.txt,ob_0000018,True,79.69147762360271,farthest,4.1551644887996915,235.26883125305176,1
4.872170367301158,False,3.41083468057091,False,12.136488707200282,0000011.txt,ob_0000018,True,176.5635580844081,farthest,4.252871057871695,263.5769844055176,1
2.8555291910871765,False,1.6424921514350384,False,12.136488707200282,0000012.txt,ob_0000018,True,71.31575701906543,farthest,2.2300616661915984,272.45116233825684,1
7.304160339001921,False,1.9017401711085151,False,12.136488707200282,0000013.txt,ob_0000018,True,165.97898053608208,farthest,2.7008534800056685,259.97424125671387,1
6.383433649412205,False,3.0006019191909217,False,12.136488707200282,0000014.txt,ob_0000018,True,121.81648040121524,farthest,3.1438469027295968,242.85268783569336,1
8.816245301763145,False,3.8272273558686036,False,12.136488707200282,0000015.txt,ob_0000018,True,106.63491234250667,farthest,7.845375727629793,252.75945663452148,1
8.512067241725111,False,4.44591993788003,False,12.136488707200282,0000000.txt,ob_0000018,True,144.34713589271146,farthest,6.52105862560923,341.3243293762207,3
1.707781276573235,False,0.17513567400597452,True,12.136488707200282,0000001.txt,ob_0000018,True,177.2973260920345,farthest,0.22818043600413138,262.6922130584717,3
1.3549595010971112,False,0.15245333760499657,True,12.136488707200282,0000002.txt,ob_0000018,True,101.59322106422299,farthest,0.270841627915225,261.8136405944824,3
1.862621898154786,False,0.6756374487289161,True,12.136488707200282,0000003.txt,ob_0000018,True,135.5197504278121,farthest,0.991206796963647,270.477294921875,3
7.02215554793363,False,4.327494028090921,False,12.136488707200282,0000004.txt,ob_0000018,True,89.23432613862204,farthest,6.655243699235671,289.6766662597656,3
0.5499712316411057,True,0.3262061540832429,True,12.136488707200282,0000005.txt,ob_0000018,True,4.908555159831567,farthest,0.456206176466578,307.4815273284912,3
1.935697974724031,False,0.6898296129792231,True,12.136488707200282,0000006.txt,ob_0000018,True,119.74771007479538,farthest,0.7768078975584749,289.1254425048828,3
1.0715024927329813,True,0.39713781034994255,True,12.136488707200282,0000007.txt,ob_0000018,True,62.142963834346475,farthest,0.7105283337191706,270.9815502166748,3
0.3341903576063782,True,0.19489926178900438,True,12.136488707200282,0000008.txt,ob_0000018,True,10.814093699259598,farthest,0.263336917972952,267.6823139190674,3
2.6635135221983846,False,1.3225832288258625,False,12.136488707200282,0000009.txt,ob_0000018,True,170.60827152772615,farthest,1.523833042847709,263.92579078674316,3
4.566520674401298,False,3.2189078834013007,False,12.136488707200282,0000010.txt,ob_0000018,True,79.27135281211591,farthest,4.208139428291876,263.2026672363281,3
9.104243186268734,False,4.295509343259236,False,12.136488707200282,0000011.txt,ob_0000018,True,125.52672015501653,farthest,8.036680497229073,259.0174674987793,3
6.712544366596276,False,0.39855608187079816,True,12.136488707200282,0000012.txt,ob_0000018,True,177.16863344402125,farthest,0.18409110854892338,266.6192054748535,3
3.2815204564170344,False,1.9821086222021203,False,12.136488707200282,0000013.txt,ob_0000018,True,164.9867924790454,farthest,2.7711711287350465,258.02135467529297,3
1.7712132113391263,False,0.38408677820934706,True,12.136488707200282,0000014.txt,ob_0000018,True,173.85422938449366,farthest,0.07598923485472611,270.1895236968994,3
8.891313626167483,False,3.860373794010765,False,12.136488707200282,0000015.txt,ob_0000018,True,122.33731693302425,farthest,7.807744689618964,307.04283714294434,3
6.7496792334167806,False,0.136998968341855,True,12.136488707200282,0000000.txt,ob_0000018,True,179.02355585663972,farthest,0.6214298789987963,374.86743927001953,5
1.7085243642465053,False,0.17897773761700939,True,12.136488707200282,0000001.txt,ob_0000018,True,175.53136296097904,farthest,0.24021673329758167,323.6069679260254,5
1.355339631278716,False,0.1525544824253743,True,12.136488707200282,0000002.txt,ob_0000018,True,101.6116999690248,farthest,0.27176794275656874,277.6470184326172,5
0.9892525855420877,True,0.15638442054649473,True,12.136488707200282,0000003.txt,ob_0000018,True,67.42737228030325,farthest,0.2820306733265387,280.7047367095947,5
6.81456370718888,False,0.2985747358652556,True,12.136488707200282,0000004.txt,ob_0000018,True,175.99179033965888,farthest,1.044498544409158,292.6967144012451,5
1.7371078414705925,False,0.2818265483158372,True,12.136488707200282,0000005.txt,ob_0000018,True,174.20957901334677,farthest,0.3563838143692594,287.691593170166,5
1.9562346967412985,False,0.6967481699031471,True,12.136488707200282,0000006.txt,ob_0000018,True,119.54266742822139,farthest,0.7381744536619891,262.2992992401123,5
1.0500181625346656,True,0.3533508186799646,True,12.136488707200282,0000007.txt,ob_0000018,True,63.076155464110265,farthest,0.6471368787980206,278.65147590637207,5
0.33354792400039546,True,0.194736870257375,True,12.136488707200282,0000008.txt,ob_0000018,True,10.74814937016456,farthest,0.2631806323544561,258.1007480621338,5
0.3431181757388281,True,0.15411065722658668,True,12.136488707200282,0000009.txt,ob_0000018,True,13.922123355303004,farthest,0.2460693031953726,258.07952880859375,5
1.7106863758058168,False,0.17505093615816286,True,12.136488707200282,0000010.txt,ob_0000018,True,174.20310443678758,farthest,0.11392631764437088,235.1052761077881,5
0.3426207518428738,True,0.21015435367497162,True,12.136488707200282,0000011.txt,ob_0000018,True,5.7785578290932085,farthest,0.03465736995506098,246.33407592773438,5
0.29135082441370214,True,0.09889227364637296,True,12.136488707200282,0000012.txt,ob_0000018,True,2.0738012420971716,farthest,0.2867335171830918,281.49867057800293,5
3.3155320114784272,False,2.0207724154797093,False,12.136488707200282,0000013.txt,ob_0000018,True,166.2137693041245,farthest,2.804382734047977,298.0334758758545,5
1.7734982832102928,False,0.38868619512514907,True,12.136488707200282,0000014.txt,ob_0000018,True,172.93906918865676,farthest,0.09414365966246693,265.0153636932373,5
6.786598546743032,False,0.3267732186017056,True,12.136488707200282,0000015.txt,ob_0000018,True,177.3541545597517,farthest,0.43601019584868594,246.1850643157959,5
0.2749546782062005,True,0.16882060435669594,True,12.136488707200282,0000000.txt,ob_0000018,True,3.937494198991453,farthest,0.14046002976246683,384.86361503601074,10
0.8908077153305562,True,0.16622845436385464,True,12.136488707200282,0000001.txt,ob_0000018,True,61.20224397306984,farthest,0.24079834408971512,356.48417472839355,10
1.355339631278716,False,0.1525544824253743,True,12.136488707200282,0000002.txt,ob_0000018,True,101.6116999690248,farthest,0.27176794275656874,334.8209857940674,10
1.5111909054573702,False,0.14686892136008184,True,12.136488707200282,0000003.txt,ob_0000018,True,120.40073699000688,farthest,0.29050414590686274,353.1646728515625,10
0.8618867613402333,True,0.15520395237172746,True,12.136488707200282,0000004.txt,ob_0000018,True,59.877641730907534,farthest,0.20175701467830282,328.4757137298584,10
1.7371078414705925,False,0.2818265483158372,True,12.136488707200282,0000005.txt,ob_0000018,True,174.20957901334677,farthest,0.3563838143692594,301.891565322876,10
1.798517947867582,False,0.4332670845724964,True,12.136488707200282,0000006.txt,ob_0000018,True,160.20337292572992,farthest,0.8080876896449353,328.60827445983887,10
1.0500181625346656,True,0.3533508186799646,True,12.136488707200282,0000007.txt,ob_0000018,True,63.076155464110265,farthest,0.6471368787980206,334.02085304260254,10
0.33354792400039546,True,0.194736870257375,True,12.136488707200282,0000008.txt,ob_0000018,True,10.74814937016456,farthest,0.2631806323544561,314.21589851379395,10
0.3431181757388281,True,0.15411065722658668,True,12.136488707200282,0000009.txt,ob_0000018,True,13.922123355303004,farthest,0.2460693031953726,325.61373710632324,10
1.7106863758058168,False,0.17505093615816286,True,12.136488707200282,0000010.txt,ob_0000018,True,174.20310443678758,farthest,0.11392631764437088,314.18871879577637,10
0.3426207518428738,True,0.21015435367497162,True,12.136488707200282,0000011.txt,ob_0000018,True,5.7785578290932085,farthest,0.03465736995506098,315.2797222137451,10
0.29135082441370214,True,0.09889227364637296,True,12.136488707200282,0000012.txt,ob_0000018,True,2.0738012420971716,farthest,0.2867335171830918,316.03026390075684,10
3.3155320114784272,False,2.0207724154797093,False,12.136488707200282,0000013.txt,ob_0000018,True,166.2137693041245,farthest,2.804382734047977,329.94985580444336,10
0.34132487994286104,True,0.1868165185557308,True,12.136488707200282,0000014.txt,ob_0000018,True,16.12754987372919,farthest,0.16532099226501398,304.33201789855957,10
1.7633508338089559,False,0.2410484181612677,True,12.136488707200282,0000015.txt,ob_0000018,True,172.68763401575848,farthest,0.4836612470104952,316.18213653564453,10
0.2731774613881649,True,0.16652975538767353,True,12.136488707200282,0000000.txt,ob_0000018,True,4.957953888510081,farthest,0.14498497792763285,505.3272247314453,20
0.8874063240560985,True,0.16642192132547562,True,12.136488707200282,0000001.txt,ob_0000018,True,60.93048791837596,farthest,0.24095220650050442,472.00727462768555,20
1.7302554679815034,False,0.12907756650898747,True,12.136488707200282,0000002.txt,ob_0000018,True,179.6238259047231,farthest,0.2714561494366995,453.1729221343994,20
1.730425812665492,False,0.17139765719167813,True,12.136488707200282,0000003.txt,ob_0000018,True,176.78873569235952,farthest,0.2861220036629655,460.4067802429199,20
1.708407031017731,False,0.1613932722621416,True,12.136488707200282,0000004.txt,ob_0000018,True,179.88706333395723,farthest,0.20378250278153273,447.1421241760254,20
1.7360866278005482,False,0.27881471185891116,True,12.136488707200282,0000005.txt,ob_0000018,True,174.4663053662718,farthest,0.3549088482129037,472.1848964691162,20
1.659192556279116,False,0.37674937001852177,True,12.136488707200282,0000006.txt,ob_0000018,True,123.87024322281617,farthest,0.809132296306876,454.55026626586914,20
1.0695736838078376,True,0.3926510803290549,True,12.136488707200282,0000007.txt,ob_0000018,True,62.458626406022965,farthest,0.701910644839375,482.4986457824707,20
0.3301859761902371,True,0.1798406940467305,True,12.136488707200282,0000008.txt,ob_0000018,True,12.325354563218417,farthest,0.23495837781375434,453.7978172302246,20
0.3046653548072051,True,0.14067353597637222,True,12.136488707200282,0000009.txt,ob_0000018,True,12.300503875544344,farthest,0.23904563962718672,463.7284278869629,20
1.7105144953623481,False,0.1753551463501777,True,12.136488707200282,0000010.txt,ob_0000018,True,174.15465357538645,farthest,0.1108698945791835,452.4340629577637,20
0.3399493770748883,True,0.20902915735238198,True,12.136488707200282,0000011.txt,ob_0000018,True,5.733874971823178,farthest,0.03361579626583358,457.95369148254395,20
0.2855969852723563,True,0.10176584044334341,True,12.136488707200282,0000012.txt,ob_0000018,True,3.3525501601724623,farthest,0.27786346207174367,478.7273406982422,20
3.3363798758333547,False,2.0473235936864507,False,12.136488707200282,0000013.txt,ob_0000018,True,164.96666510781156,farthest,2.8358189657789357,501.4314651489258,20
0.3418326494650443,True,0.1861313456384462,True,12.136488707200282,0000014.txt,ob_0000018,True,16.34196090332046,farthest,0.1646331879702152,488.82198333740234,20
1.7642553761998734,False,0.24170013209783783,True,12.136488707200282,0000015.txt,ob_0000018,True,172.67432575870635,farthest,0.4873799372599107,459.29861068725586,20
1.734113152276509,False,0.14276563050984656,True,12.136488707200282,0000000.txt,ob_0000018,True,171.73396326068658,farthest,0.3495317577400112,1050.5657196044922,50
0.8874063240560985,True,0.16642192132547562,True,12.136488707200282,0000001.txt,ob_0000018,True,60.93048791837596,farthest,0.24095220650050442,998.359203338623,50
0.41624313591626116,True,0.1578498080225702,True,12.136488707200282,0000002.txt,ob_0000018,True,17.749499900033452,farthest,0.27340558925804886,1039.5121574401855,50
1.730425812665492,False,0.17139765719167813,True,12.136488707200282,0000003.txt,ob_0000018,True,176.78873569235952,farthest,0.2861220036629655,1032.4063301086426,50
1.708407031017731,False,0.1613932722621416,True,12.136488707200282,0000004.txt,ob_0000018,True,179.88706333395723,farthest,0.20378250278153273,1015.1174068450928,50
0.5379439653304908,True,0.3192934208218125,True,12.136488707200282,0000005.txt,ob_0000018,True,4.299400545331262,farthest,0.4648238260946901,1013.925313949585,50
1.1347608649794476,True,0.37181689782585564,True,12.136488707200282,0000006.txt,ob_0000018,True,61.33561106813153,farthest,0.8059340753146911,1055.8209419250488,50
1.7240923668874542,False,0.2628334344722562,True,12.136488707200282,0000007.txt,ob_0000018,True,157.3606173021584,farthest,0.4637518369309462,1058.8386058807373,50
0.32997514033742814,True,0.17485470112150067,True,12.136488707200282,0000008.txt,ob_0000018,True,12.74336643255633,farthest,0.24244542930224955,1026.1640548706055,50
0.3221135744335501,True,0.14441561926392227,True,12.136488707200282,0000009.txt,ob_0000018,True,11.8203278449679,farthest,0.26453945018255737,1017.2398090362549,50
1.7158204576125868,False,0.20313454745556153,True,12.136488707200282,0000010.txt,ob_0000018,True,176.68132820116395,farthest,0.10758934198622641,1012.1855735778809,50
0.3399493770748883,True,0.20902915735238198,True,12.136488707200282,0000011.txt,ob_0000018,True,5.733874971823178,farthest,0.03361579626583358,1006.0484409332275,50
0.2855969852723563,True,0.10176584044334341,True,12.136488707200282,0000012.txt,ob_0000018,True,3.3525501601724623,farthest,0.27786346207174367,1010.2643966674805,50
3.3363798758333547,False,2.0473235936864507,False,12.136488707200282,0000013.txt,ob_0000018,True,164.96666510781156,farthest,2.8358189657789357,1011.9180679321289,50
1.7061324207284763,False,0.1597156270180084,True,12.136488707200282,0000014.txt,ob_0000018,True,174.74222505963243,farthest,0.14313401551066615,1007.617712020874,50
1.764255549893248,False,0.24170011001353936,True,12.136488707200282,0000015.txt,ob_0000018,True,172.67431890791468,farthest,0.4873799372599107,981.1515808105469,50
7.979304121196458,False,2.110111394420789,False,17.474607245085654,0000000.txt,ob_0000019,True,179.50187186803484,random,3.026201381710432,317.004919052124,1
6.076999169030987,False,2.173084785947236,False,17.474607245085654,0000001.txt,ob_0000019,True,145.88983831425432,random,2.9950649122036785,291.58926010131836,1
4.659675608076086,False,1.8036964033686584,False,17.474607245085654,0000002.txt,ob_0000019,True,108.12466179700395,random,1.6394722366156604,314.2695426940918,1
9.664789397275102,False,3.265422554084811,False,17.474607245085654,0000003.txt,ob_0000019,True,162.29294207178387,random,7.568082373387074,299.4420528411865,1
8.996650201232047,False,1.7628980228165294,False,17.474607245085654,0000004.txt,ob_0000019,True,143.14119978272674,random,2.0047985986072225,286.2062454223633,1
8.17331146330853,False,1.7444985079416573,True,17.474607245085654,0000005.txt,ob_0000019,True,163.86057846885984,random,2.31336072210263,284.5320701599121,1
5.067920513899746,False,1.7169185377545335,True,17.474607245085654,0000006.txt,ob_0000019,True,116.11901030400307,random,1.9408978635291503,259.476900100708,1
5.432199266577076,False,1.7291561588954494,True,17.474607245085654,0000007.txt,ob_0000019,True,146.20261921099353,random,2.385717100404229,241.55497550964355,1
5.413544067621399,False,1.1384806170173927,True,17.474607245085654,0000008.txt,ob_0000019,True,172.20903199972938,random,1.5229042915108217,253.51452827453613,1
0.1909540849969814,True,0.15450459847350467,True,17.474607245085654,0000009.txt,ob_0000019,True,2.6510014543599545,random,0.1279169707289862,304.19087409973145,1
5.452693176438843,False,0.2363745845213021,True,17.474607245085654,0000010.txt,ob_0000019,True,179.68934656758304,random,1.9093457394198352,306.7641258239746,1
5.781682822234713,False,2.6022386881414588,False,17.474607245085654,0000011.txt,ob_0000019,True,101.97221177738832,random,1.5401952728317059,251.41334533691406,1
5.497056174661688,False,0.3446943645606597,True,17.474607245085654,0000012.txt,ob_0000019,True,177.03977471267186,random,2.1719514996276126,248.06618690490723,1
10.414002700435859,False,5.386818353626668,False,17.474607245085654,0000013.txt,ob_0000019,True,165.60128522842444,random,7.1024599021660055,258.43119621276855,1
7.8389030697656095,False,3.3166394558598253,False,17.474607245085654,0000014.txt,ob_0000019,True,138.99702846790703,random,2.691075043767097,240.40627479553223,1
8.8688327328489,False,3.523340182290942,False,17.474607245085654,0000015.txt,ob_0000019,True,126.9410869554828,random,4.068381516009017,273.3001708984375,1
5.4583478691884615,False,0.21824243903428361,True,17.474607245085654,0000000.txt,ob_0000019,True,178.94936225212885,random,1.9898337626606137,281.43858909606934,3
5.078342463841184,False,1.9106589345310832,False,17.474607245085654,0000001.txt,ob_0000019,True,103.65980861657934,random,3.208316868938782,267.06814765930176,3
5.290844020429171,False,1.2264506627233382,True,17.474607245085654,0000002.txt,ob_0000019,True,156.7727403519989,random,1.6369753869701762,317.1381950378418,3
0.7413349983906015,True,0.3865302502707634,True,17.474607245085654,0000003.txt,ob_0000019,True,4.764076782473218,random,0.7106725005828279,245.7296848297119,3
5.456975647683231,False,0.3139875019428737,True,17.474607245085654,0000004.txt,ob_0000019,True,170.86836598094922,random,2.01805192035792,275.30717849731445,3
5.448015970219444,False,0.301353617864534,True,17.474607245085654,0000005.txt,ob_0000019,True,178.988923417005,random,1.713425666663616,330.930233001709,3
6.977138137309392,False,2.9822618603391295,False,17.474607245085654,0000006.txt,ob_0000019,True,165.8627103599979,random,4.536218460513943,306.0779571533203,3
5.430848013055825,False,1.157547937006558,True,17.474607245085654,0000007.txt,ob_0000019,True,166.12190744723358,random,1.6884548133052937,297.29413986206055,3
5.459530476588685,False,0.21313047179449376,True,17.474607245085654,0000008.txt,ob_0000019,True,178.37976758796913,random,2.0381628025135554,277.7526378631592,3
9.024907741760835,False,2.084941741085396,False,17.474607245085654,0000009.txt,ob_0000019,True,149.42650033458509,random,3.4031957449346737,278.26714515686035,3
5.7372333349764615,False,1.4461872561732116,True,17.474607245085654,0000010.txt,ob_0000019,True,153.65237750597063,random,5.022111360478161,241.05334281921387,3
5.858170770444125,False,1.5522780062541195,True,17.474607245085654,0000011.txt,ob_0000019,True,157.57947875301807,random,5.079789945919341,276.9014835357666,3
8.54702375335639,False,1.6798409674733499,True,17.474607245085654,0000012.txt,ob_0000019,True,161.36728314679215,random,2.343724280797282,296.63681983947754,3
0.6901789394629129,True,0.3662295980237082,True,17.474607245085654,0000013.txt,ob_0000019,True,8.094880874966822,random,0.5187289514637965,310.5132579803467,3
5.468519223158914,False,0.28291779811023154,True,17.474607245085654,0000014.txt,ob_0000019,True,177.35674974823968,random,1.9523401878383417,271.06380462646484,3
0.21615926723233367,True,0.1727203578023228,True,17.474607245085654,0000015.txt,ob_0000019,True,2.5996359264249667,random,0.16802936453196904,274.2729187011719,3
0.10018368826277325,True,0.09512572062405511,True,17.474607245085654,0000000.txt,ob_0000019,True,0.8167635542399142,random,0.09628134473370366,263.70835304260254,5
5.46720952466176,False,0.35348461120734354,True,17.474607245085654,0000001.txt,ob_0000019,True,171.85504724218424,random,2.024877689226783,286.37170791625977,5
0.26066535947898456,True,0.187509361593817,True,17.474607245085654,0000002.txt,ob_0000019,True,2.7275177176582774,random,0.23490705138096576,309.36121940612793,5
0.8085298411336289,True,0.38398322504178223,True,17.474607245085654,0000003.txt,ob_0000019,True,4.984145283769411,random,0.6784994085175469,271.12627029418945,5
0.4852836802475521,True,0.29930972033253894,True,17.474607245085654,0000004.txt,ob_0000019,True,3.1837684231961756,random,0.47083017596000587,260.0409984588623,5
5.3588677436307215,False,1.3102944067710125,True,17.474607245085654,0000005.txt,ob_0000019,True,137.2287582295195,random,1.8788951142343684,286.4208221435547,5
9.202563889859869,False,2.521877818419797,False,17.474607245085654,0000006.txt,ob_0000019,True,164.76153651761123,random,5.20000559661502,306.2608242034912,5
5.441021848804924,False,0.23391214392663573,True,17.474607245085654,0000007.txt,ob_0000019,True,176.73906603959745,random,1.7955364726557028,294.1007614135742,5
0.179659250449639,True,0.15592233970217345,True,17.474607245085654,0000008.txt,ob_0000019,True,0.7579453059239084,random,0.17529533772539513,301.44619941711426,5
0.19542862187230794,True,0.1562731481675942,True,17.474607245085654,0000009.txt,ob_0000019,True,2.7605899758305616,random,0.1355439239815194,250.61297416687012,5
5.7071176841656985,False,1.4743413837638712,True,17.474607245085654,0000010.txt,ob_0000019,True,73.79178424322991,random,3.3005131867957456,250.1082420349121,5
5.502930809053057,False,0.29981258290187,True,17.474607245085654,0000011.txt,ob_0000019,True,176.4283324045891,random,2.2863485817,277.18162536621094,5
0.6718997000361187,True,0.33010140508086727,True,17.474607245085654,0000012.txt,ob_0000019,True,4.540668694037687,random,0.5754480544347379,262.1631622314453,5
0.6744765308406482,True,0.3646059169794288,True,17.474607245085654,0000013.txt,ob_0000019,True,7.244201598545334,random,0.5515327064752426,279.91747856140137,5
5.488376674799861,False,0.43597140353188446,True,17.474607245085654,0000014.txt,ob_0000019,True,170.54134085587054,random,2.1755934232009215,260.5020999908447,5
5.310017034170132,False,2.100318213692886,False,17.474607245085654,0000015.txt,ob_0000019,True,58.02964183638016,random,3.418547300502221,246.8414306640625,5
1.7523361015698264,False,0.9299141892568608,True,17.474607245085654,0000000.txt,ob_0000019,True,30.94361554589169,random,1.213290918391608,316.06054306030273,10
0.32564266303512035,True,0.2177776743396812,True,17.474607245085654,0000001.txt,ob_0000019,True,2.358459147652489,random,0.268642406387176,318.6333179473877,10
0.26066535947898456,True,0.187509361593817,True,17.474607245085654,0000002.txt,ob_0000019,True,2.7275177176582774,random,0.23490705138096576,313.0366802215576,10
0.817512994122754,True,0.4042505458674258,True,17.474607245085654,0000003.txt,ob_0000019,True,14.474128666672847,random,0.6150128446294822,326.65133476257324,10
5.467469502901099,False,0.2735582694669157,True,17.474607245085654,0000004.txt,ob_0000019,True,178.33134864203836,random,2.054338364311066,327.61073112487793,10
0.5037493531009885,True,0.2976354619368422,True,17.474607245085654,0000005.txt,ob_0000019,True,2.1399748283289908,random,0.5005063688305863,324.6569633483887,10
0.8037430789686375,True,0.3431314189922878,True,17.474607245085654,0000006.txt,ob_0000019,True,5.4495041454186115,random,0.7075159051856648,312.84117698669434,10
5.440772253103213,False,0.2335002682522117,True,17.474607245085654,0000007.txt,ob_0000019,True,176.681136447261,random,1.7911905061475002,336.37022972106934,10
5.458633929058984,False,0.21193220109088592,True,17.474607245085654,0000008.txt,ob_0000019,True,178.7793678540421,random,2.020913540804274,318.60995292663574,10
5.459189053325267,False,0.22567097799623664,True,17.474607245085654,0000009.txt,ob_0000019,True,178.67064422301564,random,1.9937633361096532,321.3672637939453,10
0.24144277365129507,True,0.1845766425559903,True,17.474607245085654,0000010.txt,ob_0000019,True,2.6519357614266785,random,0.18138267537665076,335.6637954711914,10
0.7196581227868214,True,0.3135110997018695,True,17.474607245085654,0000011.txt,ob_0000019,True,5.115467258647029,random,0.6298300852893641,319.44894790649414,10
5.501927893167786,False,0.3152926604820801,True,17.474607245085654,0000012.txt,ob_0000019,True,177.92659836141635,random,2.173674801560806,303.24625968933105,10
5.5070807650710725,False,0.33914944771177474,True,17.474607245085654,0000013.txt,ob_0000019,True,179.55869694714445,random,2.2812447776922884,318.7892436981201,10
6.196362096331542,False,2.98567227299412,False,17.474607245085654,0000014.txt,ob_0000019,True,93.58783759196696,random,3.529639514764779,339.61963653564453,10
0.22144789452802502,True,0.1756449047071813,True,17.474607245085654,0000015.txt,ob_0000019,True,2.6277770206390825,random,0.174091306226442,320.2652931213379,10
5.454412615655475,False,0.20099678924969216,True,17.474607245085654,0000000.txt,ob_0000019,True,179.42728837474294,random,1.9658562815327394,469.32268142700195,20
0.3058820435734591,True,0.21154426905192336,True,17.474607245085654,0000001.txt,ob_0000019,True,2.0377216588228593,random,0.258308261118896,468.5242176055908,20
0.24182646733670707,True,0.17788296887428762,True,17.474607245085654,0000002.txt,ob_0000019,True,2.470644340607327,random,0.2198527452091003,462.35108375549316,20
5.511252784146978,False,0.365061221890919,True,17.474607245085654,0000003.txt,ob_0000019,True,178.55566806283485,random,2.452460712008429,452.3806571960449,20
0.4868690995974944,True,0.29868770456266586,True,17.474607245085654,0000004.txt,ob_0000019,True,3.372561966739608,random,0.46972130925062155,451.54333114624023,20
0.5077106865838577,True,0.2872066088318213,True,17.474607245085654,0000005.txt,ob_0000019,True,3.5022637636632328,random,0.4246083901641927,456.9272994995117,20
0.860002785729448,True,0.3365139075077116,True,17.474607245085654,0000006.txt,ob_0000019,True,4.311334456711375,random,0.8004062028009934,470.0014591217041,20
5.439859685085004,False,0.236213590753674,True,17.474607245085654,0000007.txt,ob_0000019,True,176.63934747663228,random,1.7710404610222847,467.99302101135254,20
5.460563844005759,False,0.2149641932066326,True,17.474607245085654,0000008.txt,ob_0000019,True,178.78658098649817,random,2.0356285826124463,466.86410903930664,20
0.20047255848756992,True,0.16058735751885617,True,17.474607245085654,0000009.txt,ob_0000019,True,2.7159340308465025,random,0.13591844020133972,470.43347358703613,20
7.908109578897856,False,1.5637655941518713,True,17.474607245085654,0000010.txt,ob_0000019,True,178.26889124823543,random,2.440436961969021,473.4678268432617,20
0.7201204840837359,True,0.3134445883958071,True,17.474607245085654,0000011.txt,ob_0000019,True,5.117956893917987,random,0.6299808487183228,452.009916305542,20
0.6543180539490345,True,0.3189517178603925,True,17.474607245085654,0000012.txt,ob_0000019,True,1.7427423697029283,random,0.6448970245196962,464.6575450897217,20
5.504249335950419,False,0.3363578628176028,True,17.474607245085654,0000013.txt,ob_0000019,True,178.90172681092565,random,2.2721917829451046,501.91593170166016,20
5.466006087325203,False,0.29038191918740264,True,17.474607245085654,0000014.txt,ob_0000019,True,175.41713671694333,random,1.9498410703966895,467.43226051330566,20
0.2230500399177556,True,0.1770364078374511,True,17.474607245085654,0000015.txt,ob_0000019,True,2.52221468428116,random,0.17918245931448545,475.4054546356201,20
5.454097475249182,False,0.20165721359420133,True,17.474607245085654,0000000.txt,ob_0000019,True,179.67706665199,random,1.9582109550623814,963.7601375579834,50
0.32279734892699624,True,0.21745958763241396,True,17.474607245085654,0000001.txt,ob_0000019,True,2.417252892684799,random,0.26863576165108544,976.4096736907959,50
0.24182646733670707,True,0.17788296887428762,True,17.474607245085654,0000002.txt,ob_0000019,True,2.470644340607327,random,0.2198527452091003,988.696813583374,50
5.513553114643066,False,0.36876964252934147,True,17.474607245085654,0000003.txt,ob_0000019,True,178.2614980067872,random,2.4683562174037785,1018.5737609863281,50
5.467434262328859,False,0.2735013417660108,True,17.474607245085654,0000004.txt,ob_0000019,True,178.3196327981354,random,2.054396679624133,998.6631870269775,50
0.5083930588139224,True,0.30125309543382434,True,17.474607245085654,0000005.txt,ob_0000019,True,2.3155545138398246,random,0.4958633958245334,989.4843101501465,50
5.51396197763424,False,0.32275250679702316,True,17.474607245085654,0000006.txt,ob_0000019,True,177.63162166514954,random,2.160370027719193,1002.4681091308594,50
5.4404589344249334,False,0.2320427147438063,True,17.474607245085654,0000007.txt,ob_0000019,True,176.51594078287343,random,1.7980081036812727,979.1841506958008,50
5.459126263607892,False,0.21149816463076673,True,17.474607245085654,0000008.txt,ob_0000019,True,178.5234416144841,random,2.0323700037388117,987.0445728302002,50
0.1956475593737537,True,0.1567998298233736,True,17.474607245085654,0000009.txt,ob_0000019,True,2.716588727410706,random,0.13651848151830032,993.9534664154053,50
0.26475243969949064,True,0.19599207279268968,True,17.474607245085654,0000010.txt,ob_0000019,True,2.9515159871655143,random,0.1971455555984312,997.295618057251,50
0.694578379873402,True,0.3143473801105118,True,17.474607245085654,0000011.txt,ob_0000019,True,5.325635522185414,random,0.6041830006797899,1004.2405128479004,50
0.6464543765290657,True,0.31790077047626303,True,17.474607245085654,0000012.txt,ob_0000019,True,1.343708748037331,random,0.6477401902139223,1003.488302230835,50
0.46444851953183564,True,0.29068098862023456,True,17.474607245085654,0000013.txt,ob_0000019,True,1.942109304767409,random,0.465325036603565,1006.333589553833,50
5.466006087325203,False,0.29038191918740264,True,17.474607245085654,0000014.txt,ob_0000019,True,175.41713671694333,random,1.9498410703966895,1036.8447303771973,50
0.2167006072195712,True,0.17303859776247824,True,17.474607245085654,0000015.txt,ob_0000019,True,2.6014260611295166,random,0.16858454950735152,1003.9963722229004,50
0.9583589785470892,True,0.5029997720279944,True,17.474607245085654,0000000.txt,ob_0000019,True,18.84360995577838,farthest,0.5185633311427572,415.5154228210449,1
8.857234498153463,False,3.336812838426131,False,17.474607245085654,0000001.txt,ob_0000019,True,113.09116908713287,farthest,7.436765143073722,240.48519134521484,1
6.575405886301628,False,2.947347403381008,False,17.474607245085654,0000002.txt,ob_0000019,True,89.6348268634707,farthest,3.4931511438282965,231.7676544189453,1
7.768315586383948,False,2.0481327810385666,False,17.474607245085654,0000003.txt,ob_0000019,True,169.21808807543138,farthest,2.1804140957386817,239.0739917755127,1
12.575298306855034,False,4.711002339810746,False,17.474607245085654,0000004.txt,ob_0000019,True,132.19779584066828,farthest,9.422046723430823,240.77391624450684,1
8.486899966556665,False,1.924524746740511,False,17.474607245085654,0000005.txt,ob_0000019,True,119.12316742805378,farthest,2.4289778633521717,269.03653144836426,1
6.421881326376439,False,3.7019752561804786,False,17.474607245085654,0000006.txt,ob_0000019,True,104.41477137258192,farthest,5.180888455685979,319.6883201599121,1
9.705959127581975,False,2.405883319038354,False,17.474607245085654,0000007.txt,ob_0000019,True,174.13993206613446,farthest,3.2948758906962494,274.72782135009766,1
2.210428640638832,False,1.1405826648024915,True,17.474607245085654,0000008.txt,ob_0000019,True,45.22797606739305,farthest,1.1546979182706094,297.8641986846924,1
0.18787062016094597,True,0.1524861717434155,True,17.474607245085654,0000009.txt,ob_0000019,True,2.6483590640777543,farthest,0.12674301178416672,276.30019187927246,1
8.299540480955994,False,2.731893466252643,False,17.474607245085654,0000010.txt,ob_0000019,True,132.9888757280098,farthest,4.286655176805642,235.06641387939453,1
8.15052318901062,False,3.1141093066685346,False,17.474607245085654,0000011.txt,ob_0000019,True,134.16764793261692,farthest,3.3368024952017254,314.68939781188965,1
8.322235256245573,False,2.5833552825787294,False,17.474607245085654,0000012.txt,ob_0000019,True,122.35928640718356,farthest,3.2638158237591064,253.91006469726562,1
11.115236224061835,False,5.501380908433049,False,17.474607245085654,0000013.txt,ob_0000019,True,160.63485313969247,farthest,7.102565524729447,260.84423065185547,1
7.831803552815917,False,3.114928443697909,False,17.474607245085654,0000014.txt,ob_0000019,True,145.47942477993954,farthest,2.4181055105567912,259.8273754119873,1
4.663219101128897,False,2.8306247410636702,False,17.474607245085654,0000015.txt,ob_0000019,True,64.30684529090253,farthest,3.694842343565239,295.5925464630127,1
0.9609882668399297,True,0.5041010021303014,True,17.474607245085654,0000000.txt,ob_0000019,True,18.80414590275123,farthest,0.5266751966067951,337.22996711730957,3
5.40936626837571,False,1.3814137673210198,True,17.474607245085654,0000001.txt,ob_0000019,True,131.84819551982827,farthest,2.051074479148506,278.05209159851074,3
5.542848083031945,False,1.073658903093262,True,17.474607245085654,0000002.txt,ob_0000019,True,149.26542628192132,farthest,2.7870031812293727,282.7258110046387,3
6.488681487813365,False,2.2515048219137386,False,17.474607245085654,0000003.txt,ob_0000019,True,115.71354972971453,farthest,3.8090196172830035,297.2719669342041,3
8.703680523222324,False,4.76286479416093,False,17.474607245085654,0000004.txt,ob_0000019,True,98.15841392878393,farthest,7.0228328607483625,324.7818946838379,3
5.449275573755699,False,0.7113114939826344,True,17.474607245085654,0000005.txt,ob_0000019,True,159.7842021783993,farthest,1.8741397623202014,298.08950424194336,3
8.8341568274786,False,3.192068723359743,False,17.474607245085654,0000006.txt,ob_0000019,True,162.60597715934915,farthest,4.485889725848695,283.63513946533203,3
0.22577722429136857,True,0.17533755846409219,True,17.474607245085654,0000007.txt,ob_0000019,True,2.209360816440819,farthest,0.17370854338774386,320.74904441833496,3
5.455959183525832,False,0.21051515096582887,True,17.474607245085654,0000008.txt,ob_0000019,True,179.08084522461473,farthest,1.9881917494640653,340.67726135253906,3
0.18756284638061946,True,0.15237991641290743,True,17.474607245085654,0000009.txt,ob_0000019,True,2.6385452419446382,farthest,0.12684211822868774,309.04150009155273,3
7.159263833428215,False,2.010824657900005,False,17.474607245085654,0000010.txt,ob_0000019,True,113.08020991532956,farthest,5.152913750232675,326.89929008483887,3
6.885795553893592,False,3.4550283652598814,False,17.474607245085654,0000011.txt,ob_0000019,True,112.64946710685473,farthest,2.984252169148416,271.0435390472412,3
5.006988671669718,False,2.214926825933914,False,17.474607245085654,0000012.txt,ob_0000019,True,96.13962440725429,farthest,1.703247800495517,254.92238998413086,3
8.31734048296451,False,2.4555364858806343,False,17.474607245085654,0000013.txt,ob_0000019,True,133.93669406370492,farthest,3.0364204161512864,257.82299041748047,3
5.895650173759359,False,2.7820246772824504,False,17.474607245085654,0000014.txt,ob_0000019,True,91.5359238717025,farthest,3.1875216997885634,276.247501373291,3
5.453362053187993,False,0.2867785346649215,True,17.474607245085654,0000015.txt,ob_0000019,True,178.91519651767436,farthest,1.8599567090385942,259.4118118286133,3
0.1008529469077455,True,0.09585339977155126,True,17.474607245085654,0000000.txt,ob_0000019,True,0.7781033356501554,farthest,0.0983784799459926,369.8301315307617,5
0.3053447551505807,True,0.209467158624111,True,17.474607245085654,0000001.txt,ob_0000019,True,2.0991564145357757,farthest,0.25153584807761914,289.75820541381836,5
5.5390115928974994,False,1.0671128221735466,True,17.474607245085654,0000002.txt,ob_0000019,True,149.33345388534624,farthest,2.768187774424266,270.22624015808105,5
6.4807254193381025,False,2.228928859392643,False,17.474607245085654,0000003.txt,ob_0000019,True,115.55184497861055,farthest,3.8138309699064803,253.17978858947754,5
7.713872789322964,False,1.7261753022271582,True,17.474607245085654,0000004.txt,ob_0000019,True,166.21106498904456,farthest,1.9556689105252372,240.97585678100586,5
5.45038077196756,False,0.7777089066098906,True,17.474607245085654,0000005.txt,ob_0000019,True,157.6389107157292,farthest,1.936724462385768,258.7628364562988,5
0.7895636115345415,True,0.33974627813149505,True,17.474607245085654,0000006.txt,ob_0000019,True,5.524083972952342,farthest,0.6898483744900276,248.03662300109863,5
0.21767341900135675,True,0.1704751562646787,True,17.474607245085654,0000007.txt,ob_0000019,True,2.1921250706090083,farthest,0.16630091943787098,239.05563354492188,5
5.456436179700069,False,0.21074029633993044,True,17.474607245085654,0000008.txt,ob_0000019,True,179.08588076907105,farthest,1.996286649178235,247.5428581237793,5
0.18634758111744518,True,0.15216084125618418,True,17.474607245085654,0000009.txt,ob_0000019,True,2.5530694435611734,farthest,0.12812189469032628,263.5335922241211,5
8.188521076539457,False,1.864616435010932,False,17.474607245085654,0000010.txt,ob_0000019,True,129.72278982269313,farthest,3.587733833732845,304.2623996734619,5
9.315916693318528,False,2.460733680639612,False,17.474607245085654,0000011.txt,ob_0000019,True,171.03358652578532,farthest,5.353653620240248,275.3610610961914,5
10.051494841776455,False,2.5069262328608533,False,17.474607245085654,0000012.txt,ob_0000019,True,173.38595190878888,farthest,3.4003375051951417,246.28663063049316,5
0.4663051136742617,True,0.29030529954872053,True,17.474607245085654,0000013.txt,ob_0000019,True,2.403038842761814,farthest,0.45968999162245494,262.18128204345703,5
5.914423956799367,False,2.8033973838289534,False,17.474607245085654,0000014.txt,ob_0000019,True,91.621858523981,farthest,3.197967887098762,254.75072860717773,5
5.448938811867074,False,0.2735811590790339,True,17.474607245085654,0000015.txt,ob_0000019,True,179.32686278192242,farthest,1.8178847886973282,240.91267585754395,5
0.1008529469077455,True,0.09585339977155126,True,17.474607245085654,0000000.txt,ob_0000019,True,0.7781033356501554,farthest,0.0983784799459926,357.499361038208,10
0.3053447551505807,True,0.209467158624111,True,17.474607245085654,0000001.txt,ob_0000019,True,2.0991564145357757,farthest,0.25153584807761914,335.0830078125,10
0.2566399056889526,True,0.18528340589269152,True,17.474607245085654,0000002.txt,ob_0000019,True,2.6646409324712104,farthest,0.2325259440075863,328.57418060302734,10
5.511661880832819,False,0.3657896662218742,True,17.474607245085654,0000003.txt,ob_0000019,True,178.61419438068924,farthest,2.4562876000548606,320.32036781311035,10
5.467333306879904,False,0.2739630202764982,True,17.474607245085654,0000004.txt,ob_0000019,True,178.35798164039772,farthest,2.0521893321712548,325.49166679382324,10
0.4809023035237593,True,0.2895399918045727,True,17.474607245085654,0000005.txt,ob_0000019,True,2.4177054602218124,farthest,0.45902510852698275,321.0752010345459,10
0.7895636115345415,True,0.33974627813149505,True,17.474607245085654,0000006.txt,ob_0000019,True,5.524083972952342,farthest,0.6898483744900276,318.5615539550781,10
0.21767341900135675,True,0.1704751562646787,True,17.474607245085654,0000007.txt,ob_0000019,True,2.1921250706090083,farthest,0.16630091943787098,318.9427852630615,10
5.456436179700069,False,0.21074029633993044,True,17.474607245085654,0000008.txt,ob_0000019,True,179.08588076907105,farthest,1.996286649178235,325.63138008117676,10
0.18634758111744518,True,0.15216084125618418,True,17.474607245085654,0000009.txt,ob_0000019,True,2.5530694435611734,farthest,0.12812189469032628,318.53675842285156,10
5.80970962508347,False,1.3439298532780475,True,17.474607245085654,0000010.txt,ob_0000019,True,172.367097590989,farthest,1.1529488908259322,341.7935371398926,10
5.50415256466937,False,0.2974437456165799,True,17.474607245085654,0000011.txt,ob_0000019,True,176.4539552038979,farthest,2.296402462990704,337.92591094970703,10
0.6525037942466884,True,0.31945023663889227,True,17.474607245085654,0000012.txt,ob_0000019,True,1.5963983445467893,farthest,0.6453680205556444,335.97660064697266,10
0.4663051136742617,True,0.29030529954872053,True,17.474607245085654,0000013.txt,ob_0000019,True,2.403038842761814,farthest,0.45968999162245494,355.1759719848633,10
5.470541935726382,False,0.29799761199796676,True,17.474607245085654,0000014.txt,ob_0000019,True,176.14507876752597,farthest,1.9650694418355892,347.25022315979004,10
5.448938811867074,False,0.2735811590790339,True,17.474607245085654,0000015.txt,ob_0000019,True,179.32686278192242,farthest,1.8178847886973282,321.76947593688965,10
0.1057055101596992,True,0.09993884464917335,True,17.474607245085654,0000000.txt,ob_0000019,True,0.8214182939472606,farthest,0.10183840345823111,525.277853012085,20
0.3063853130585036,True,0.20970933173482367,True,17.474607245085654,0000001.txt,ob_0000019,True,2.0863501038202155,farthest,0.2531150854056931,474.31063652038574,20
0.2601287601778808,True,0.18701278357047577,True,17.474607245085654,0000002.txt,ob_0000019,True,2.6498243895801346,farthest,0.24031381783506056,462.0239734649658,20
5.511335713854978,False,0.36569361026607755,True,17.474607245085654,0000003.txt,ob_0000019,True,178.60457868684566,farthest,2.453152659273994,483.30116271972656,20
5.467379476785931,False,0.2738673190440621,True,17.474607245085654,0000004.txt,ob_0000019,True,178.36807753355723,farthest,2.0529013239853526,490.0357723236084,20
0.4854623947499647,True,0.29173821012561213,True,17.474607245085654,0000005.txt,ob_0000019,True,2.4519025984873455,farthest,0.4620704151325654,475.74543952941895,20
5.51118831929203,False,0.32423606008395467,True,17.474607245085654,0000006.txt,ob_0000019,True,177.07776691588995,farthest,2.1546117791824826,470.8383083343506,20
5.44024158412722,False,0.23130047735326187,True,17.474607245085654,0000007.txt,ob_0000019,True,176.74044343103702,farthest,1.7893372440826796,464.59364891052246,20
5.4573059959612085,False,0.20746076874215597,True,17.474607245085654,0000008.txt,ob_0000019,True,179.730402741279,farthest,1.9954175664872706,499.38106536865234,20
0.2683587667951669,True,0.2035204113173858,True,17.474607245085654,0000009.txt,ob_0000019,True,1.925095826950848,farthest,0.23134395726877277,498.25453758239746,20
0.22576706252424736,True,0.1755790845555919,True,17.474607245085654,0000010.txt,ob_0000019,True,2.4571831590015654,farthest,0.17044855492399727,477.0033359527588,20
5.503497420167961,False,0.2976389510763126,True,17.474607245085654,0000011.txt,ob_0000019,True,176.3747756794627,farthest,2.2928653200723472,478.61671447753906,20
0.6533618067692256,True,0.31954236458193164,True,17.474607245085654,0000012.txt,ob_0000019,True,1.6036265379253702,farthest,0.6461105359867557,487.0429039001465,20
5.50252272790896,False,0.3329198457293408,True,17.474607245085654,0000013.txt,ob_0000019,True,178.98062815491227,farthest,2.2654582871886024,485.21924018859863,20
5.471695544668794,False,0.29379269384768253,True,17.474607245085654,0000014.txt,ob_0000019,True,176.79383759746597,farthest,1.9622431164373912,489.6402359008789,20
0.22286740073827813,True,0.1764004013383742,True,17.474607245085654,0000015.txt,ob_0000019,True,2.636247233594022,farthest,0.1754424620308791,493.4659004211426,20
0.08467410096412985,True,0.0823948349571973,True,17.474607245085654,0000000.txt,ob_0000019,True,0.5694756819121681,farthest,0.08512577773682656,1059.5684051513672,50
0.30638943376484257,True,0.20971126734635603,True,17.474607245085654,0000001.txt,ob_0000019,True,2.0863501038202155,farthest,0.2531198731242886,978.4855842590332,50
0.2420486480425069,True,0.17808948559057447,True,17.474607245085654,0000002.txt,ob_0000019,True,2.563490340047455,farthest,0.21378500497800812,991.5881156921387,50
5.511942322642351,False,0.36609459860900356,True,17.474607245085654,0000003.txt,ob_0000019,True,178.6350902623279,farthest,2.4583139356490475,985.6083393096924,50
5.467379476785931,False,0.2738673190440621,True,17.474607245085654,0000004.txt,ob_0000019,True,178.36807753355723,farthest,2.0529013239853526,1013.0114555358887,50
0.485464384103247,True,0.2917370068262767,True,17.474607245085654,0000005.txt,ob_0000019,True,2.4507084170330713,farthest,0.4620618646586164,990.9920692443848,50
5.511183538552332,False,0.32422982701038994,True,17.474607245085654,0000006.txt,ob_0000019,True,177.0788830334633,farthest,2.154608684246629,991.12868309021,50
5.440944924983356,False,0.23375694868766903,True,17.474607245085654,0000007.txt,ob_0000019,True,176.78049960442704,farthest,1.7961846296344268,987.8518581390381,50
5.4573059959612085,False,0.20746076874215597,True,17.474607245085654,0000008.txt,ob_0000019,True,179.730402741279,farthest,1.9954175664872706,983.2594394683838,50
0.18770039111634118,True,0.15256483457937559,True,17.474607245085654,0000009.txt,ob_0000019,True,2.6207491127936695,farthest,0.12743564512813427,1002.1388530731201,50
0.2505141196485516,True,0.18845066599469715,True,17.474607245085654,0000010.txt,ob_0000019,True,2.705649883966991,farthest,0.18799956872749832,1010.1590156555176,50
5.50349738951371,False,0.2976387898226599,True,17.474607245085654,0000011.txt,ob_0000019,True,176.37478174260855,farthest,2.2928653200723472,987.8714084625244,50
0.6533618067692256,True,0.31954236458193164,True,17.474607245085654,0000012.txt,ob_0000019,True,1.6036265379253702,farthest,0.6461105359867557,990.093469619751,50
5.502507042234531,False,0.33289762930481864,True,17.474607245085654,0000013.txt,ob_0000019,True,178.9808506274194,farthest,2.2653623944487067,1036.3006591796875,50
5.471695544668794,False,0.29379269384768253,True,17.474607245085654,0000014.txt,ob_0000019,True,176.79383759746597,farthest,1.9622431164373912,985.7981204986572,50
0.22286740073827813,True,0.1764004013383742,True,17.474607245085654,0000015.txt,ob_0000019,True,2.636247233594022,farthest,0.1754424620308791,985.2108955383301,50
11.800561884706465,False,2.7489270083951607,False,21.709378296257125,0000000.txt,ob_0000020,True,173.22086935177848,random,6.83593821184752,391.7241096496582,1
11.200404718917037,False,3.7422770443013205,False,21.709378296257125,0000001.txt,ob_0000020,True,168.96024756328126,random,6.424016666635941,342.9074287414551,1
11.53717385661815,False,4.28213709187445,False,21.709378296257125,0000002.txt,ob_0000020,True,170.4253675677727,random,7.386763880204011,289.7346019744873,1
7.066922865104513,False,1.7268093777974793,True,21.709378296257125,0000003.txt,ob_0000020,True,77.33715100067108,random,4.175193489865013,258.73708724975586,1
7.52325489041909,False,1.8260432624834895,True,21.709378296257125,0000004.txt,ob_0000020,True,73.25610231780861,random,5.337515147970325,274.5242118835449,1
7.332778234063357,False,1.8772375360177234,True,21.709378296257125,0000005.txt,ob_0000020,True,171.32643305426927,random,1.848206028576985,273.12588691711426,1
0.22535159465801913,True,0.17724957053839013,True,21.709378296257125,0000006.txt,ob_0000020,True,2.682176680250344,random,0.1689206240854287,293.3526039123535,1
3.473716839677168,False,1.1974565018534964,True,21.709378296257125,0000007.txt,ob_0000020,True,21.535626562598004,random,3.0074201706495924,281.2352180480957,1
0.30041867604110767,True,0.21764518295856158,True,21.709378296257125,0000008.txt,ob_0000020,True,1.4322128162071202,random,0.2763500410248388,256.7286491394043,1
8.096668170221106,False,2.063591380839447,True,21.709378296257125,0000009.txt,ob_0000020,True,103.01542993984981,random,1.2854807820016287,269.6549892425537,1
12.483226418947746,False,3.5312733136604804,False,21.709378296257125,0000010.txt,ob_0000020,True,179.5266146050364,random,7.792027270496576,287.9016399383545,1
11.970245392205099,False,2.143034419495074,True,21.709378296257125,0000011.txt,ob_0000020,True,165.76805259688928,random,2.8691341024926404,306.2756061553955,1
10.268007630246506,False,2.341081071805934,False,21.709378296257125,0000012.txt,ob_0000020,True,169.0491673668541,random,3.1782449132575685,295.2742576599121,1
11.11431625211944,False,2.406615974619307,False,21.709378296257125,0000013.txt,ob_0000020,True,151.08621635749165,random,4.5277278357485535,284.20042991638184,1
9.918701135755798,False,2.335380500902987,False,21.709378296257125,0000014.txt,ob_0000020,True,151.24383579137177,random,2.058965562479385,265.5138969421387,1
9.467480650679661,False,1.8626184312962917,True,21.709378296257125,0000015.txt,ob_0000020,True,170.23607610367847,random,1.071922829354281,318.93134117126465,1
6.993383637758292,False,1.6087342318499578,True,21.709378296257125,0000000.txt,ob_0000020,True,168.2389531400854,random,2.7621998320833883,320.0082778930664,3
7.406772482935166,False,2.6005262215234883,False,21.709378296257125,0000001.txt,ob_0000020,True,124.38047157246908,random,4.160897786667217,346.2357521057129,3
7.180448799256306,False,1.936646145441869,True,21.709378296257125,0000002.txt,ob_0000020,True,144.7151532942373,random,4.201927249975108,330.4309844970703,3
12.603574757619215,False,2.530266007805116,False,21.709378296257125,0000003.txt,ob_0000020,True,177.87786892908204,random,4.757106446075361,307.8927993774414,3
7.464574835735398,False,2.0524833847349964,True,21.709378296257125,0000004.txt,ob_0000020,True,72.17970500802922,random,5.552750434020289,257.4765682220459,3
6.724713754066218,False,0.2981342583427302,True,21.709378296257125,0000005.txt,ob_0000020,True,178.14508680962282,random,1.7467827369586266,283.4279537200928,3
0.21306901260380243,True,0.17045589959690594,True,21.709378296257125,0000006.txt,ob_0000020,True,2.6470132389374132,random,0.14902729477336027,253.69572639465332,3
11.180162310471733,False,1.4561738163690876,True,21.709378296257125,0000007.txt,ob_0000020,True,133.22877919760904,random,2.606297394115364,259.80424880981445,3
9.25995652117896,False,1.5753143844211819,True,21.709378296257125,0000008.txt,ob_0000020,True,179.3837230377278,random,2.467549711069164,263.1261348724365,3
6.732061627301874,False,0.34689273989093494,True,21.709378296257125,0000009.txt,ob_0000020,True,176.95044408276937,random,2.198987338497055,253.1890869140625,3
8.365409104730727,False,2.774731393042717,False,21.709378296257125,0000010.txt,ob_0000020,True,168.4636617611282,random,2.983215313401164,249.28617477416992,3
6.85979839869103,False,0.7602884316192063,True,21.709378296257125,0000011.txt,ob_0000020,True,175.8684431075896,random,2.8302600193208,247.02692031860352,3
11.256304669376735,False,2.5779730505002654,False,21.709378296257125,0000012.txt,ob_0000020,True,120.77097255870791,random,4.02251612904321,263.6241912841797,3
10.697104522418908,False,2.711109106979815,False,21.709378296257125,0000013.txt,ob_0000020,True,129.16174494422896,random,2.888962814433696,251.68824195861816,3
11.790895879578615,False,2.5505256608726334,False,21.709378296257125,0000014.txt,ob_0000020,True,150.85858124429686,random,5.932757859625615,253.0801296234131,3
9.488995936080451,False,2.0336428935588775,True,21.709378296257125,0000015.txt,ob_0000020,True,176.3024325588454,random,1.5732610885075666,255.7539939880371,3
0.26588420405160895,True,0.20656813530082052,True,21.709378296257125,0000000.txt,ob_0000020,True,1.6634820887887465,random,0.2774984184017473,276.16167068481445,5
3.7529585369882823,False,1.9499986012105577,True,21.709378296257125,0000001.txt,ob_0000020,True,51.03290258777975,random,3.3671874944158233,294.59571838378906,5
1.0653929015289663,True,0.3994583852932178,True,21.709378296257125,0000002.txt,ob_0000020,True,2.1860625352636274,random,1.0509169242478082,253.15308570861816,5
0.901110536410656,True,0.3627329050946451,True,21.709378296257125,0000003.txt,ob_0000020,True,4.573737911356856,random,0.8401113157439509,241.64104461669922,5
6.880624347641218,False,0.5116388112853562,True,21.709378296257125,0000004.txt,ob_0000020,True,178.16897998221015,random,2.9660756502602563,264.4343376159668,5
6.730286722779971,False,0.28549986042677256,True,21.709378296257125,0000005.txt,ob_0000020,True,179.21724139402485,random,1.7683764135606646,247.1938133239746,5
3.6685763149509283,False,2.0877868550623324,True,21.709378296257125,0000006.txt,ob_0000020,True,60.346269645513615,random,1.7126038578793974,285.24279594421387,5
9.436691837887896,False,1.6471830672889605,True,21.709378296257125,0000007.txt,ob_0000020,True,179.85009257536092,random,3.411153443372228,252.03490257263184,5
0.3472953069112292,True,0.25347200315698437,True,21.709378296257125,0000008.txt,ob_0000020,True,3.1016603938980674,random,0.2721655494535236,246.72389030456543,5
6.735611320864618,False,0.3536702384657019,True,21.709378296257125,0000009.txt,ob_0000020,True,176.52978162248763,random,2.238367787315204,247.37286567687988,5
6.789064491928283,False,1.6652746933482465,True,21.709378296257125,0000010.txt,ob_0000020,True,161.91308530947958,random,5.623252685406488,276.7047882080078,5
1.4522169307989037,True,0.7755755109750683,True,21.709378296257125,0000011.txt,ob_0000020,True,5.394806956907236,random,1.354236298062283,282.72318840026855,5
12.494276507337561,False,2.6214121489630147,False,21.709378296257125,0000012.txt,ob_0000020,True,147.96981855611668,random,4.813886019268574,265.1839256286621,5
6.766445187207966,False,0.4165642442783591,True,21.709378296257125,0000013.txt,ob_0000020,True,175.07941372205067,random,1.6956062891642816,261.60264015197754,5
6.717858732899246,False,0.5802783844474656,True,21.709378296257125,0000014.txt,ob_0000020,True,164.5597022472743,random,2.21170334959385,268.7640190124512,5
0.3700203797840805,True,0.2463758105413863,True,21.709378296257125,0000015.txt,ob_0000020,True,3.24594385846628,random,0.32381635696298944,245.9394931793213,5
6.736930439455928,False,0.2599867963445574,True,21.709378296257125,0000000.txt,ob_0000020,True,179.0214518253341,random,1.944004443141895,305.5541515350342,10
6.756992130204143,False,0.3083870263115466,True,21.709378296257125,0000001.txt,ob_0000020,True,179.4947676113437,random,2.3426995909879236,316.2846565246582,10
6.838163370319969,False,0.40688027328396376,True,21.709378296257125,0000002.txt,ob_0000020,True,177.73996297898822,random,2.752706781455277,314.84270095825195,10
6.805275943473315,False,2.2984382987395984,False,21.709378296257125,0000003.txt,ob_0000020,True,132.33289530303026,random,2.640830671479549,310.3649616241455,10
1.4630647850975615,True,0.5325846117465297,True,21.709378296257125,0000004.txt,ob_0000020,True,5.462101827668272,random,1.3705518826825374,321.17557525634766,10
8.988167851618519,False,3.6345328204054153,False,21.709378296257125,0000005.txt,ob_0000020,True,154.7013453702481,random,4.263824901535369,315.83428382873535,10
1.8084677503523505,True,1.0906401674696247,True,21.709378296257125,0000006.txt,ob_0000020,True,24.801958916912522,random,1.3808290931266736,320.61052322387695,10
0.3134647246240384,True,0.2335790046419867,True,21.709378296257125,0000007.txt,ob_0000020,True,3.116915701782966,random,0.3132028865263456,327.0750045776367,10
6.734142661188566,False,0.2757404557637068,True,21.709378296257125,0000008.txt,ob_0000020,True,179.80606585296277,random,2.253883402747074,353.7752628326416,10
0.8999020817605243,True,0.5038288731104351,True,21.709378296257125,0000009.txt,ob_0000020,True,13.62980756040798,random,0.21946225275283354,302.5174140930176,10
6.74601207362304,False,0.37488337460285626,True,21.709378296257125,0000010.txt,ob_0000020,True,178.64036869034115,random,1.9007438161990062,306.8704605102539,10
1.4586858547387929,True,0.7753838666600587,True,21.709378296257125,0000011.txt,ob_0000020,True,4.806242931155085,random,1.3697829098430234,310.4705810546875,10
6.731113963009143,False,0.2376808451062949,True,21.709378296257125,0000012.txt,ob_0000020,True,180.0,random,1.9309795905448945,312.78228759765625,10
6.771370478357275,False,0.3886943250002627,True,21.709378296257125,0000013.txt,ob_0000020,True,175.18391192054392,random,1.8827305401711087,310.7714653015137,10
0.4890400744819914,True,0.3042722900414924,True,21.709378296257125,0000014.txt,ob_0000020,True,4.950185876185555,random,0.3066166654797151,301.7868995666504,10
6.725637715591576,False,0.26846552793205675,True,21.709378296257125,0000015.txt,ob_0000020,True,177.44402592236787,random,2.115874767195746,357.7089309692383,10
6.737632952848655,False,0.2608568783902771,True,21.709378296257125,0000000.txt,ob_0000020,True,178.94681430077472,random,1.9479158547455762,467.23461151123047,20
6.765419797283287,False,0.32003181139394316,True,21.709378296257125,0000001.txt,ob_0000020,True,179.5430351944006,random,2.397182792910093,472.69511222839355,20
6.839975512662774,False,0.4738783427565592,True,21.709378296257125,0000002.txt,ob_0000020,True,176.66351440873655,random,2.91708110415158,482.38635063171387,20
6.802871687921849,False,0.35163837725626745,True,21.709378296257125,0000003.txt,ob_0000020,True,176.3309941369353,random,2.579715225510778,468.40572357177734,20
1.2589741298068609,True,0.4835378224223894,True,21.709378296257125,0000004.txt,ob_0000020,True,4.648703810257793,random,1.179754714060491,465.88850021362305,20
0.5066382577490823,True,0.2946118722391159,True,21.709378296257125,0000005.txt,ob_0000020,True,0.965666425246576,random,0.48508701542125876,454.4949531555176,20
0.23385390270737774,True,0.18321642456695403,True,21.709378296257125,0000006.txt,ob_0000020,True,2.9668157157723387,random,0.15373505596020437,464.96081352233887,20
6.731985885291744,False,0.26906253236958905,True,21.709378296257125,0000007.txt,ob_0000020,True,178.21411741557358,random,2.0116393667459085,463.99974822998047,20
6.725209682157788,False,0.25347979279057603,True,21.709378296257125,0000008.txt,ob_0000020,True,180.0,random,2.1402862465750276,458.5568904876709,20
6.741275401475008,False,0.3476879479677387,True,21.709378296257125,0000009.txt,ob_0000020,True,177.06227304262026,random,2.279031215102622,485.9440326690674,20
0.5078914947709744,True,0.3310495890429986,True,21.709378296257125,0000010.txt,ob_0000020,True,2.2077579027273466,random,0.538385118105135,500.13113021850586,20
1.462896185013474,True,0.7801019166909128,True,21.709378296257125,0000011.txt,ob_0000020,True,5.161229980251729,random,1.3717548086568436,501.755952835083,20
6.7304993699195155,False,0.23472736879726555,True,21.709378296257125,0000012.txt,ob_0000020,True,179.2711279563942,random,1.9315949773978225,498.77238273620605,20
6.77186116842521,False,0.3885258461548357,True,21.709378296257125,0000013.txt,ob_0000020,True,175.25320517709403,random,1.8811917418486983,503.3738613128662,20
6.741186273977745,False,0.2788232946541088,True,21.709378296257125,0000014.txt,ob_0000020,True,176.62345637801084,random,2.0876707535915395,489.02130126953125,20
0.35941881547002147,True,0.2413604173108539,True,21.709378296257125,0000015.txt,ob_0000020,True,3.118220859971245,random,0.3088838835256457,480.13854026794434,20
6.735314016710833,False,0.25970706639265106,True,21.709378296257125,0000000.txt,ob_0000020,True,179.61827519076664,random,1.890167300972619,981.8880558013916,50
6.757737512863948,False,0.3078003084056467,True,21.709378296257125,0000001.txt,ob_0000020,True,179.3797250194982,random,2.3296314646150442,978.2798290252686,50
6.838996081331285,False,0.4088512991196322,True,21.709378296257125,0000002.txt,ob_0000020,True,177.75167282626555,random,2.7585673444720378,984.4181537628174,50
0.8964478382882684,True,0.3603948208572689,True,21.709378296257125,0000003.txt,ob_0000020,True,4.439756215129619,random,0.8399139639737402,983.1156730651855,50
6.888767346015301,False,0.5241323724235996,True,21.709378296257125,0000004.txt,ob_0000020,True,178.44267422749203,random,3.0097588844378627,1004.0521621704102,50
0.5101948927839436,True,0.29822285718957703,True,21.709378296257125,0000005.txt,ob_0000020,True,1.2431294838223752,random,0.48453179163191057,1008.3305835723877,50
0.21883734930587423,True,0.17309389023342128,True,21.709378296257125,0000006.txt,ob_0000020,True,2.756347554885073,random,0.15361077580318538,1006.7431926727295,50
0.34242357481482366,True,0.2530938141493737,True,21.709378296257125,0000007.txt,ob_0000020,True,2.176017148754509,random,0.31585026618941137,991.657018661499,50
6.725195994788658,False,0.27304711890887473,True,21.709378296257125,0000008.txt,ob_0000020,True,180.0,random,2.1712060327741516,1012.75634765625,50
0.5726631268333933,True,0.349110888292035,True,21.709378296257125,0000009.txt,ob_0000020,True,3.4808560788400533,random,0.5156167515467118,1055.1793575286865,50
6.738349472475982,False,0.3436421856413292,True,21.709378296257125,0000010.txt,ob_0000020,True,177.07668147360835,random,1.874843669509929,1047.269582748413,50
1.5353244660639747,True,0.8251158233802701,True,21.709378296257125,0000011.txt,ob_0000020,True,6.05786064498223,random,1.4274255422998365,1039.3214225769043,50
6.731962004534974,False,0.23663578755178505,True,21.709378296257125,0000012.txt,ob_0000020,True,179.29898498770726,random,1.946282538460644,1023.5192775726318,50
0.823790226346007,True,0.34912921419786375,True,21.709378296257125,0000013.txt,ob_0000020,True,3.521666972244438,random,0.7644053900232779,1029.411792755127,50
0.5167923351340711,True,0.3110457902678235,True,21.709378296257125,0000014.txt,ob_0000020,True,5.094377082288366,random,0.33476173748065713,1016.4535045623779,50
6.726904021606471,False,0.27435652692032,True,21.709378296257125,0000015.txt,ob_0000020,True,177.53135083031182,random,2.130051325905036,1023.5476493835449,50
13.37911359426769,False,7.430570917907306,False,21.709378296257125,0000000.txt,ob_0000020,True,134.22798380601995,farthest,10.129802894063106,407.35316276550293,1
12.477465085142622,False,4.956389335828578,False,21.709378296257125,0000001.txt,ob_0000020,True,158.998045983527,farthest,8.896566539713797,282.0615768432617,1
4.116242024078728,False,2.4016830329526586,False,21.709378296257125,0000002.txt,ob_0000020,True,43.88835855822294,farthest,4.697852191228535,230.27276992797852,1
9.740293124655416,False,2.109400344478176,True,21.709378296257125,0000003.txt,ob_0000020,True,168.637598684646,farthest,0.8692498307561339,266.4904594421387,1
11.699679775781204,False,5.984014156201405,False,21.709378296257125,0000004.txt,ob_0000020,True,175.31234751875937,farthest,8.76521663345529,301.82957649230957,1
11.21737893403248,False,6.6701086600370445,False,21.709378296257125,0000005.txt,ob_0000020,True,134.46365619515507,farthest,8.794425231805489,287.5971794128418,1
6.748098655634391,False,0.3926455416825441,True,21.709378296257125,0000006.txt,ob_0000020,True,175.0450303308862,farthest,2.123381892235495,281.21471405029297,1
9.448899672615083,False,1.7015967866940946,True,21.709378296257125,0000007.txt,ob_0000020,True,179.72163493819454,farthest,3.3625020443918565,267.5652503967285,1
15.407792194277059,False,6.8233266202437015,False,21.709378296257125,0000008.txt,ob_0000020,True,129.19917499119555,farthest,15.251450459062976,267.3518657684326,1
6.7318230959495695,False,0.35642496925936223,True,21.709378296257125,0000009.txt,ob_0000020,True,176.73448660137387,farthest,2.1993304807037526,256.70647621154785,1
7.018667614462316,False,2.3137068159404883,False,21.709378296257125,0000010.txt,ob_0000020,True,128.4336546396582,farthest,4.068084271237056,267.3466205596924,1
1.7281742025254263,True,0.9075865932257531,True,21.709378296257125,0000011.txt,ob_0000020,True,19.940486489454454,farthest,1.021465723913223,238.42740058898926,1
6.973766662100813,False,2.996321452585816,False,21.709378296257125,0000012.txt,ob_0000020,True,84.62613396772171,farthest,5.837504853379958,282.52649307250977,1
10.441082266781965,False,3.042252880621491,False,21.709378296257125,0000013.txt,ob_0000020,True,171.6500628403597,farthest,4.883317001404348,269.36960220336914,1
9.956068766637767,False,2.356972153770868,False,21.709378296257125,0000014.txt,ob_0000020,True,146.98537726375767,farthest,2.560570053237626,243.7303066253662,1
6.7252234144126035,False,0.2727377322762085,True,21.709378296257125,0000015.txt,ob_0000020,True,177.4647946957692,farthest,2.101853585772193,247.38049507141113,1
6.762406309996091,False,2.3897909372679185,False,21.709378296257125,0000000.txt,ob_0000020,True,81.80962510337596,farthest,3.524116568718847,376.00016593933105,3
1.190221756048947,True,0.5883878597281171,True,21.709378296257125,0000001.txt,ob_0000020,True,14.308807233739953,farthest,1.134502412494224,305.3278923034668,3
4.1179621801114665,False,2.4007004453885017,False,21.709378296257125,0000002.txt,ob_0000020,True,42.860386524961115,farthest,4.686572849579009,278.5041332244873,3
7.131905836131979,False,2.7044208860370986,False,21.709378296257125,0000003.txt,ob_0000020,True,82.0672732281585,farthest,4.287083110458421,265.14244079589844,3
7.305010238164153,False,2.563212277269697,False,21.709378296257125,0000004.txt,ob_0000020,True,144.50808649808414,farthest,2.5462988826693853,270.88069915771484,3
5.025403260228762,False,2.2757407330586528,False,21.709378296257125,0000005.txt,ob_0000020,True,84.76205881917484,farthest,1.257335188618304,293.071985244751,3
6.744440950959573,False,0.3798927585987027,True,21.709378296257125,0000006.txt,ob_0000020,True,175.14028251649492,farthest,2.087288251580067,307.628870010376,3
9.392832870420726,False,1.6246878054053029,True,21.709378296257125,0000007.txt,ob_0000020,True,179.95290459306514,farthest,3.306257832441765,285.9160900115967,3
15.50230642602294,False,6.892276213333442,False,21.709378296257125,0000008.txt,ob_0000020,True,129.30577776443306,farthest,15.353569017570948,259.04083251953125,3
6.7317925659411495,False,0.3565010918758168,True,21.709378296257125,0000009.txt,ob_0000020,True,176.71925529802314,farthest,2.1982854019568427,263.5951042175293,3
6.99969033545427,False,2.295721873318261,False,21.709378296257125,0000010.txt,ob_0000020,True,128.26744337381692,farthest,4.014200452746419,263.45014572143555,3
1.6804164991990647,True,0.8848092521177712,True,21.709378296257125,0000011.txt,ob_0000020,True,19.70270678139257,farthest,0.9832746981797773,281.68797492980957,3
12.590462616033685,False,2.590482370937623,False,21.709378296257125,0000012.txt,ob_0000020,True,148.93514366122446,farthest,4.918223040569208,244.85278129577637,3
3.176043862590594,False,1.7776020843931828,True,21.709378296257125,0000013.txt,ob_0000020,True,42.227266875492866,farthest,3.2994362952078076,242.38920211791992,3
6.845761129030787,False,2.20780442895599,False,21.709378296257125,0000014.txt,ob_0000020,True,136.5215966577356,farthest,3.272718120291681,252.3362636566162,3
6.726017032640207,False,0.2712730574447118,True,21.709378296257125,0000015.txt,ob_0000020,True,177.719926329017,farthest,2.107344643653286,276.76844596862793,3
6.791596239720768,False,2.426395455275228,False,21.709378296257125,0000000.txt,ob_0000020,True,83.47799892463435,farthest,3.526090846813828,308.4979057312012,5
1.3087989240088007,True,0.6473371646728033,True,21.709378296257125,0000001.txt,ob_0000020,True,15.621439480070517,farthest,1.2960584314779195,259.4614028930664,5
7.42747312634345,False,2.7726732666767315,False,21.709378296257125,0000002.txt,ob_0000020,True,123.12330779746665,farthest,5.237674219213569,259.70005989074707,5
11.950878864197916,False,3.114993190358047,False,21.709378296257125,0000003.txt,ob_0000020,True,164.71668015565587,farthest,6.943651756140092,271.221399307251,5
1.4514940082811825,True,0.5299249315173665,True,21.709378296257125,0000004.txt,ob_0000020,True,5.5478916852978015,farthest,1.3540513354056702,247.6823329925537,5
0.5148561719620118,True,0.2986742240533175,True,21.709378296257125,0000005.txt,ob_0000020,True,1.5065659026440856,farthest,0.48320932308229825,240.91339111328125,5
6.744141461481509,False,0.3807506792385652,True,21.709378296257125,0000006.txt,ob_0000020,True,175.07171848409422,farthest,2.1049115381088637,248.42596054077148,5
9.466178443757677,False,1.7006566700753025,True,21.709378296257125,0000007.txt,ob_0000020,True,179.65008727900567,farthest,3.407120746706253,276.05414390563965,5
14.684499128973899,False,5.494616923919959,False,21.709378296257125,0000008.txt,ob_0000020,True,171.41939626036972,farthest,11.09238797551012,246.92535400390625,5
0.5823292636749727,True,0.3534145392495095,True,21.709378296257125,0000009.txt,ob_0000020,True,3.629089754590472,farthest,0.5196627947181259,268.85986328125,5
6.9884514721562425,False,2.2890108208663387,False,21.709378296257125,0000010.txt,ob_0000020,True,127.63933391032607,farthest,4.0217565259552455,255.6450366973877,5
1.7208121992826408,True,0.9051641386748059,True,21.709378296257125,0000011.txt,ob_0000020,True,20.105557026598714,farthest,1.0030338467283282,384.598970413208,5
12.61009325566155,False,2.634487619848149,False,21.709378296257125,0000012.txt,ob_0000020,True,149.31239983008015,farthest,4.975021936393141,308.2611560821533,5
3.157801278921198,False,1.7421482294872064,True,21.709378296257125,0000013.txt,ob_0000020,True,40.62047118722719,farthest,3.255356365929063,279.3593406677246,5
10.457896219661388,False,2.4005646752463314,False,21.709378296257125,0000014.txt,ob_0000020,True,167.55272232530254,farthest,6.75747722621798,284.54136848449707,5
6.72518786586808,False,0.2726709187353723,True,21.709378296257125,0000015.txt,ob_0000020,True,177.46229037741475,farthest,2.1015819814835015,303.5621643066406,5
6.736491172180695,False,0.2629512751289593,True,21.709378296257125,0000000.txt,ob_0000020,True,178.9036102998229,farthest,1.932664829174293,363.5597229003906,10
6.778710775947561,False,0.3400285916108304,True,21.709378296257125,0000001.txt,ob_0000020,True,179.89209750139955,farthest,2.4896629874198863,301.59640312194824,10
6.838273579565978,False,0.4071949953069016,True,21.709378296257125,0000002.txt,ob_0000020,True,177.61377961595318,farthest,2.7527071202959315,340.06285667419434,10
6.802000768476171,False,0.35002192109438773,True,21.709378296257125,0000003.txt,ob_0000020,True,176.32055345899195,farthest,2.5732923426073206,316.0116672515869,10
1.4514940082811825,True,0.5299249315173665,True,21.709378296257125,0000004.txt,ob_0000020,True,5.5478916852978015,farthest,1.3540513354056702,353.5652160644531,10
0.5148561719620118,True,0.2986742240533175,True,21.709378296257125,0000005.txt,ob_0000020,True,1.5065659026440856,farthest,0.48320932308229825,348.97756576538086,10
0.21542433618541484,True,0.1730484360871291,True,21.709378296257125,0000006.txt,ob_0000020,True,2.491521946916579,farthest,0.16036368580936478,376.15370750427246,10
6.730769280795894,False,0.27525504985459043,True,21.709378296257125,0000007.txt,ob_0000020,True,178.2342467656116,farthest,2.0141524292397817,330.1711082458496,10
6.725388660030254,False,0.25291767283692823,True,21.709378296257125,0000008.txt,ob_0000020,True,180.0,farthest,2.139598641900604,339.24055099487305,10
0.5823292636749727,True,0.3534145392495095,True,21.709378296257125,0000009.txt,ob_0000020,True,3.629089754590472,farthest,0.5196627947181259,305.18245697021484,10
6.740156937155714,False,0.7688959479220152,True,21.709378296257125,0000010.txt,ob_0000020,True,162.16228540476212,farthest,1.876732527140699,312.4115467071533,10
1.7208121992826408,True,0.9051641386748059,True,21.709378296257125,0000011.txt,ob_0000020,True,20.105557026598714,farthest,1.0030338467283282,339.1728401184082,10
0.17940816864055323,True,0.15201810852796413,True,21.709378296257125,0000012.txt,ob_0000020,True,2.0413507896677228,farthest,0.14020388946454995,342.78106689453125,10
6.770636055465502,False,0.38802719693506266,True,21.709378296257125,0000013.txt,ob_0000020,True,175.1286146607675,farthest,1.8816977871222877,318.59731674194336,10
0.5293475599753099,True,0.31562357808980995,True,21.709378296257125,0000014.txt,ob_0000020,True,5.0564426377384875,farthest,0.35704519390467326,316.68639183044434,10
6.72518786586808,False,0.2726709187353723,True,21.709378296257125,0000015.txt,ob_0000020,True,177.46229037741475,farthest,2.1015819814835015,327.56590843200684,10
6.736549379623681,False,0.26284695746580744,True,21.709378296257125,0000000.txt,ob_0000020,True,178.90820227431254,farthest,1.9337599156856247,508.7461471557617,20
6.778174854130042,False,0.33993182694054497,True,21.709378296257125,0000001.txt,ob_0000020,True,180.0,farthest,2.4817165917865003,487.6875877380371,20
6.837945257933358,False,0.4072354195352403,True,21.709378296257125,0000002.txt,ob_0000020,True,177.86366816805725,farthest,2.756489892374632,494.7314262390137,20
6.802047912442716,False,0.3501217733610764,True,21.709378296257125,0000003.txt,ob_0000020,True,176.3198081240445,farthest,2.5737447505463784,489.52221870422363,20
6.928256357719766,False,0.5763533782277378,True,21.709378296257125,0000004.txt,ob_0000020,True,179.0316926499386,farthest,3.215733022382481,537.5893115997314,20
0.5144680597092447,True,0.298476836044844,True,21.709378296257125,0000005.txt,ob_0000020,True,1.4846190091319735,farthest,0.4835069775276953,488.44122886657715,20
0.21492568936611472,True,0.17210671759990595,True,21.709378296257125,0000006.txt,ob_0000020,True,2.6722146286995363,farthest,0.14651288232626558,485.0897789001465,20
6.7312899364355205,False,0.2745352501950344,True,21.709378296257125,0000007.txt,ob_0000020,True,178.2353822243003,farthest,2.0194598562062795,479.5076847076416,20
6.725209682157788,False,0.25347979279057603,True,21.709378296257125,0000008.txt,ob_0000020,True,180.0,farthest,2.1402862465750276,494.4195747375488,20
0.5870524573124145,True,0.35576148821731796,True,21.709378296257125,0000009.txt,ob_0000020,True,3.7140042736580097,farthest,0.523201136690539,472.72467613220215,20
6.742835303997377,False,0.35819860412018084,True,21.709378296257125,0000010.txt,ob_0000020,True,179.29956295461653,farthest,1.8868089258275444,468.92452239990234,20
1.5353244660639747,True,0.8251158233802701,True,21.709378296257125,0000011.txt,ob_0000020,True,6.05786064498223,farthest,1.4274255422998365,456.52294158935547,20
6.730750304154927,False,0.23471498705569838,True,21.709378296257125,0000012.txt,ob_0000020,True,179.26367677288005,farthest,1.938503646347638,456.64453506469727,20
0.8352563020265852,True,0.3786744087528054,True,21.709378296257125,0000013.txt,ob_0000020,True,4.417512466544311,farthest,0.8015484518476912,489.6271228790283,20
0.5366676099645205,True,0.31785427552314827,True,21.709378296257125,0000014.txt,ob_0000020,True,5.064958214545483,farthest,0.36639860658291934,481.41956329345703,20
6.7248136987213725,False,0.2717556080852959,True,21.709378296257125,0000015.txt,ob_0000020,True,177.4960297548379,farthest,2.095709343133435,483.80112648010254,20
6.736549379623681,False,0.26284695746580744,True,21.709378296257125,0000000.txt,ob_0000020,True,178.90820227431254,farthest,1.9337599156856247,1025.205135345459,50
6.778174854130042,False,0.33993182694054497,True,21.709378296257125,0000001.txt,ob_0000020,True,180.0,farthest,2.4817165917865003,978.0843257904053,50
6.832356991078678,False,0.3998057931220982,True,21.709378296257125,0000002.txt,ob_0000020,True,177.84069946985545,farthest,2.7337079263453004,985.7997894287109,50
6.8018475165648,False,0.3499827227581235,True,21.709378296257125,0000003.txt,ob_0000020,True,176.32025663568905,farthest,2.5733711165877846,985.3856563568115,50
6.92824026223981,False,0.5763419623245382,True,21.709378296257125,0000004.txt,ob_0000020,True,179.03207091680122,farthest,3.2156550930381944,1009.7367763519287,50
0.5144680597092447,True,0.298476836044844,True,21.709378296257125,0000005.txt,ob_0000020,True,1.4846190091319735,farthest,0.4835069775276953,1034.4293117523193,50
0.21652939922953998,True,0.17376529041134262,True,21.709378296257125,0000006.txt,ob_0000020,True,2.5047561771628537,farthest,0.16118512930867668,1006.1652660369873,50
0.2927251608176926,True,0.2277217935349252,True,21.709378296257125,0000007.txt,ob_0000020,True,1.8992846082020711,farthest,0.30720931293587633,981.680154800415,50
6.725209682157788,False,0.25347979279057603,True,21.709378296257125,0000008.txt,ob_0000020,True,180.0,farthest,2.1402862465750276,1026.7431735992432,50
0.5868136107649856,True,0.3557032169453654,True,21.709378296257125,0000009.txt,ob_0000020,True,3.7191948738662504,farthest,0.5228503721113176,1003.8220882415771,50
6.742835303616649,False,0.3581987013429761,True,21.709378296257125,0000010.txt,ob_0000020,True,179.2995591557728,farthest,1.8868089258275444,991.2636280059814,50
1.4607141145856535,True,0.7793280421455525,True,21.709378296257125,0000011.txt,ob_0000020,True,5.030222974276882,farthest,1.3728470849913974,983.5777282714844,50
6.730750304154927,False,0.23471498705569838,True,21.709378296257125,0000012.txt,ob_0000020,True,179.26367677288005,farthest,1.938503646347638,1009.1762542724609,50
6.769973358168044,False,0.3878843850427188,True,21.709378296257125,0000013.txt,ob_0000020,True,175.1503810839903,farthest,1.8778892820512878,1001.1076927185059,50
0.5366676099645205,True,0.31785427552314827,True,21.709378296257125,0000014.txt,ob_0000020,True,5.064958214545483,farthest,0.36639860658291934,983.1211566925049,50
6.725554994796823,False,0.26948766566045246,True,21.709378296257125,0000015.txt,ob_0000020,True,177.6517685300595,farthest,2.113273487897479,989.9470806121826,50
5.584874046876796,False,0.8736878834956225,True,10.290346428570809,0000000.txt,ob_0000021,True,179.2165512811744,random,1.7033387589199194,370.91660499572754,1
5.2223185010475675,False,0.2006981985041843,True,10.290346428570809,0000001.txt,ob_0000021,True,178.70130236516482,random,0.14341395640199114,282.85837173461914,1
3.716620261424392,False,0.26655963615621586,True,10.290346428570809,0000002.txt,ob_0000021,True,90.29616650374835,random,0.3624499030238736,261.2168788909912,1
5.230814449127879,False,0.27959558750088914,True,10.290346428570809,0000003.txt,ob_0000021,True,177.44529088875663,random,0.4227391349084517,257.9348087310791,1
4.883919230217516,False,0.9388137531088864,True,10.290346428570809,0000004.txt,ob_0000021,True,93.45381567344388,random,2.107748142795613,257.22599029541016,1
3.778235327292919,False,0.2415029760089257,True,10.290346428570809,0000005.txt,ob_0000021,True,92.45687966567787,random,0.2595916352004735,271.86036109924316,1
5.654521701085811,False,0.9423447107213998,True,10.290346428570809,0000006.txt,ob_0000021,True,177.69894165011812,random,1.4693583590293873,258.8202953338623,1
7.071769816192458,False,2.458269514323409,False,10.290346428570809,0000007.txt,ob_0000021,True,167.34806961935948,random,5.046836647355447,261.34538650512695,1
5.221044524609235,False,0.19899380775353095,True,10.290346428570809,0000008.txt,ob_0000021,True,179.46726728776017,random,0.062137836591362614,295.4380512237549,1
5.266656655156876,False,1.677650675519974,False,10.290346428570809,0000009.txt,ob_0000021,True,93.0962511344619,random,2.970706902411712,279.9420356750488,1
6.009576654680497,False,0.23212552211443466,True,10.290346428570809,0000010.txt,ob_0000021,True,178.9963950754552,random,0.1367244913141114,305.84049224853516,1
7.452949909696151,False,3.5273358589568136,False,10.290346428570809,0000011.txt,ob_0000021,True,116.36966390513287,random,5.937121128311236,277.0063877105713,1
0.1459782859448617,True,0.12551995086411877,True,10.290346428570809,0000012.txt,ob_0000021,True,1.3052580816080217,random,0.1322402812865868,317.98696517944336,1
3.761831248035276,False,0.22866850975282538,True,10.290346428570809,0000013.txt,ob_0000021,True,92.0854351576883,random,0.2100589501554126,303.45702171325684,1
3.567615267930401,False,0.22886718596748556,True,10.290346428570809,0000014.txt,ob_0000021,True,86.22411526194546,random,0.07481505040453665,291.63646697998047,1
5.143359171124427,False,0.7685042599382057,True,10.290346428570809,0000015.txt,ob_0000021,True,128.25654365899257,random,0.5167581697311153,265.7473087310791,1
6.296088788906512,False,0.2129348239196644,True,10.290346428570809,0000000.txt,ob_0000021,True,179.0131298477529,random,0.1297018175470734,293.55931282043457,3
6.00784810822509,False,0.2102189668838263,True,10.290346428570809,0000001.txt,ob_0000021,True,178.84237193228384,random,0.15916392968106544,269.8698043823242,3
5.836921939485512,False,0.8623081224356464,True,10.290346428570809,0000002.txt,ob_0000021,True,177.10354696707088,random,2.001095887326058,259.65023040771484,3
5.901110419324327,False,0.23961755742741875,True,10.290346428570809,0000003.txt,ob_0000021,True,178.58213999714687,random,0.33619172555524296,273.7383842468262,3
0.18712291083437804,True,0.13284196752723187,True,10.290346428570809,0000004.txt,ob_0000021,True,3.1883475460474373,random,0.09918504357719145,320.2805519104004,3
5.5624801390603995,False,0.7818704680947015,True,10.290346428570809,0000005.txt,ob_0000021,True,176.34418708244226,random,1.4590953435525804,305.88793754577637,3
5.7000397585463976,False,0.9024353335839033,True,10.290346428570809,0000006.txt,ob_0000021,True,175.9955753547431,random,1.6454529527709423,281.6288471221924,3
6.339199128563869,False,0.5066531588947717,True,10.290346428570809,0000007.txt,ob_0000021,True,179.61146871418234,random,0.856213223476583,260.7402801513672,3
6.070511100690243,False,0.20169893440704834,True,10.290346428570809,0000008.txt,ob_0000021,True,179.40848310529984,random,0.08206475929044961,322.6470947265625,3
5.8916774289972835,False,0.14695353066313252,True,10.290346428570809,0000009.txt,ob_0000021,True,179.84383596248983,random,0.12302940635247513,244.1256046295166,3
0.15628466734125604,True,0.12137659326352368,True,10.290346428570809,0000010.txt,ob_0000021,True,2.1020608364360616,random,0.12833133255080797,253.0045509338379,3
3.8182667626485567,False,0.3683183320268339,True,10.290346428570809,0000011.txt,ob_0000021,True,93.4416674398176,random,0.4315475237095642,254.75358963012695,3
6.293112264077743,False,0.20938250749924095,True,10.290346428570809,0000012.txt,ob_0000021,True,179.33180597898263,random,0.06588240420574205,259.36293601989746,3
3.7686872067922415,False,0.2325511682918333,True,10.290346428570809,0000013.txt,ob_0000021,True,92.28493431161648,random,0.22265934856453878,249.27973747253418,3
6.055145570790061,False,0.2298615419197055,True,10.290346428570809,0000014.txt,ob_0000021,True,179.49001277416582,random,0.12917059698619235,244.1868782043457,3
6.059289957461111,False,0.3957244831937684,True,10.290346428570809,0000015.txt,ob_0000021,True,178.90263148794625,random,0.7256600317952686,268.174409866333,3
3.5989741110438502,False,0.2390468815356502,True,10.290346428570809,0000000.txt,ob_0000021,True,87.1065605661666,random,0.15338455657289513,280.87472915649414,5
5.892394865393209,False,0.16459366396947028,True,10.290346428570809,0000001.txt,ob_0000021,True,178.58798881359542,random,0.14040060428389248,251.13224983215332,5
5.2308217065907225,False,0.3010545766730192,True,10.290346428570809,0000002.txt,ob_0000021,True,177.27728464150812,random,0.37616887880921607,244.86041069030762,5
6.30077163364238,False,0.25528942018068573,True,10.290346428570809,0000003.txt,ob_0000021,True,179.34051105245223,random,0.3381917896414607,244.10343170166016,5
5.220906193225596,False,0.22087698395327143,True,10.290346428570809,0000004.txt,ob_0000021,True,177.58889262143316,random,0.10295191302609452,242.6598072052002,5
6.303119689820365,False,0.25924786203936473,True,10.290346428570809,0000005.txt,ob_0000021,True,179.58412127649524,random,0.3307353111120801,264.46080207824707,5
6.303521170523968,False,0.27103103050833444,True,10.290346428570809,0000006.txt,ob_0000021,True,179.0916738432444,random,0.41995588059685124,248.94309043884277,5
0.8332829106931722,True,0.42580595718799596,True,10.290346428570809,0000007.txt,ob_0000021,True,2.5423122368298023,random,0.8280305755628143,239.2880916595459,5
6.007075729709721,False,0.21884514864500762,True,10.290346428570809,0000008.txt,ob_0000021,True,178.7465399166552,random,0.11372946860503085,232.57088661193848,5
6.076190621564549,False,0.20806714519937441,True,10.290346428570809,0000009.txt,ob_0000021,True,179.8998603868136,random,0.08061439407030165,267.3757076263428,5
6.068203372824675,False,0.2172013841656683,True,10.290346428570809,0000010.txt,ob_0000021,True,179.0364682600628,random,0.1365637821405418,248.15940856933594,5
5.906466255428554,False,0.2582549047788996,True,10.290346428570809,0000011.txt,ob_0000021,True,179.74015906247718,random,0.44965817741609465,244.0817356109619,5
0.15003481702578883,True,0.12799264851546,True,10.290346428570809,0000012.txt,ob_0000021,True,1.3227495371386027,random,0.13698459792493878,242.76161193847656,5
6.01836311334996,False,0.23290803239618893,True,10.290346428570809,0000013.txt,ob_0000021,True,179.29699326694578,random,0.2591133815173308,290.59362411499023,5
6.016439554221808,False,0.2069206066025853,True,10.290346428570809,0000014.txt,ob_0000021,True,179.29747917326654,random,0.09485218016725791,240.71431159973145,5
5.668640677769116,False,0.7771353489969965,True,10.290346428570809,0000015.txt,ob_0000021,True,172.56320389138008,random,0.6109235030798644,243.5164451599121,5
3.5986122257926163,False,0.23929327632802397,True,10.290346428570809,0000000.txt,ob_0000021,True,87.09502093220127,random,0.1542154477402616,318.6321258544922,10
5.892939778279038,False,0.16654288502763515,True,10.290346428570809,0000001.txt,ob_0000021,True,178.88754840132532,random,0.15067748646315682,327.4071216583252,10
5.896084175498654,False,0.20497198576840317,True,10.290346428570809,0000002.txt,ob_0000021,True,177.64520286559133,random,0.3643585112554461,301.97644233703613,10
6.300786406366296,False,0.2583694402549881,True,10.290346428570809,0000003.txt,ob_0000021,True,179.10298864444144,random,0.34291251834212266,328.08566093444824,10
0.18922388134685508,True,0.1337172874713724,True,10.290346428570809,0000004.txt,ob_0000021,True,3.205324109519103,random,0.10195452236516289,335.9546661376953,10
6.037505072811408,False,0.2870962519439107,True,10.290346428570809,0000005.txt,ob_0000021,True,179.44476187367934,random,0.4209773325994209,336.1215591430664,10
6.303250983362102,False,0.26876696421892265,True,10.290346428570809,0000006.txt,ob_0000021,True,179.10804400166086,random,0.4139467740463988,307.09004402160645,10
5.285594355792018,False,0.5304236715766253,True,10.290346428570809,0000007.txt,ob_0000021,True,179.11355562158167,random,0.9575687013555335,309.43894386291504,10
3.742221037657128,False,0.20800898249596608,True,10.290346428570809,0000008.txt,ob_0000021,True,91.57303468991236,random,0.08341648802870809,334.6285820007324,10
5.2212635093688515,False,0.19723552539433817,True,10.290346428570809,0000009.txt,ob_0000021,True,179.60789308470896,random,0.11638878056574868,308.5489273071289,10
0.15827775085790918,True,0.12355280953437087,True,10.290346428570809,0000010.txt,ob_0000021,True,1.9688367734176786,random,0.13218259607382632,310.4696273803711,10
0.5065341543764659,True,0.26336131671579105,True,10.290346428570809,0000011.txt,ob_0000021,True,1.1399724851241233,random,0.5039107031951248,315.0675296783447,10
3.700697557556193,False,0.21540928484800828,True,10.290346428570809,0000012.txt,ob_0000021,True,90.23741287695614,random,0.15575782691114956,303.56621742248535,10
3.770805758164409,False,0.23296217180811368,True,10.290346428570809,0000013.txt,ob_0000021,True,92.3478624267662,random,0.22333583341711186,314.7754669189453,10
6.055741225610257,False,0.2289006318017638,True,10.290346428570809,0000014.txt,ob_0000021,True,179.69725853284973,random,0.1237119137952784,324.48720932006836,10
6.3298363781530655,False,0.3444046913594216,True,10.290346428570809,0000015.txt,ob_0000021,True,178.80120547209071,random,0.6214865123360022,332.43632316589355,10
6.067338803844335,False,0.2212735310668388,True,10.290346428570809,0000000.txt,ob_0000021,True,178.54175341717885,random,0.10269542199751326,467.82922744750977,20
5.892484735382371,False,0.16435318266814994,True,10.290346428570809,0000001.txt,ob_0000021,True,178.68784659674074,random,0.14110011846413856,455.6610584259033,20
5.896032840368312,False,0.19844032510807877,True,10.290346428570809,0000002.txt,ob_0000021,True,178.07138319838123,random,0.34944947644469887,456.5262794494629,20
0.2886320056520777,True,0.20612443043870896,True,10.290346428570809,0000003.txt,ob_0000021,True,1.8089506651700809,random,0.280070499877592,457.6148986816406,20
5.220888787281674,False,0.221189833741922,True,10.290346428570809,0000004.txt,ob_0000021,True,177.58456747817806,random,0.10233364620526887,486.8044853210449,20
5.225736616434628,False,0.2722739386699634,True,10.290346428570809,0000005.txt,ob_0000021,True,174.82216148455646,random,0.39605726691111875,485.6076240539551,20
6.3033750813115255,False,0.2697258398901836,True,10.290346428570809,0000006.txt,ob_0000021,True,179.12865682571208,random,0.4165213838334885,449.41210746765137,20
5.932377342405696,False,0.42876389421185057,True,10.290346428570809,0000007.txt,ob_0000021,True,177.2600668746576,random,0.8410413010763581,481.9614887237549,20
5.89126495659599,False,0.14192700269940098,True,10.290346428570809,0000008.txt,ob_0000021,True,179.03045663286434,random,0.08169055369603546,467.7872657775879,20
0.066092733572045,True,0.06437163437874195,True,10.290346428570809,0000009.txt,ob_0000021,True,1.1802548185300554,random,0.044293949077231186,495.53513526916504,20
3.62540872793179,False,0.22124057909662667,True,10.290346428570809,0000010.txt,ob_0000021,True,87.86465195130718,random,0.12748045956553578,486.21344566345215,20
0.5059948133089004,True,0.2630177082600942,True,10.290346428570809,0000011.txt,ob_0000021,True,1.1440136989923122,random,0.5034606498253665,472.3317623138428,20
0.1527296631921387,True,0.12930132611789963,True,10.290346428570809,0000012.txt,ob_0000021,True,1.3721621699025286,random,0.1387782016816769,451.6289234161377,20
6.064934446118387,False,0.25066280007509667,True,10.290346428570809,0000013.txt,ob_0000021,True,178.426090063688,random,0.21628635687925096,473.970890045166,20
5.217478796161659,False,0.23020560479767477,True,10.290346428570809,0000014.txt,ob_0000021,True,176.72782360250326,random,0.10206013318152325,458.65893363952637,20
3.6011057252357883,False,0.4345138497191345,True,10.290346428570809,0000015.txt,ob_0000021,True,86.61810961352694,random,0.6189750095919502,466.7174816131592,20
3.596845261114117,False,0.23786370562834397,True,10.290346428570809,0000000.txt,ob_0000021,True,87.06000978665848,random,0.1456163823666955,1002.7012825012207,50
5.89249320601391,False,0.16423768194024604,True,10.290346428570809,0000001.txt,ob_0000021,True,178.6988440340249,random,0.14113109939769042,968.1820869445801,50
0.36254615889767033,True,0.21959746417992174,True,10.290346428570809,0000002.txt,ob_0000021,True,2.4635235974066956,random,0.34161310361564445,978.3031940460205,50
0.2885958426699446,True,0.20508162043941566,True,10.290346428570809,0000003.txt,ob_0000021,True,1.934387884712693,random,0.27873284957743744,993.7946796417236,50
5.220867558690923,False,0.22092377390843027,True,10.290346428570809,0000004.txt,ob_0000021,True,177.58490955156404,random,0.10146092775169249,992.4237728118896,50
5.23404774293279,False,0.2888395337042271,True,10.290346428570809,0000005.txt,ob_0000021,True,177.43764046698783,random,0.451028236094074,998.6512660980225,50
5.236964144414625,False,0.2628411270676647,True,10.290346428570809,0000006.txt,ob_0000021,True,178.87891937489744,random,0.3991914545777467,1015.4898166656494,50
0.8334473236305531,True,0.4258597010904741,True,10.290346428570809,0000007.txt,ob_0000021,True,2.543150501637151,random,0.8281893355736902,1007.5695514678955,50
5.891372358339322,False,0.14248553781820456,True,10.290346428570809,0000008.txt,ob_0000021,True,179.15251726047316,random,0.08624474424768987,1030.1315784454346,50
0.06636827152522969,True,0.06461620921817707,True,10.290346428570809,0000009.txt,ob_0000021,True,1.1919644885379816,random,0.04413612993735897,1001.9991397857666,50
0.15663885446256262,True,0.12293530714587912,True,10.290346428570809,0000010.txt,ob_0000021,True,1.9851284719149775,random,0.1307191221887415,1033.0629348754883,50
0.5059950012536352,True,0.263017784209446,True,10.290346428570809,0000011.txt,ob_0000021,True,1.144092290678297,random,0.5034606498253665,1044.0270900726318,50
0.15388535537032003,True,0.1302693404390106,True,10.290346428570809,0000012.txt,ob_0000021,True,1.3545560138033348,random,0.14021086195686688,1025.2938270568848,50
6.064798147268896,False,0.2516996829712549,True,10.290346428570809,0000013.txt,ob_0000021,True,178.40144030499675,random,0.2188549805948468,1007.7083110809326,50
6.293952915376444,False,0.22240874978472122,True,10.290346428570809,0000014.txt,ob_0000021,True,178.5100187809308,random,0.06500942821252534,1016.8042182922363,50
3.6013561062108983,False,0.43601021385030775,True,10.290346428570809,0000015.txt,ob_0000021,True,86.62078026002499,random,0.6218433647286392,1026.1919498443604,50
6.018758401001666,False,0.21470884826482675,True,10.290346428570809,0000000.txt,ob_0000021,True,179.2386854680613,farthest,0.15882538049667258,397.4487781524658,1
5.135038169651496,False,0.8040643672102357,True,10.290346428570809,0000001.txt,ob_0000021,True,127.70399522559836,farthest,0.8565301009047763,344.6202278137207,1
5.3938958355358695,False,0.7255855228777456,True,10.290346428570809,0000002.txt,ob_0000021,True,176.49844261165,farthest,0.2882396614192415,245.45025825500488,1
5.286286561694873,False,0.9778606978911926,True,10.290346428570809,0000003.txt,ob_0000021,True,123.29603698962039,farthest,2.1640669996697883,237.55431175231934,1
6.293083878481251,False,0.21192201120760562,True,10.290346428570809,0000004.txt,ob_0000021,True,178.437595765777,farthest,0.09712058433939856,264.0337944030762,1
5.671144332937896,False,0.8463504720906077,True,10.290346428570809,0000005.txt,ob_0000021,True,173.3072551666803,farthest,1.6422225098735668,258.73637199401855,1
5.609072231892948,False,0.9754229037876521,True,10.290346428570809,0000006.txt,ob_0000021,True,179.26227801025723,farthest,1.4814645256281254,248.42381477355957,1
5.633563650270109,False,2.2735792256616105,False,10.290346428570809,0000007.txt,ob_0000021,True,87.38534966273828,farthest,4.3635174855336665,244.4460391998291,1
4.97843441044104,False,0.6395414803512317,True,10.290346428570809,0000008.txt,ob_0000021,True,120.12440278529647,farthest,0.5529702068358454,235.63480377197266,1
5.46955214592196,False,0.7950387402816006,True,10.290346428570809,0000009.txt,ob_0000021,True,179.18255484900095,farthest,0.9958432177844019,309.10468101501465,1
6.067634759167367,False,0.21553819077825756,True,10.290346428570809,0000010.txt,ob_0000021,True,178.92100927164387,farthest,0.12367206214423461,251.32131576538086,1
3.6677831746570875,False,0.3062100943236602,True,10.290346428570809,0000011.txt,ob_0000021,True,88.39734045453339,farthest,0.4497650989019448,240.69714546203613,1
6.0662942190273155,False,0.22679524682261468,True,10.290346428570809,0000012.txt,ob_0000021,True,177.92119924370428,farthest,0.12872304307751797,252.93684005737305,1
4.9946843574240996,False,0.731974784695771,True,10.290346428570809,0000013.txt,ob_0000021,True,118.88516187440675,farthest,1.3428680459064224,305.0704002380371,1
4.128335043971517,False,0.7350423997454112,True,10.290346428570809,0000014.txt,ob_0000021,True,79.75794126983655,farthest,1.2095935952446826,281.1872959136963,1
4.6101628787511135,False,0.957604685452151,True,10.290346428570809,0000015.txt,ob_0000021,True,90.00014948534684,farthest,1.3617348084255259,244.858980178833,1
6.067941446768906,False,0.22049797087115044,True,10.290346428570809,0000000.txt,ob_0000021,True,178.61909921241923,farthest,0.10199721229400696,352.4439334869385,3
4.668298948523176,False,0.8728407573446242,True,10.290346428570809,0000001.txt,ob_0000021,True,107.1925028045699,farthest,1.4511537959655403,263.6566162109375,3
4.49791941409306,False,0.904688825015499,True,10.290346428570809,0000002.txt,ob_0000021,True,88.72566084323127,farthest,1.3235893194815103,238.58308792114258,3
5.305866710688347,False,0.9854904264179789,True,10.290346428570809,0000003.txt,ob_0000021,True,123.82440362726636,farthest,2.1881698346665823,253.33833694458008,3
5.220890363380732,False,0.2212367821336051,True,10.290346428570809,0000004.txt,ob_0000021,True,177.56677432048775,farthest,0.10274310037680673,274.77145195007324,3
4.459464841423479,False,0.7029437665320301,True,10.290346428570809,0000005.txt,ob_0000021,True,86.9175123507687,farthest,1.3616496192791514,256.78277015686035,3
4.778610433240369,False,0.9568509769130664,True,10.290346428570809,0000006.txt,ob_0000021,True,94.42776260669642,farthest,1.5628691030941007,250.65159797668457,3
5.558203327323315,False,2.191876759526565,False,10.290346428570809,0000007.txt,ob_0000021,True,88.3452630762517,farthest,4.221001586967504,258.7156295776367,3
4.83342831229351,False,0.6407467327034561,True,10.290346428570809,0000008.txt,ob_0000021,True,117.35250685302111,farthest,0.6740019933066588,264.26196098327637,3
4.647018190069104,False,0.7993402944675784,True,10.290346428570809,0000009.txt,ob_0000021,True,93.05224736970624,farthest,1.064728797715987,255.90157508850098,3
6.0093654633090585,False,0.2404600962711153,True,10.290346428570809,0000010.txt,ob_0000021,True,178.96741190391919,farthest,0.15075487162441908,257.69853591918945,3
6.085853389292318,False,0.3148871914397902,True,10.290346428570809,0000011.txt,ob_0000021,True,179.85328679791795,farthest,0.4813660260617724,251.78074836730957,3
6.293472210795917,False,0.2066704159992575,True,10.290346428570809,0000012.txt,ob_0000021,True,179.6137867725,farthest,0.06496836867099146,245.81074714660645,3
5.032113647882581,False,0.7114331868860463,True,10.290346428570809,0000013.txt,ob_0000021,True,119.91046317391576,farthest,1.469026400365339,278.6908149719238,3
5.465730439779533,False,1.0363457038276636,False,10.290346428570809,0000014.txt,ob_0000021,True,120.19103312484191,farthest,2.4226145850866634,266.5247917175293,3
5.596964500444811,False,0.9847763272243907,True,10.290346428570809,0000015.txt,ob_0000021,True,177.96123908378058,farthest,1.4902930553659215,276.9756317138672,3
3.5983766405851236,False,0.23956086488325962,True,10.290346428570809,0000000.txt,ob_0000021,True,87.10468273513403,farthest,0.14898288651395877,368.1964874267578,5
4.685468532908113,False,0.880621209980112,True,10.290346428570809,0000001.txt,ob_0000021,True,107.51288761326637,farthest,1.4834042617516674,269.9589729309082,5
5.7566891348602365,False,0.784407028349061,True,10.290346428570809,0000002.txt,ob_0000021,True,178.1437804054158,farthest,1.0394034031167902,256.6993236541748,5
5.297231217897731,False,0.9811200422928416,True,10.290346428570809,0000003.txt,ob_0000021,True,123.63518169939888,farthest,2.174287537843445,250.74219703674316,5
5.890210791384937,False,0.1672069893130692,True,10.290346428570809,0000004.txt,ob_0000021,True,177.34093736758038,farthest,0.17283293641233685,255.0210952758789,5
4.430328214478372,False,0.7111483042743678,True,10.290346428570809,0000005.txt,ob_0000021,True,86.0570554915703,farthest,1.3779633004412555,246.89245223999023,5
4.887814227378173,False,0.9070113291381351,True,10.290346428570809,0000006.txt,ob_0000021,True,117.19796706738208,farthest,1.2274447705592513,321.17748260498047,5
6.466841702281423,False,1.5698262169446024,False,10.290346428570809,0000007.txt,ob_0000021,True,144.51604367078002,farthest,3.204645535387049,310.46175956726074,5
0.11303198774289798,True,0.09912342776389094,True,10.290346428570809,0000008.txt,ob_0000021,True,1.4470746238058105,farthest,0.0891616866565572,280.7025909423828,5
4.640904947605539,False,0.799255600412858,True,10.290346428570809,0000009.txt,ob_0000021,True,92.83096665872037,farthest,1.0823354225297728,251.5709400177002,5
6.009415712873935,False,0.2410370199849553,True,10.290346428570809,0000010.txt,ob_0000021,True,178.9764105381692,farthest,0.15224400937709245,246.0651397705078,5
6.085844009361247,False,0.3150084588220619,True,10.290346428570809,0000011.txt,ob_0000021,True,179.83115900470025,farthest,0.4814758804335853,283.2465171813965,5
6.293487907540025,False,0.20627491102727102,True,10.290346428570809,0000012.txt,ob_0000021,True,179.60718642351577,farthest,0.06574513659816003,252.72369384765625,5
6.296019035123726,False,0.2223770731566931,True,10.290346428570809,0000013.txt,ob_0000021,True,179.16095814335728,farthest,0.18610067741983607,271.9740867614746,5
5.38584102547924,False,0.9993946710248619,True,10.290346428570809,0000014.txt,ob_0000021,True,120.66562623333937,farthest,2.3264578702414616,255.5861473083496,5
5.595424115095645,False,0.9955240002167052,True,10.290346428570809,0000015.txt,ob_0000021,True,179.06078166020512,farthest,1.5144074281912527,240.91696739196777,5
3.5983766405851236,False,0.23956086488325962,True,10.290346428570809,0000000.txt,ob_0000021,True,87.10468273513403,farthest,0.14898288651395877,397.02892303466797,10
3.6695299687607528,False,0.21120609140352725,True,10.290346428570809,0000001.txt,ob_0000021,True,89.22608875882861,farthest,0.13143957321415586,352.66733169555664,10
6.019562835808849,False,0.26227009075539215,True,10.290346428570809,0000002.txt,ob_0000021,True,178.46191521352367,farthest,0.3548695669464733,343.14584732055664,10
5.297231217897731,False,0.9811200422928416,True,10.290346428570809,0000003.txt,ob_0000021,True,123.63518169939888,farthest,2.174287537843445,338.5186195373535,10
5.220890709918745,False,0.22122841367743906,True,10.290346428570809,0000004.txt,ob_0000021,True,177.56927209829593,farthest,0.10264190568289773,332.37481117248535,10
4.430328214478372,False,0.7111483042743678,True,10.290346428570809,0000005.txt,ob_0000021,True,86.0570554915703,farthest,1.3779633004412555,309.83662605285645,10
6.0250785920386685,False,0.28472601099115363,True,10.290346428570809,0000006.txt,ob_0000021,True,178.7958041084617,farthest,0.4367000707529555,319.6697235107422,10
6.338842436457097,False,0.5055357035232696,True,10.290346428570809,0000007.txt,ob_0000021,True,179.5292024062379,farthest,0.8536254140374977,339.2784595489502,10
5.891263454594879,False,0.1418783038728817,True,10.290346428570809,0000008.txt,ob_0000021,True,179.0342078442349,farthest,0.08128132737175,334.7454071044922,10
3.6893401340603407,False,0.2034656456331664,True,10.290346428570809,0000009.txt,ob_0000021,True,89.87192363884327,farthest,0.11543558626171387,340.7483100891113,10
6.009415712873935,False,0.2410370199849553,True,10.290346428570809,0000010.txt,ob_0000021,True,178.9764105381692,farthest,0.15224400937709245,336.66181564331055,10
6.085844009361247,False,0.3150084588220619,True,10.290346428570809,0000011.txt,ob_0000021,True,179.83115900470025,farthest,0.4814758804335853,314.42999839782715,10
6.293487907540025,False,0.20627491102727102,True,10.290346428570809,0000012.txt,ob_0000021,True,179.60718642351577,farthest,0.06574513659816003,333.19664001464844,10
0.19851498123705877,True,0.14530008882741233,True,10.290346428570809,0000013.txt,ob_0000021,True,2.540988178493184,farthest,0.17388008725121581,356.57405853271484,10
3.5732114198990956,False,0.2297720864310939,True,10.290346428570809,0000014.txt,ob_0000021,True,86.3897155346907,farthest,0.08510560888029924,328.63306999206543,10
3.600850701868762,False,0.4344833468258822,True,10.290346428570809,0000015.txt,ob_0000021,True,86.61222980169666,farthest,0.6185559891046559,324.352502822876,10
3.5993834388546095,False,0.2392272930131499,True,10.290346428570809,0000000.txt,ob_0000021,True,87.13401672337075,farthest,0.14982402567275088,559.9489212036133,20
3.6694955181506854,False,0.21137268587550764,True,10.290346428570809,0000001.txt,ob_0000021,True,89.22434981168772,farthest,0.13219679373923357,477.74243354797363,20
0.3746758733249074,True,0.22543537902852212,True,10.290346428570809,0000002.txt,ob_0000021,True,2.552902350951405,farthest,0.3532317111765633,464.9055004119873,20
0.28418277562664385,True,0.20405712049176022,True,10.290346428570809,0000003.txt,ob_0000021,True,1.7657714179745836,farthest,0.2758165205440989,474.9407768249512,20
5.220891541856053,False,0.2212688564863039,True,10.290346428570809,0000004.txt,ob_0000021,True,177.56729490179802,farthest,0.10266658139803236,465.0766849517822,20
5.229602576525465,False,0.28835851357822373,True,10.290346428570809,0000005.txt,ob_0000021,True,175.14859626904507,farthest,0.45190817766600094,460.18362045288086,20
5.90768839126225,False,0.27386633834890506,True,10.290346428570809,0000006.txt,ob_0000021,True,179.2953955704844,farthest,0.4442928081808372,453.5326957702637,20
0.8325166133113747,True,0.42541921458177584,True,10.290346428570809,0000007.txt,ob_0000021,True,2.546430266192208,farthest,0.8272245007654386,473.32310676574707,20
5.89126495659599,False,0.14192700269940098,True,10.290346428570809,0000008.txt,ob_0000021,True,179.03045663286434,farthest,0.08169055369603546,452.41451263427734,20
5.891711255259901,False,0.14751432473695522,True,10.290346428570809,0000009.txt,ob_0000021,True,179.74816007456732,farthest,0.12670577717864911,458.76502990722656,20
0.15752707098048124,True,0.12382121779480244,True,10.290346428570809,0000010.txt,ob_0000021,True,1.960435868642534,farthest,0.13190651398816244,470.12972831726074,20
6.3123969843276395,False,0.30220021996702523,True,10.290346428570809,0000011.txt,ob_0000021,True,179.49692233846724,farthest,0.5069428562558064,482.4814796447754,20
6.011295451345628,False,0.21251798680879003,True,10.290346428570809,0000012.txt,ob_0000021,True,179.81174652487982,farthest,0.10205124231855456,467.15450286865234,20
0.19993225857790836,True,0.14595777740322377,True,10.290346428570809,0000013.txt,ob_0000021,True,2.579691920485703,farthest,0.17509400236417255,468.7175750732422,20
6.294024682181323,False,0.22086651241707564,True,10.290346428570809,0000014.txt,ob_0000021,True,178.62390483225875,farthest,0.06544601392281243,464.5090103149414,20
3.6006666043398283,False,0.43449829722780314,True,10.290346428570809,0000015.txt,ob_0000021,True,86.60658720408526,farthest,0.6185785708942803,477.5829315185547,20
3.5993834388546095,False,0.2392272930131499,True,10.290346428570809,0000000.txt,ob_0000021,True,87.13401672337075,farthest,0.14982402567275088,963.7563228607178,50
0.12803274016879823,True,0.11576756951164455,True,10.290346428570809,0000001.txt,ob_0000021,True,1.208937162578852,farthest,0.11364960591409515,961.5142345428467,50
0.37479326235294974,True,0.22547889124191364,True,10.290346428570809,0000002.txt,ob_0000021,True,2.5541060522178176,farthest,0.353340829997533,959.3925476074219,50
0.2895024787284683,True,0.20569742213733827,True,10.290346428570809,0000003.txt,ob_0000021,True,1.9097477722414644,farthest,0.28014344382802486,983.2677841186523,50
6.064746724612359,False,0.22506905808435995,True,10.290346428570809,0000004.txt,ob_0000021,True,177.5200007679223,farthest,0.15546809252756086,972.8224277496338,50
0.2718631566781191,True,0.18082667319386153,True,10.290346428570809,0000005.txt,ob_0000021,True,4.513401225297258,farthest,0.21152483454406848,978.2915115356445,50
5.239575366676079,False,0.2753507973871994,True,10.290346428570809,0000006.txt,ob_0000021,True,179.28283772558652,farthest,0.4306698774905843,1013.7271881103516,50
0.8324962513963247,True,0.42540535276532543,True,10.290346428570809,0000007.txt,ob_0000021,True,2.5455259057215867,farthest,0.8272100629523086,1025.944471359253,50
5.891265112037869,False,0.1419350133197403,True,10.290346428570809,0000008.txt,ob_0000021,True,179.02925137295063,farthest,0.08172375735049149,998.8477230072021,50
0.06611256005080311,True,0.0643891507315285,True,10.290346428570809,0000009.txt,ob_0000021,True,1.180336892757282,farthest,0.044328523759252024,981.896162033081,50
0.15555067539961326,True,0.1221604357219319,True,10.290346428570809,0000010.txt,ob_0000021,True,1.9286288452600193,farthest,0.13227832486321395,999.1462230682373,50
0.5077202131505119,True,0.26370078259555074,True,10.290346428570809,0000011.txt,ob_0000021,True,1.1598536612252386,farthest,0.5050399793685285,999.3264675140381,50
0.15272958339176632,True,0.12930127078561277,True,10.290346428570809,0000012.txt,ob_0000021,True,1.3720646360985893,farthest,0.1387782016816769,1007.9519748687744,50
6.064857165919024,False,0.2510049883470296,True,10.290346428570809,0000013.txt,ob_0000021,True,178.42917287189474,farthest,0.21709151820017572,996.0768222808838,50
5.890087161456227,False,0.17514095432222132,True,10.290346428570809,0000014.txt,ob_0000021,True,179.0766600120527,farthest,0.1202103683969282,986.4315986633301,50
5.912667946499454,False,0.31111689898398975,True,10.290346428570809,0000015.txt,ob_0000021,True,178.2909590183777,farthest,0.6628689366104623,977.853536605835,50
